orf_id	ensembl_gene_id	ensembl_gene_id_version	ensembl_protein_id
1	ENSG00000143933	20	ENSP00000272298.7
9	ENSG00000065029	15	ENSP00000363064.3
17	ENSG00000139644	13	ENSP00000267115.5
25	ENSG00000109062	12	ENSP00000262613.5
36	ENSG00000153048	11	ENSP00000311847.4
65	ENSG00000111057	11	ENSP00000373487.3
66	ENSG00000205571	14	ENSP00000486152.1
69	ENSG00000026025	16	ENSP00000446007.1
93	ENSG00000256235	3	ENSP00000436897.1
100	ENSG00000166946	14	ENSP00000300213.4
115	ENSG00000171680	23	ENSP00000366954.1
117	ENSG00000171302	17	ENSP00000376241.4
122	ENSG00000170310	15	ENSP00000305255.2
124	ENSG00000172315	6	ENSP00000361186.3
135	ENSG00000196072	12	ENSP00000410865.1
137	ENSG00000099940	12	ENSP00000215730.6
138	ENSG00000172936	17	ENSP00000498360.2
143	ENSG00000106462	12	ENSP00000320147.2
145	ENSG00000150787	8	ENSP00000280362.3
147	ENSG00000073008	15	ENSP00000402060.2
150	ENSG00000119318	13	ENSP00000350708.3
152	ENSG00000204713	11	ENSP00000366404.3
154	ENSG00000204859	13	ENSP00000366902.4
155	ENSG00000136270	14	ENSP00000258770.3
156	ENSG00000197223	12	ENSP00000386468.3
172	ENSG00000090061	17	ENSP00000452307.1
190	ENSG00000133884	11	ENSP00000436901.1
193	ENSG00000140382	15	ENSP00000336856.4
199	ENSG00000102362	16	ENSP00000362080.1
201	ENSG00000214717	12	ENSP00000498725.1
208	ENSG00000113369	9	ENSP00000265138.3
209	ENSG00000104147	9	ENSP00000220514.3
231	ENSG00000132341	12	ENSP00000446215.1
232	ENSG00000132475	10	ENSP00000254810.3
244	ENSG00000079999	14	ENSP00000171111.4
252	ENSG00000175213	3	ENSP00000309606.2
253	ENSG00000149925	22	ENSP00000455800.2
268	ENSG00000116761	12	ENSP00000359976.3
275	ENSG00000146826	17	ENSP00000324741.3
277	ENSG00000151445	16	ENSP00000452191.1
279	ENSG00000136436	15	ENSP00000258947.3
281	ENSG00000110921	14	ENSP00000228510.3
282	ENSG00000015479	20	ENSP00000378284.3
300	ENSG00000213930	12	ENSP00000368119.4
326	ENSG00000198373	13	ENSP00000352069.2
329	ENSG00000184056	15	ENSP00000327650.4
333	ENSG00000121931	16	ENSP00000358778.4
343	ENSG00000106305	10	ENSP00000223029.3
349	ENSG00000139291	14	ENSP00000266673.5
359	ENSG00000160200	18	ENSP00000381231.4
361	ENSG00000155324	10	ENSP00000285689.3
369	ENSG00000149131	17	ENSP00000278407.4
371	ENSG00000172757	13	ENSP00000309629.5
386	ENSG00000147465	12	ENSP00000276449.3
392	ENSG00000198561	16	ENSP00000433158.1
399	ENSG00000070831	18	ENSP00000499457.1
428	ENSG00000167526	14	ENSP00000307889.5
439	ENSG00000212864	4	ENSP00000376572.1
442	ENSG00000129084	18	ENSP00000379676.2
445	ENSG00000101882	10	ENSP00000360464.3
455	ENSG00000116584	22	ENSP00000315325.7
467	ENSG00000103154	10	ENSP00000457354.1
482	ENSG00000141527	19	ENSP00000461806.1
487	ENSG00000203896	10	ENSP00000309521.3
489	ENSG00000115750	17	ENSP00000263663.4
501	ENSG00000265241	8	ENSP00000463058.2
504	ENSG00000165474	8	ENSP00000372299.4
510	ENSG00000169372	13	ENSP00000327647.3
513	ENSG00000103089	9	ENSP00000219368.3
525	ENSG00000196150	14	ENSP00000393442.2
549	ENSG00000106541	12	ENSP00000391490.2
563	ENSG00000116991	12	ENSP00000309102.4
573	ENSG00000095066	12	ENSP00000264827.4
575	ENSG00000038002	9	ENSP00000264595.2
580	ENSG00000079950	14	ENSP00000356918.1
581	ENSG00000147676	14	ENSP00000479708.1
604	ENSG00000125968	9	ENSP00000365280.3
613	ENSG00000179950	15	ENSP00000402953.2
617	ENSG00000182199	11	ENSP00000333667.3
622	ENSG00000108561	8	ENSP00000225698.4
623	ENSG00000168476	12	ENSP00000303482.3
636	ENSG00000225950	9	ENSP00000469455.1
660	ENSG00000092203	15	ENSP00000393080.3
675	ENSG00000091844	8	ENSP00000206262.1
676	ENSG00000075420	13	ENSP00000408496.1
678	ENSG00000164283	13	ENSP00000370812.4
699	ENSG00000135069	14	ENSP00000365773.3
724	ENSG00000140264	22	ENSP00000339647.5
727	ENSG00000132768	14	ENSP00000255108.3
730	ENSG00000115756	13	ENSP00000310749.3
732	ENSG00000132155	14	ENSP00000251849.4
740	ENSG00000120149	9	ENSP00000239243.5
747	ENSG00000153574	9	ENSP00000283646.3
753	ENSG00000121864	10	ENSP00000417740.1
778	ENSG00000025800	14	ENSP00000362728.3
784	ENSG00000160062	15	ENSP00000362609.3
787	ENSG00000165209	19	ENSP00000321347.7
789	ENSG00000139926	16	ENSP00000348550.4
798	ENSG00000034693	15	ENSP00000356563.4
801	ENSG00000170027	7	ENSP00000306330.3
813	ENSG00000183258	12	ENSP00000330349.8
817	ENSG00000114200	10	ENSP00000264381.3
820	ENSG00000062725	10	ENSP00000083182.3
824	ENSG00000106511	6	ENSP00000262041.5
835	ENSG00000114054	14	ENSP00000251654.4
842	ENSG00000102010	15	ENSP00000308774.6
843	ENSG00000118600	13	ENSP00000261234.6
856	ENSG00000176896	9	ENSP00000512421.1
861	ENSG00000143815	15	ENSP00000272163.4
869	ENSG00000166091	21	ENSP00000352270.3
876	ENSG00000112763	17	ENSP00000416945.1
879	ENSG00000151224	13	ENSP00000361287.3
888	ENSG00000175198	17	ENSP00000365462.1
891	ENSG00000112081	17	ENSP00000362820.5
918	ENSG00000101997	13	ENSP00000365401.3
925	ENSG00000114978	18	ENSP00000379364.3
931	ENSG00000086475	15	ENSP00000367893.3
946	ENSG00000143753	13	ENSP00000316476.4
954	ENSG00000174851	16	ENSP00000366098.4
955	ENSG00000075624	17	ENSP00000494750.1
956	ENSG00000168958	21	ENSP00000304134.9
957	ENSG00000178078	12	ENSP00000471052.1
961	ENSG00000165630	15	ENSP00000367835.3
968	ENSG00000135069	14	ENSP00000365773.3
978	ENSG00000268606	6	ENSP00000507899.1
989	ENSG00000129245	13	ENSP00000250113.7
991	ENSG00000236104	3	ENSP00000407545.2
996	ENSG00000134684	13	ENSP00000362576.4
998	ENSG00000133818	14	ENSP00000256196.4
1012	ENSG00000135932	12	ENSP00000258418.5
1037	ENSG00000102977	18	ENSP00000478084.1
1039	ENSG00000188295	15	ENSP00000342818.6
1052	ENSG00000011590	14	ENSP00000433657.1
1063	ENSG00000205571	14	ENSP00000370119.4
1069	ENSG00000104783	15	ENSP00000496939.1
1074	ENSG00000080561	14	ENSP00000413976.2
1081	ENSG00000175387	16	ENSP00000262160.6
1097	ENSG00000072778	20	ENSP00000349297.5
1107	ENSG00000203667	10	ENSP00000406327.2
1136	ENSG00000135363	12	ENSP00000379175.3
1142	ENSG00000152661	9	ENSP00000282561.3
1155	ENSG00000128683	14	ENSP00000350928.3
1161	ENSG00000114279	15	ENSP00000393686.1
1172	ENSG00000172568	5	ENSP00000310594.4
1184	ENSG00000048540	16	ENSP00000440099.1
1187	ENSG00000125629	16	ENSP00000245787.4
1190	ENSG00000101624	11	ENSP00000262127.2
1194	ENSG00000163630	11	ENSP00000295894.5
1198	ENSG00000125735	11	ENSP00000502837.1
1214	ENSG00000180332	7	ENSP00000368402.1
1227	ENSG00000113595	15	ENSP00000231524.9
1230	ENSG00000122958	15	ENSP00000263559.6
1231	ENSG00000240583	14	ENSP00000311165.4
1235	ENSG00000116983	13	ENSP00000361935.3
1256	ENSG00000146021	15	ENSP00000312397.4
1270	ENSG00000118733	17	ENSP00000359121.5
1275	ENSG00000167487	12	ENSP00000300976.3
1284	ENSG00000150787	8	ENSP00000280362.3
1295	ENSG00000159374	18	ENSP00000414882.2
1317	ENSG00000101349	17	ENSP00000322957.5
1326	ENSG00000117335	21	ENSP00000346912.1
1328	ENSG00000164707	16	ENSP00000297282.5
1391	ENSG00000162814	11	ENSP00000355900.4
1414	ENSG00000137098	14	ENSP00000340982.2
1446	ENSG00000163206	6	ENSP00000357754.3
1454	ENSG00000168763	16	ENSP00000305449.3
1485	ENSG00000140009	19	ENSP00000345616.6
1496	ENSG00000143702	16	ENSP00000430142.1
1527	ENSG00000188386	8	ENSP00000363939.2
1557	ENSG00000155304	6	ENSP00000285667.3
1565	ENSG00000104863	12	ENSP00000221459.2
1579	ENSG00000163060	8	ENSP00000295201.4
1586	ENSG00000075945	13	ENSP00000354560.2
1596	ENSG00000114107	9	ENSP00000264982.3
1598	ENSG00000136143	16	ENSP00000494360.1
1601	ENSG00000145715	15	ENSP00000274376.6
1611	ENSG00000174015	10	ENSP00000368249.3
1617	ENSG00000165120	5	ENSP00000297819.3
1639	ENSG00000152193	8	ENSP00000282003.6
1640	ENSG00000136631	16	ENSP00000495563.1
1668	ENSG00000131931	8	ENSP00000254250.3
1684	ENSG00000171311	13	ENSP00000359939.3
1697	ENSG00000115841	21	ENSP00000346549.3
1734	ENSG00000166579	16	ENSP00000333982.7
1736	ENSG00000154065	17	ENSP00000468354.1
1769	ENSG00000175294	6	ENSP00000309052.5
1777	ENSG00000153815	18	ENSP00000381120.4
1800	ENSG00000060762	19	ENSP00000354223.6
1805	ENSG00000177426	22	ENSP00000339631.6
1818	ENSG00000111913	20	ENSP00000367262.4
1841	ENSG00000169567	13	ENSP00000304229.5
1846	ENSG00000145945	7	ENSP00000496837.1
1853	ENSG00000112214	11	ENSP00000326022.2
1863	ENSG00000115145	10	ENSP00000263904.4
1868	ENSG00000147378	11	ENSP00000359375.3
1879	ENSG00000155754	15	ENSP00000286195.3
1881	ENSG00000184708	18	ENSP00000328103.5
1884	ENSG00000174405	15	ENSP00000402030.1
1909	ENSG00000129083	13	ENSP00000397873.2
1919	ENSG00000157500	12	ENSP00000288266.3
1923	ENSG00000184937	16	ENSP00000368370.2
1940	ENSG00000226941	9	ENSP00000250831.5
1957	ENSG00000204599	16	ENSP00000379800.3
1958	ENSG00000040531	16	ENSP00000371294.3
1967	ENSG00000101004	16	ENSP00000278886.6
1969	ENSG00000157343	9	ENSP00000288065.2
1974	ENSG00000175699	15	ENSP00000490490.1
1976	ENSG00000118402	6	ENSP00000358831.4
2003	ENSG00000157103	13	ENSP00000287766.4
2012	ENSG00000197753	11	ENSP00000353346.1
2018	ENSG00000198326	10	ENSP00000369959.1
2026	ENSG00000158062	21	ENSP00000363332.1
2030	ENSG00000161798	7	ENSP00000293599.5
2055	ENSG00000064703	13	ENSP00000505857.1
2077	ENSG00000244607	7	ENSP00000309836.6
2078	ENSG00000108395	14	ENSP00000262294.7
2088	ENSG00000121207	12	ENSP00000337224.3
2092	ENSG00000001167	15	ENSP00000229418.6
2098	ENSG00000183690	13	ENSP00000404232.2
2099	ENSG00000185002	10	ENSP00000332208.2
2104	ENSG00000120498	14	ENSP00000363453.2
2141	ENSG00000223953	6	ENSP00000431140.1
2156	ENSG00000107537	14	ENSP00000263038.4
2162	ENSG00000166323	13	ENSP00000376799.1
2177	ENSG00000123124	14	ENSP00000427793.1
2181	ENSG00000122585	8	ENSP00000242152.2
2205	ENSG00000162882	15	ENSP00000294973.6
2208	ENSG00000184672	12	ENSP00000430367.1
2245	ENSG00000174943	11	ENSP00000455785.1
2246	ENSG00000106025	9	ENSP00000222747.3
2260	ENSG00000179363	7	ENSP00000316940.6
2261	ENSG00000135018	14	ENSP00000365576.4
2265	ENSG00000173421	17	ENSP00000296449.5
2269	ENSG00000162885	14	ENSP00000355559.3
2286	ENSG00000155755	20	ENSP00000387203.2
2304	ENSG00000175455	16	ENSP00000418002.1
2332	ENSG00000183246	8	ENSP00000350885.4
2339	ENSG00000100811	15	ENSP00000262238.4
2347	ENSG00000102753	10	ENSP00000261667.3
2352	ENSG00000177272	10	ENSP00000358784.2
2353	ENSG00000204103	4	ENSP00000362410.2
2362	ENSG00000272514	6	ENSP00000358575.4
2369	ENSG00000211456	14	ENSP00000373713.4
2370	ENSG00000113368	12	ENSP00000261366.5
2374	ENSG00000170540	15	ENSP00000306788.7
2380	ENSG00000170421	13	ENSP00000509398.1
2384	ENSG00000017797	13	ENSP00000372924.3
2403	ENSG00000115942	9	ENSP00000234296.2
2416	ENSG00000147155	11	ENSP00000417052.1
2417	ENSG00000163283	7	ENSP00000375881.2
2421	ENSG00000172053	18	ENSP00000307567.6
2430	ENSG00000166333	14	ENSP00000299421.4
2431	ENSG00000179933	6	ENSP00000322238.4
2442	ENSG00000178035	13	ENSP00000321584.4
2448	ENSG00000030582	18	ENSP00000053867.2
2454	ENSG00000100842	13	ENSP00000340607.3
2455	ENSG00000108946	16	ENSP00000464977.2
2456	ENSG00000095713	14	ENSP00000359629.3
2468	ENSG00000109654	16	ENSP00000415812.2
2472	ENSG00000090776	6	ENSP00000204961.4
2486	ENSG00000117461	15	ENSP00000262741.5
2500	ENSG00000170260	9	ENSP00000338572.2
2521	ENSG00000087470	21	ENSP00000415131.2
2522	ENSG00000112343	11	ENSP00000349596.2
2526	ENSG00000184990	13	ENSP00000329447.6
2530	ENSG00000109814	12	ENSP00000319501.6
2533	ENSG00000100994	12	ENSP00000216962.3
2538	ENSG00000172375	14	ENSP00000497391.1
2549	ENSG00000149532	16	ENSP00000378352.4
2560	ENSG00000104381	14	ENSP00000502673.1
2563	ENSG00000129682	16	ENSP00000322390.6
2584	ENSG00000137203	15	ENSP00000368928.3
2587	ENSG00000091073	20	ENSP00000411986.2
2588	ENSG00000109103	12	ENSP00000337040.3
2595	ENSG00000105329	11	ENSP00000221930.4
2613	ENSG00000088002	12	ENSP00000201586.2
2615	ENSG00000178750	3	ENSP00000320679.2
2617	ENSG00000163684	12	ENSP00000295959.5
2620	ENSG00000124216	4	ENSP00000244050.2
2622	ENSG00000026103	25	ENSP00000498466.1
2634	ENSG00000127870	17	ENSP00000371000.4
2636	ENSG00000204539	4	ENSP00000365465.2
2644	ENSG00000010165	20	ENSP00000354920.3
2649	ENSG00000080166	16	ENSP00000366227.4
2651	ENSG00000128973	13	ENSP00000249806.5
2654	ENSG00000165140	12	ENSP00000364475.5
2658	ENSG00000188629	14	ENSP00000341497.3
2665	ENSG00000188910	8	ENSP00000362464.2
2680	ENSG00000101695	9	ENSP00000217740.3
2687	ENSG00000126522	17	ENSP00000307188.9
2693	ENSG00000163993	7	ENSP00000296370.3
2704	ENSG00000132170	24	ENSP00000494873.2
2713	ENSG00000076242	16	ENSP00000231790.3
2723	ENSG00000147862	18	ENSP00000370346.3
2729	ENSG00000115919	15	ENSP00000364928.2
2739	ENSG00000186184	20	ENSP00000302478.4
2758	ENSG00000134291	12	ENSP00000400471.2
2767	ENSG00000117308	15	ENSP00000483375.1
2772	ENSG00000119986	7	ENSP00000359660.3
2778	ENSG00000159210	10	ENSP00000421380.1
2786	ENSG00000078369	19	ENSP00000367872.3
2792	ENSG00000198732	11	ENSP00000370680.4
2794	ENSG00000188536	13	ENSP00000251595.6
2801	ENSG00000140368	14	ENSP00000452746.1
2803	ENSG00000256269	11	ENSP00000498786.1
2810	ENSG00000101144	13	ENSP00000379204.3
2816	ENSG00000173369	18	ENSP00000512147.1
2818	ENSG00000159189	13	ENSP00000363771.4
2821	ENSG00000161542	17	ENSP00000414624.2
2827	ENSG00000100218	12	ENSP00000216036.4
2831	ENSG00000177042	16	ENSP00000380648.4
2837	ENSG00000132744	8	ENSP00000255082.3
2838	ENSG00000106609	16	ENSP00000340668.4
2842	ENSG00000154102	11	ENSP00000473536.1
2845	ENSG00000115255	12	ENSP00000233596.2
2860	ENSG00000099256	19	ENSP00000318602.5
2863	ENSG00000179295	19	ENSP00000376376.1
2866	ENSG00000162992	5	ENSP00000295108.3
2869	ENSG00000105755	8	ENSP00000292147.1
2872	ENSG00000181965	6	ENSP00000317580.4
2893	ENSG00000132471	12	ENSP00000254806.3
2906	ENSG00000172638	13	ENSP00000309953.6
2910	ENSG00000114019	15	ENSP00000409999.2
2914	ENSG00000139613	12	ENSP00000302919.4
2918	ENSG00000164929	17	ENSP00000312457.5
2920	ENSG00000131095	14	ENSP00000466598.2
2922	ENSG00000115461	5	ENSP00000233813.4
2924	ENSG00000105088	9	ENSP00000264833.3
2938	ENSG00000205084	12	ENSP00000258173.5
2940	ENSG00000185811	21	ENSP00000413025.1
2958	ENSG00000244754	9	ENSP00000267068.3
2961	ENSG00000112640	16	ENSP00000417963.1
2991	ENSG00000138101	20	ENSP00000384787.1
2998	ENSG00000132639	15	ENSP00000307341.2
3013	ENSG00000111371	16	ENSP00000381634.4
3015	ENSG00000105392	17	ENSP00000221996.5
3020	ENSG00000128656	15	ENSP00000386741.4
3022	ENSG00000138760	11	ENSP00000264896.2
3023	ENSG00000108788	12	ENSP00000416627.1
3031	ENSG00000148175	13	ENSP00000286713.2
3037	ENSG00000139197	11	ENSP00000266564.3
3038	ENSG00000118260	15	ENSP00000387699.2
3048	ENSG00000160191	18	ENSP00000335242.4
3050	ENSG00000074527	13	ENSP00000444432.1
3057	ENSG00000179151	13	ENSP00000320503.4
3064	ENSG00000117614	10	ENSP00000236273.4
3068	ENSG00000145358	6	ENSP00000354830.2
3077	ENSG00000125826	22	ENSP00000348632.6
3086	ENSG00000108433	17	ENSP00000492751.1
3090	ENSG00000100319	13	ENSP00000344241.3
3091	ENSG00000081307	15	ENSP00000348565.4
3095	ENSG00000162078	12	ENSP00000371715.4
3108	ENSG00000106366	9	ENSP00000223095.4
3110	ENSG00000143013	13	ENSP00000359575.4
3123	ENSG00000184009	13	ENSP00000458435.1
3125	ENSG00000239672	8	ENSP00000376892.3
3146	ENSG00000101210	13	ENSP00000217182.3
3148	ENSG00000175390	15	ENSP00000499218.1
3171	ENSG00000162735	19	ENSP00000357051.5
3175	ENSG00000119718	11	ENSP00000266126.5
3180	ENSG00000102030	16	ENSP00000417763.1
3187	ENSG00000130520	11	ENSP00000469468.2
3192	ENSG00000124762	14	ENSP00000244741.6
3197	ENSG00000106144	20	ENSP00000312664.5
3207	ENSG00000133935	7	ENSP00000256319.6
3219	ENSG00000102781	14	ENSP00000369989.3
3224	ENSG00000168610	16	ENSP00000384943.3
3238	ENSG00000068001	14	ENSP00000350387.4
3260	ENSG00000112773	16	ENSP00000318298.6
3263	ENSG00000213593	10	ENSP00000278422.4
3267	ENSG00000074319	13	ENSP00000251968.3
3271	ENSG00000181610	13	ENSP00000320184.8
3292	ENSG00000117360	13	ENSP00000315379.6
3339	ENSG00000076604	16	ENSP00000262395.5
3340	ENSG00000088448	14	ENSP00000312534.4
3359	ENSG00000147383	11	ENSP00000359297.3
3360	ENSG00000165775	18	ENSP00000358510.3
3364	ENSG00000163156	12	ENSP00000357901.4
3392	ENSG00000090487	11	ENSP00000204566.2
3400	ENSG00000166681	14	ENSP00000361728.3
3405	ENSG00000137070	19	ENSP00000394391.3
3411	ENSG00000126351	13	ENSP00000264637.4
3414	ENSG00000108479	13	ENSP00000465930.1
3419	ENSG00000182197	13	ENSP00000367446.3
3422	ENSG00000130202	10	ENSP00000252485.3
3434	ENSG00000182195	9	ENSP00000359557.2
3438	ENSG00000170876	8	ENSP00000303992.5
3441	ENSG00000105372	8	ENSP00000470972.1
3449	ENSG00000173540	14	ENSP00000311130.6
3468	ENSG00000137806	10	ENSP00000260361.4
3479	ENSG00000100304	13	ENSP00000216129.6
3483	ENSG00000163754	18	ENSP00000296048.6
3484	ENSG00000160014	17	ENSP00000291295.8
3490	ENSG00000169136	13	ENSP00000396954.1
3504	ENSG00000157110	16	ENSP00000340176.4
3522	ENSG00000071051	14	ENSP00000233154.4
3523	ENSG00000160753	17	ENSP00000357333.4
3525	ENSG00000001036	14	ENSP00000002165.5
3533	ENSG00000113163	19	ENSP00000495446.1
3535	ENSG00000102119	12	ENSP00000358857.4
3543	ENSG00000120708	17	ENSP00000416330.2
3562	ENSG00000196923	14	ENSP00000348099.2
3564	ENSG00000204386	12	ENSP00000364782.4
3567	ENSG00000119408	17	ENSP00000319734.5
3568	ENSG00000221829	11	ENSP00000367910.4
3581	ENSG00000090674	16	ENSP00000264079.5
3594	ENSG00000100321	15	ENSP00000318845.4
3598	ENSG00000183283	16	ENSP00000394699.2
3601	ENSG00000156471	13	ENSP00000430548.1
3608	ENSG00000008283	16	ENSP00000354028.3
3632	ENSG00000168824	15	ENSP00000480081.1
3643	ENSG00000115211	17	ENSP00000233552.6
3648	ENSG00000182568	18	ENSP00000341024.5
3650	ENSG00000129195	16	ENSP00000250056.8
3668	ENSG00000161011	20	ENSP00000353944.5
3670	ENSG00000158716	9	ENSP00000357087.1
3672	ENSG00000186153	18	ENSP00000384495.2
3689	ENSG00000106633	18	ENSP00000384247.3
3693	ENSG00000178952	11	ENSP00000322439.3
3694	ENSG00000189266	13	ENSP00000334840.7
3697	ENSG00000186575	19	ENSP00000340626.4
3699	ENSG00000172466	16	ENSP00000261332.5
3701	ENSG00000164885	13	ENSP00000419782.1
3721	ENSG00000196363	10	ENSP00000351446.3
3722	ENSG00000117748	10	ENSP00000363021.3
3727	ENSG00000116701	16	ENSP00000356505.4
3731	ENSG00000147224	13	ENSP00000361512.4
3732	ENSG00000126088	14	ENSP00000246337.4
3739	ENSG00000165025	15	ENSP00000364907.4
3753	ENSG00000164008	17	ENSP00000361603.4
3754	ENSG00000036672	16	ENSP00000260187.2
3755	ENSG00000137168	8	ENSP00000362803.5
3756	ENSG00000124164	16	ENSP00000417175.1
3759	ENSG00000130818	12	ENSP00000253115.1
3760	ENSG00000163930	10	ENSP00000417132.1
3761	ENSG00000117318	9	ENSP00000363689.5
3768	ENSG00000100721	11	ENSP00000385036.1
3769	ENSG00000185359	14	ENSP00000331201.4
3772	ENSG00000111445	14	ENSP00000408295.2
3782	ENSG00000170365	10	ENSP00000305769.4
3787	ENSG00000141551	15	ENSP00000324464.6
3798	ENSG00000072110	16	ENSP00000193403.6
3799	ENSG00000135148	12	ENSP00000396526.2
3804	ENSG00000123810	9	ENSP00000243578.2
3818	ENSG00000087191	14	ENSP00000310572.6
3823	ENSG00000240682	10	ENSP00000376973.4
3824	ENSG00000223572	10	ENSP00000406577.3
3825	ENSG00000196230	14	ENSP00000339001.7
3833	ENSG00000144381	18	ENSP00000373620.3
3836	ENSG00000101558	14	ENSP00000382880.3
3837	ENSG00000121680	16	ENSP00000368024.5
3844	ENSG00000243989	9	ENSP00000490149.1
3872	ENSG00000197993	9	ENSP00000347409.2
3878	ENSG00000119401	11	ENSP00000408292.1
3882	ENSG00000161011	20	ENSP00000374455.4
3901	ENSG00000132781	20	ENSP00000361187.3
3903	ENSG00000160789	24	ENSP00000357284.2
3904	ENSG00000144063	4	ENSP00000272462.2
3907	ENSG00000087077	14	ENSP00000200457.4
3912	ENSG00000120708	17	ENSP00000416330.2
3928	ENSG00000136280	17	ENSP00000258781.7
3931	ENSG00000171159	5	ENSP00000362085.1
3933	ENSG00000129355	7	ENSP00000377224.1
3952	ENSG00000104969	11	ENSP00000221566.1
3958	ENSG00000214063	12	ENSP00000380552.2
3970	ENSG00000103415	12	ENSP00000459214.1
3975	ENSG00000135486	19	ENSP00000448617.1
3980	ENSG00000030582	18	ENSP00000053867.2
3983	ENSG00000143198	13	ENSP00000356864.3
3990	ENSG00000175166	17	ENSP00000310129.4
4004	ENSG00000168040	5	ENSP00000301838.5
4010	ENSG00000185019	17	ENSP00000217173.2
4019	ENSG00000135446	17	ENSP00000257904.5
4020	ENSG00000183765	23	ENSP00000385747.1
4040	ENSG00000079332	15	ENSP00000362338.4
4043	ENSG00000163050	18	ENSP00000355739.3
4046	ENSG00000140522	12	ENSP00000268125.5
4058	ENSG00000131848	10	ENSP00000507065.1
4062	ENSG00000123560	14	ENSP00000477619.1
4066	ENSG00000152137	8	ENSP00000281938.3
4071	ENSG00000113575	12	ENSP00000418447.1
4085	ENSG00000213639	11	ENSP00000378769.2
4099	ENSG00000118194	21	ENSP00000408731.2
4105	ENSG00000171346	16	ENSP00000254043.3
4126	ENSG00000115415	21	ENSP00000376136.3
4137	ENSG00000220205	10	ENSP00000314214.6
4146	ENSG00000185049	16	ENSP00000372335.4
4166	ENSG00000158517	16	ENSP00000289473.4
4167	ENSG00000135185	12	ENSP00000257637.3
4173	ENSG00000143793	13	ENSP00000272139.4
4177	ENSG00000100146	20	ENSP00000380093.2
4184	ENSG00000178307	10	ENSP00000319992.6
4190	ENSG00000214160	10	ENSP00000380793.3
4193	ENSG00000159231	6	ENSP00000290354.5
4218	ENSG00000119703	15	ENSP00000390606.2
4236	ENSG00000214253	9	ENSP00000223136.4
4239	ENSG00000167779	9	ENSP00000301464.3
4249	ENSG00000143368	10	ENSP00000271628.8
4252	ENSG00000197746	15	ENSP00000378394.3
4255	ENSG00000105619	14	ENSP00000375639.1
4289	ENSG00000116062	19	ENSP00000234420.5
4302	ENSG00000005238	20	ENSP00000319897.5
4309	ENSG00000128335	14	ENSP00000351292.5
4315	ENSG00000103018	18	ENSP00000308430.8
4320	ENSG00000126970	17	ENSP00000363972.3
4350	ENSG00000143553	11	ENSP00000357674.5
4351	ENSG00000103202	13	ENSP00000219479.2
4361	ENSG00000185247	15	ENSP00000328177.4
4373	ENSG00000128652	12	ENSP00000507129.1
4381	ENSG00000120942	14	ENSP00000366006.5
4384	ENSG00000125952	20	ENSP00000351490.4
4396	ENSG00000104957	14	ENSP00000221554.7
4406	ENSG00000127445	14	ENSP00000247970.5
4407	ENSG00000011007	13	ENSP00000484196.2
4414	ENSG00000244067	3	ENSP00000420168.1
4418	ENSG00000177519	4	ENSP00000314946.3
4434	ENSG00000185803	12	ENSP00000496184.2
4443	ENSG00000070669	17	ENSP00000377845.3
4447	ENSG00000185482	8	ENSP00000452068.1
4452	ENSG00000168066	21	ENSP00000227503.9
4453	ENSG00000174775	18	ENSP00000434023.1
4461	ENSG00000184697	7	ENSP00000328674.4
4465	ENSG00000108309	14	ENSP00000225441.7
4480	ENSG00000097033	15	ENSP00000473267.1
4481	ENSG00000027847	14	ENSP00000029410.5
4482	ENSG00000197696	10	ENSP00000378089.3
4484	ENSG00000174371	17	ENSP00000355506.3
4499	ENSG00000166974	13	ENSP00000300249.4
4506	ENSG00000189058	9	ENSP00000345179.3
4515	ENSG00000108439	11	ENSP00000493302.2
4516	ENSG00000087338	5	ENSP00000282570.3
4519	ENSG00000144591	20	ENSP00000315925.6
4538	ENSG00000116691	11	ENSP00000235332.4
4546	ENSG00000159840	16	ENSP00000324422.5
4552	ENSG00000215717	7	ENSP00000342148.7
4562	ENSG00000196290	17	ENSP00000386394.1
4568	ENSG00000095485	18	ENSP00000326411.6
4569	ENSG00000107816	17	ENSP00000416972.2
4573	ENSG00000182872	16	ENSP00000366829.3
4576	ENSG00000099968	18	ENSP00000318883.5
4605	ENSG00000114030	13	ENSP00000343701.6
4616	ENSG00000103275	21	ENSP00000384361.1
4621	ENSG00000105700	11	ENSP00000222307.3
4622	ENSG00000109079	10	ENSP00000226225.2
4623	ENSG00000117153	16	ENSP00000356230.3
4625	ENSG00000248098	12	ENSP00000269980.2
4635	ENSG00000147274	14	ENSP00000359645.3
4636	ENSG00000139546	11	ENSP00000266987.2
4662	ENSG00000099622	14	ENSP00000322887.4
4664	ENSG00000071539	14	ENSP00000166345.3
4671	ENSG00000077312	9	ENSP00000243563.2
4676	ENSG00000132386	11	ENSP00000254722.4
4683	ENSG00000131828	14	ENSP00000394382.2
4687	ENSG00000141646	15	ENSP00000341551.3
4692	ENSG00000111716	14	ENSP00000229319.1
4695	ENSG00000123415	16	ENSP00000421139.1
4696	ENSG00000134590	14	ENSP00000257013.7
4706	ENSG00000165119	22	ENSP00000365439.3
4717	ENSG00000138180	16	ENSP00000360540.3
4723	ENSG00000140416	24	ENSP00000288398.6
4725	ENSG00000163682	17	ENSP00000346022.7
4727	ENSG00000213416	4	ENSP00000377582.1
4755	ENSG00000112130	17	ENSP00000362578.4
4757	ENSG00000105404	11	ENSP00000222008.5
4759	ENSG00000139722	7	ENSP00000267202.2
4761	ENSG00000006125	18	ENSP00000483185.1
4765	ENSG00000160255	19	ENSP00000498780.1
4784	ENSG00000112855	17	ENSP00000230771.3
4785	ENSG00000124356	17	ENSP00000377633.2
4786	ENSG00000156795	8	ENSP00000287387.2
4798	ENSG00000124074	12	ENSP00000243878.4
4812	ENSG00000104812	15	ENSP00000317904.3
4815	ENSG00000213923	13	ENSP00000380044.1
4828	ENSG00000093009	11	ENSP00000263201.2
4829	ENSG00000138030	14	ENSP00000260599.6
4830	ENSG00000101945	17	ENSP00000365877.4
4832	ENSG00000197912	16	ENSP00000341157.2
4836	ENSG00000005486	17	ENSP00000391232.1
4841	ENSG00000087076	9	ENSP00000263278.3
4842	ENSG00000213463	5	ENSP00000256366.4
4851	ENSG00000128513	16	ENSP00000350249.3
4854	ENSG00000163161	14	ENSP00000285398.2
4857	ENSG00000025434	19	ENSP00000384745.3
4860	ENSG00000100916	14	ENSP00000216807.6
4862	ENSG00000158014	15	ENSP00000363396.3
4870	ENSG00000205420	11	ENSP00000369317.3
4872	ENSG00000064655	19	ENSP00000417105.3
4887	ENSG00000070770	10	ENSP00000262506.3
4910	ENSG00000116337	20	ENSP00000345498.4
4920	ENSG00000173207	13	ENSP00000311083.5
4929	ENSG00000178860	9	ENSP00000321445.4
4935	ENSG00000036565	15	ENSP00000265808.7
4938	ENSG00000138435	16	ENSP00000386684.1
4946	ENSG00000054356	14	ENSP00000392598.2
4948	ENSG00000012232	10	ENSP00000220562.4
4955	ENSG00000173641	18	ENSP00000310111.9
4960	ENSG00000166228	9	ENSP00000299299.3
4973	ENSG00000115806	13	ENSP00000234160.4
4976	ENSG00000106785	15	ENSP00000344208.2
4978	ENSG00000113761	12	ENSP00000350869.3
4981	ENSG00000182372	10	ENSP00000328182.4
4982	ENSG00000108798	9	ENSP00000225941.1
4983	ENSG00000042753	12	ENSP00000263270.6
5002	ENSG00000112511	18	ENSP00000363640.3
5003	ENSG00000162129	15	ENSP00000294053.3
5046	ENSG00000124588	22	ENSP00000369822.4
5052	ENSG00000132763	15	ENSP00000478859.1
5053	ENSG00000101310	17	ENSP00000497473.1
5065	ENSG00000187699	10	ENSP00000345107.4
5066	ENSG00000151929	10	ENSP00000358081.4
5074	ENSG00000092330	19	ENSP00000267415.7
5081	ENSG00000122557	11	ENSP00000310729.3
5082	ENSG00000130402	14	ENSP00000252699.2
5093	ENSG00000163472	19	ENSP00000384748.2
5132	ENSG00000100983	12	ENSP00000498303.1
5143	ENSG00000112559	15	ENSP00000230321.6
5147	ENSG00000117118	10	ENSP00000364649.3
5163	ENSG00000144485	11	ENSP00000272937.5
5175	ENSG00000160972	10	ENSP00000391126.1
5219	ENSG00000103266	11	ENSP00000219548.4
5221	ENSG00000151092	18	ENSP00000280700.5
5229	ENSG00000122359	18	ENSP00000404412.2
5231	ENSG00000002834	18	ENSP00000391897.1
5285	ENSG00000115507	10	ENSP00000282549.2
5307	ENSG00000095906	17	ENSP00000262302.9
5313	ENSG00000104884	17	ENSP00000431229.2
5335	ENSG00000140650	13	ENSP00000268261.4
5345	ENSG00000167244	22	ENSP00000414497.2
5348	ENSG00000142208	18	ENSP00000497822.1
5358	ENSG00000152556	17	ENSP00000352842.5
5359	ENSG00000183386	10	ENSP00000362107.3
5375	ENSG00000258947	8	ENSP00000320295.7
5385	ENSG00000141499	18	ENSP00000379727.3
5398	ENSG00000176974	21	ENSP00000318868.3
5400	ENSG00000127054	22	ENSP00000413493.2
5424	ENSG00000136573	15	ENSP00000259089.4
5431	ENSG00000171453	20	ENSP00000496044.1
5437	ENSG00000107371	14	ENSP00000323046.4
5439	ENSG00000187796	16	ENSP00000360799.3
5441	ENSG00000179950	15	ENSP00000322036.7
5442	ENSG00000126778	12	ENSP00000494686.1
5453	ENSG00000185808	14	ENSP00000353719.3
5462	ENSG00000213281	5	ENSP00000358548.4
5491	ENSG00000081870	12	ENSP00000194214.5
5498	ENSG00000134996	12	ENSP00000340836.6
5499	ENSG00000204568	12	ENSP00000259873.4
5523	ENSG00000089356	19	ENSP00000474438.1
5539	ENSG00000132950	19	ENSP00000372364.4
5585	ENSG00000109846	9	ENSP00000499082.1
5590	ENSG00000151790	9	ENSP00000444788.2
5591	ENSG00000112312	10	ENSP00000230056.3
5593	ENSG00000163735	7	ENSP00000296027.4
5597	ENSG00000027697	16	ENSP00000356713.5
5607	ENSG00000100519	12	ENSP00000401802.3
5613	ENSG00000118137	10	ENSP00000236850.3
5619	ENSG00000126953	8	ENSP00000361993.3
5628	ENSG00000254647	7	ENSP00000370731.5
5629	ENSG00000277462	2	ENSP00000355459.2
5633	ENSG00000143156	14	ENSP00000356785.3
5645	ENSG00000170180	22	ENSP00000493142.2
5651	ENSG00000172399	6	ENSP00000306997.6
5658	ENSG00000049245	13	ENSP00000054666.6
5673	ENSG00000198523	6	ENSP00000350132.5
5681	ENSG00000129170	10	ENSP00000265968.3
5702	ENSG00000073584	20	ENSP00000323967.6
5712	ENSG00000143549	22	ENSP00000498577.1
5716	ENSG00000163660	12	ENSP00000295926.4
5718	ENSG00000175206	11	ENSP00000365663.3
5723	ENSG00000168484	13	ENSP00000316152.3
5737	ENSG00000087086	15	ENSP00000366525.2
5738	ENSG00000144580	14	ENSP00000295701.5
5772	ENSG00000175334	8	ENSP00000310275.2
5793	ENSG00000149516	14	ENSP00000278865.3
5801	ENSG00000053501	14	ENSP00000263897.4
5807	ENSG00000112186	13	ENSP00000229922.2
5808	ENSG00000244734	4	ENSP00000333994.3
5810	ENSG00000067560	14	ENSP00000400175.1
5817	ENSG00000100056	12	ENSP00000252137.6
5818	ENSG00000181449	4	ENSP00000323588.1
5823	ENSG00000141738	14	ENSP00000310771.4
5832	ENSG00000137726	17	ENSP00000433312.1
5839	ENSG00000127824	15	ENSP00000248437.4
5848	ENSG00000049860	14	ENSP00000261416.7
5852	ENSG00000148356	15	ENSP00000300417.6
5854	ENSG00000140263	15	ENSP00000267814.9
5861	ENSG00000105568	19	ENSP00000324804.6
5864	ENSG00000147889	18	ENSP00000467857.1
5865	ENSG00000130005	13	ENSP00000252288.1
5875	ENSG00000084754	12	ENSP00000370023.3
5880	ENSG00000198682	13	ENSP00000354436.4
5894	ENSG00000100109	17	ENSP00000384421.1
5896	ENSG00000101444	13	ENSP00000217426.2
5901	ENSG00000113196	3	ENSP00000231121.2
5904	ENSG00000180228	14	ENSP00000318176.4
5910	ENSG00000123454	12	ENSP00000376776.2
5912	ENSG00000242028	8	ENSP00000401155.3
5916	ENSG00000130299	17	ENSP00000313818.7
5923	ENSG00000142856	17	ENSP00000271002.10
5926	ENSG00000100292	18	ENSP00000216117.8
5931	ENSG00000090339	9	ENSP00000264832.2
5933	ENSG00000114354	15	ENSP00000240851.4
5935	ENSG00000128340	16	ENSP00000249071.6
5942	ENSG00000153944	12	ENSP00000284073.2
5949	ENSG00000166261	11	ENSP00000432504.1
5951	ENSG00000183010	17	ENSP00000328858.8
5965	ENSG00000115641	19	ENSP00000433567.2
5970	ENSG00000101255	12	ENSP00000217233.3
5989	ENSG00000171552	14	ENSP00000302564.4
5991	ENSG00000152234	16	ENSP00000381736.5
6007	ENSG00000177697	19	ENSP00000380565.3
6014	ENSG00000130707	18	ENSP00000253004.6
6018	ENSG00000070669	17	ENSP00000377845.3
6027	ENSG00000114353	17	ENSP00000312999.6
6046	ENSG00000125733	18	ENSP00000320493.6
6059	ENSG00000176209	12	ENSP00000390750.2
6064	ENSG00000111087	10	ENSP00000228682.2
6077	ENSG00000125618	18	ENSP00000395498.3
6080	ENSG00000065427	15	ENSP00000303043.3
6096	ENSG00000115204	15	ENSP00000369383.1
6112	ENSG00000167625	11	ENSP00000301215.2
6119	ENSG00000107882	12	ENSP00000358918.4
6129	ENSG00000014216	16	ENSP00000279247.7
6137	ENSG00000069011	16	ENSP00000265340.6
6138	ENSG00000184292	7	ENSP00000360269.2
6151	ENSG00000100644	17	ENSP00000338018.4
6157	ENSG00000123240	17	ENSP00000368021.3
6171	ENSG00000006453	14	ENSP00000005260.8
6173	ENSG00000102974	16	ENSP00000264010.4
6179	ENSG00000197951	10	ENSP00000328245.5
6192	ENSG00000174808	12	ENSP00000379092.3
6195	ENSG00000171703	17	ENSP00000343515.5
6197	ENSG00000112576	13	ENSP00000362082.5
6203	ENSG00000134709	13	ENSP00000360252.3
6211	ENSG00000136881	12	ENSP00000259407.2
6225	ENSG00000198833	7	ENSP00000451261.1
6231	ENSG00000162512	16	ENSP00000338346.7
6232	ENSG00000012171	20	ENSP00000485281.1
6236	ENSG00000110925	7	ENSP00000228515.1
6254	ENSG00000276644	5	ENSP00000516320.1
6269	ENSG00000164325	8	ENSP00000296776.5
6281	ENSG00000157551	19	ENSP00000381911.2
6288	ENSG00000110063	10	ENSP00000263579.4
6292	ENSG00000138750	16	ENSP00000264883.3
6309	ENSG00000084207	18	ENSP00000381607.3
6319	ENSG00000120860	11	ENSP00000240079.6
6324	ENSG00000119938	9	ENSP00000238994.5
6325	ENSG00000123353	10	ENSP00000243045.5
6326	ENSG00000159173	19	ENSP00000354488.4
6329	ENSG00000165410	15	ENSP00000298159.6
6336	ENSG00000111245	17	ENSP00000228841.8
6337	ENSG00000085365	18	ENSP00000481022.1
6339	ENSG00000173597	9	ENSP00000308770.2
6341	ENSG00000196565	15	ENSP00000338082.4
6345	ENSG00000173991	6	ENSP00000312624.2
6356	ENSG00000173991	6	ENSP00000312624.2
6359	ENSG00000118971	9	ENSP00000261254.3
6363	ENSG00000204370	13	ENSP00000364699.3
6395	ENSG00000198001	16	ENSP00000479889.3
6406	ENSG00000122367	21	ENSP00000263066.7
6408	ENSG00000134049	6	ENSP00000256433.3
6430	ENSG00000105048	18	ENSP00000291901.8
6446	ENSG00000125991	21	ENSP00000341358.2
6448	ENSG00000121058	5	ENSP00000240316.4
6464	ENSG00000187713	7	ENSP00000375053.4
6488	ENSG00000169750	9	ENSP00000304283.4
6490	ENSG00000078043	16	ENSP00000317163.6
6512	ENSG00000114062	22	ENSP00000502703.1
6520	ENSG00000119650	13	ENSP00000238628.6
6534	ENSG00000172530	22	ENSP00000347125.4
6552	ENSG00000156009	10	ENSP00000286482.1
6559	ENSG00000050327	15	ENSP00000418227.1
6562	ENSG00000117899	11	ENSP00000261758.4
6598	ENSG00000146670	10	ENSP00000275517.3
6602	ENSG00000090661	12	ENSP00000251363.5
6604	ENSG00000166896	9	ENSP00000300145.3
6625	ENSG00000158480	11	ENSP00000289431.5
6631	ENSG00000244462	8	ENSP00000363228.3
6632	ENSG00000103051	21	ENSP00000315775.5
6644	ENSG00000168000	16	ENSP00000385332.1
6653	ENSG00000139946	11	ENSP00000267460.4
6666	ENSG00000126934	15	ENSP00000262948.4
6699	ENSG00000101266	19	ENSP00000217244.3
6704	ENSG00000139112	11	ENSP00000266458.5
6710	ENSG00000197457	10	ENSP00000359070.1
6714	ENSG00000153885	15	ENSP00000284006.4
6722	ENSG00000066117	15	ENSP00000378414.4
6724	ENSG00000130487	9	ENSP00000379034.2
6725	ENSG00000141570	11	ENSP00000269385.4
6733	ENSG00000108578	15	ENSP00000261714.6
6734	ENSG00000151702	18	ENSP00000433488.2
6754	ENSG00000114209	15	ENSP00000376506.2
6756	ENSG00000154917	11	ENSP00000285208.4
6759	ENSG00000143947	15	ENSP00000272317.6
6770	ENSG00000265808	4	ENSP00000463393.1
6786	ENSG00000130826	19	ENSP00000358563.5
6791	ENSG00000136279	21	ENSP00000419992.1
6792	ENSG00000142186	18	ENSP00000436993.1
6802	ENSG00000131738	11	ENSP00000251646.3
6806	ENSG00000106397	12	ENSP00000223127.3
6808	ENSG00000105701	16	ENSP00000222308.4
6811	ENSG00000002822	16	ENSP00000265854.7
6813	ENSG00000168795	5	ENSP00000307604.4
6819	ENSG00000128283	7	ENSP00000249014.4
6839	ENSG00000105726	17	ENSP00000291503.5
6853	ENSG00000129071	10	ENSP00000394080.2
6860	ENSG00000118894	15	ENSP00000398502.3
6866	ENSG00000110492	17	ENSP00000378933.4
6869	ENSG00000121454	6	ENSP00000263726.2
6876	ENSG00000116717	13	ENSP00000360025.4
6877	ENSG00000011295	16	ENSP00000261647.5
6892	ENSG00000151348	16	ENSP00000431173.2
6901	ENSG00000187778	14	ENSP00000345358.4
6916	ENSG00000067182	9	ENSP00000162749.2
6932	ENSG00000049449	10	ENSP00000054950.4
6935	ENSG00000256060	3	ENSP00000442778.1
6947	ENSG00000198467	16	ENSP00000367542.3
6953	ENSG00000175895	5	ENSP00000322373.3
6959	ENSG00000185883	12	ENSP00000454868.1
6961	ENSG00000196329	12	ENSP00000351473.3
6963	ENSG00000187838	17	ENSP00000316021.11
6965	ENSG00000170779	11	ENSP00000337226.3
6970	ENSG00000080815	20	ENSP00000350342.4
6983	ENSG00000164093	18	ENSP00000495061.1
6985	ENSG00000154781	17	ENSP00000373304.3
7011	ENSG00000182923	20	ENSP00000328382.5
7021	ENSG00000115762	17	ENSP00000510611.1
7035	ENSG00000179348	13	ENSP00000400259.2
7038	ENSG00000184047	20	ENSP00000442360.2
7045	ENSG00000145901	16	ENSP00000430760.1
7047	ENSG00000171503	13	ENSP00000426638.1
7048	ENSG00000139428	12	ENSP00000445920.1
7058	ENSG00000179262	10	ENSP00000467024.1
7081	ENSG00000167565	13	ENSP00000325414.2
7084	ENSG00000167113	11	ENSP00000300452.3
7106	ENSG00000127561	16	ENSP00000248121.2
7110	ENSG00000173801	17	ENSP00000377508.3
7122	ENSG00000196372	13	ENSP00000433358.1
7128	ENSG00000198576	4	ENSP00000349022.2
7142	ENSG00000174791	11	ENSP00000310406.4
7147	ENSG00000115380	20	ENSP00000347596.3
7150	ENSG00000116044	17	ENSP00000380252.3
7154	ENSG00000197375	14	ENSP00000245407.3
7167	ENSG00000129221	16	ENSP00000370521.3
7171	ENSG00000204822	7	ENSP00000258105.7
7177	ENSG00000075624	17	ENSP00000494750.1
7187	ENSG00000084764	12	ENSP00000233121.2
7198	ENSG00000143171	13	ENSP00000352900.5
7201	ENSG00000185379	21	ENSP00000338790.6
7215	ENSG00000169297	8	ENSP00000368253.4
7226	ENSG00000113845	10	ENSP00000418803.1
7233	ENSG00000162236	13	ENSP00000378182.1
7245	ENSG00000064195	7	ENSP00000389870.2
7251	ENSG00000104044	16	ENSP00000261276.8
7254	ENSG00000168389	18	ENSP00000361898.6
7255	ENSG00000169895	6	ENSP00000369500.3
7270	ENSG00000102103	18	ENSP00000391759.2
7273	ENSG00000213658	13	ENSP00000378841.3
7280	ENSG00000159261	12	ENSP00000382087.1
7297	ENSG00000101546	13	ENSP00000305696.4
7305	ENSG00000134262	13	ENSP00000358582.1
7320	ENSG00000100299	18	ENSP00000216124.5
7323	ENSG00000109099	16	ENSP00000308937.3
7356	ENSG00000104341	17	ENSP00000428409.1
7357	ENSG00000110031	13	ENSP00000378512.2
7366	ENSG00000116863	11	ENSP00000362273.4
7389	ENSG00000162438	12	ENSP00000365116.4
7404	ENSG00000150773	12	ENSP00000280350.4
7408	ENSG00000163762	7	ENSP00000296059.2
7419	ENSG00000094841	14	ENSP00000362481.4
7424	ENSG00000121350	16	ENSP00000240651.9
7439	ENSG00000138443	17	ENSP00000261017.5
7450	ENSG00000136937	13	ENSP00000364289.3
7463	ENSG00000156873	16	ENSP00000455607.1
7465	ENSG00000179348	13	ENSP00000345681.2
7473	ENSG00000100577	19	ENSP00000216465.5
7474	ENSG00000103502	14	ENSP00000219789.6
7487	ENSG00000152804	11	ENSP00000282728.5
7511	ENSG00000164096	13	ENSP00000485697.1
7515	ENSG00000152422	16	ENSP00000421491.1
7547	ENSG00000176171	12	ENSP00000357625.6
7561	ENSG00000164040	18	ENSP00000296425.4
7584	ENSG00000139131	13	ENSP00000320658.8
7586	ENSG00000128298	18	ENSP00000371085.3
7587	ENSG00000113580	15	ENSP00000377977.2
7591	ENSG00000168175	15	ENSP00000378851.3
7595	ENSG00000137700	19	ENSP00000476242.2
7606	ENSG00000101197	13	ENSP00000217169.3
7617	ENSG00000157613	11	ENSP00000481956.1
7626	ENSG00000140691	18	ENSP00000443995
7630	ENSG00000117560	8	ENSP00000356694.2
7634	ENSG00000141551	15	ENSP00000376146.2
7637	ENSG00000126759	14	ENSP00000380189.3
7646	ENSG00000105617	4	ENSP00000222224.3
7651	ENSG00000147168	14	ENSP00000363318.3
7652	ENSG00000136854	25	ENSP00000362396.2
7662	ENSG00000136936	11	ENSP00000364270.5
7664	ENSG00000140612	14	ENSP00000268220.7
7675	ENSG00000173614	14	ENSP00000366410.1
7682	ENSG00000140743	8	ENSP00000268383.2
7696	ENSG00000006611	17	ENSP00000436934.1
7699	ENSG00000158169	14	ENSP00000289081.3
7727	ENSG00000168610	16	ENSP00000264657.4
7728	ENSG00000103152	12	ENSP00000348809.4
7756	ENSG00000148677	7	ENSP00000360762.3
7781	ENSG00000149100	13	ENSP00000436049.1
7792	ENSG00000137699	17	ENSP00000343129.5
7804	ENSG00000058404	21	ENSP00000351542.3
7813	ENSG00000161944	17	ENSP00000254850.7
7826	ENSG00000179163	12	ENSP00000363603.3
7828	ENSG00000102312	24	ENSP00000348233.4
7845	ENSG00000177674	16	ENSP00000365816.4
7866	ENSG00000096093	16	ENSP00000360107.4
7867	ENSG00000184371	14	ENSP00000327513.6
7875	ENSG00000148110	17	ENSP00000364493.3
7876	ENSG00000110536	14	ENSP00000325958.9
7877	ENSG00000213654	10	ENSP00000364180.3
7881	ENSG00000146063	20	ENSP00000320869.5
7907	ENSG00000173918	15	ENSP00000463922.1
7912	ENSG00000183166	11	ENSP00000410704.1
7917	ENSG00000171448	9	ENSP00000362760.3
7918	ENSG00000095002	15	ENSP00000233146.2
7923	ENSG00000103876	14	ENSP00000453347.2
7935	ENSG00000125459	18	ENSP00000245564.3
7938	ENSG00000105607	13	ENSP00000222214.4
7953	ENSG00000087245	13	ENSP00000219070.4
7954	ENSG00000183092	18	ENSP00000347301.2
7965	ENSG00000069329	18	ENSP00000299138.7
7966	ENSG00000151552	12	ENSP00000281243.5
7972	ENSG00000100360	15	ENSP00000393541.2
7982	ENSG00000165704	15	ENSP00000298556.7
8000	ENSG00000115866	11	ENSP00000264161.4
8013	ENSG00000103496	15	ENSP00000317714.3
8017	ENSG00000112473	19	ENSP00000363809.3
8024	ENSG00000105993	15	ENSP00000262177.4
8028	ENSG00000100201	23	ENSP00000385536.2
8047	ENSG00000189433	7	ENSP00000345868.1
8054	ENSG00000102900	13	ENSP00000310668.5
8057	ENSG00000165061	15	ENSP00000319785.7
8058	ENSG00000100227	19	ENSP00000415234.1
8070	ENSG00000068796	19	ENSP00000370493.3
8101	ENSG00000107566	14	ENSP00000384900.3
8103	ENSG00000212123	4	ENSP00000407653.2
8105	ENSG00000185479	6	ENSP00000252252.3
8114	ENSG00000158163	15	ENSP00000332148.2
8131	ENSG00000139190	17	ENSP00000355122.3
8141	ENSG00000072201	14	ENSP00000263925.7
8143	ENSG00000087266	17	ENSP00000422168.3
8151	ENSG00000136695	15	ENSP00000376896.2
8165	ENSG00000103044	11	ENSP00000219322.3
8168	ENSG00000112531	17	ENSP00000355094.3
8177	ENSG00000163877	11	ENSP00000296215.5
8186	ENSG00000069493	15	ENSP00000441653.1
8190	ENSG00000168246	6	ENSP00000377381.2
8208	ENSG00000139687	16	ENSP00000267163.4
8213	ENSG00000079739	17	ENSP00000360125.3
8227	ENSG00000180089	6	ENSP00000321038.3
8239	ENSG00000133115	12	ENSP00000368952.4
8245	ENSG00000139988	10	ENSP00000449079.1
8274	ENSG00000177791	12	ENSP00000352272.4
8276	ENSG00000091138	13	ENSP00000345873.5
8297	ENSG00000130656	6	ENSP00000252951.2
8313	ENSG00000143627	19	ENSP00000339933.4
8314	ENSG00000136250	12	ENSP00000483783.1
8316	ENSG00000221823	11	ENSP00000234310.3
8320	ENSG00000108823	17	ENSP00000262018.3
8352	ENSG00000130307	12	ENSP00000252597.2
8357	ENSG00000139055	7	ENSP00000266397.2
8359	ENSG00000140481	15	ENSP00000452817.1
8362	ENSG00000183072	10	ENSP00000327758.4
8365	ENSG00000266714	11	ENSP00000487752.1
8380	ENSG00000164266	11	ENSP00000296695.5
8398	ENSG00000167588	13	ENSP00000301149.3
8400	ENSG00000173480	11	ENSP00000311319.4
8402	ENSG00000114204	16	ENSP00000264677.4
8407	ENSG00000138814	17	ENSP00000378322.4
8409	ENSG00000113721	14	ENSP00000261799.4
8416	ENSG00000077279	20	ENSP00000419861.1
8420	ENSG00000158578	21	ENSP00000337131.4
8447	ENSG00000215712	11	ENSP00000383594.3
8459	ENSG00000108381	11	ENSP00000263080.2
8487	ENSG00000136161	13	ENSP00000345144.3
8500	ENSG00000115718	18	ENSP00000234071.4
8514	ENSG00000186204	15	ENSP00000321821.9
8515	ENSG00000147647	13	ENSP00000276651.2
8521	ENSG00000066382	17	ENSP00000350833.4
8524	ENSG00000174992	8	ENSP00000383563.4
8533	ENSG00000166002	7	ENSP00000298966.2
8652	ENSG00000118507	18	ENSP00000345149.4
8686	ENSG00000198947	18	ENSP00000367997.3
8717	ENSG00000183495	15	ENSP00000333602.5
8732	ENSG00000132680	11	ENSP00000357302.3
8808	ENSG00000106077	19	ENSP00000416970.3
8843	ENSG00000108021	22	ENSP00000512206.1
8876	ENSG00000092529	26	ENSP00000380384.4
8918	ENSG00000173575	24	ENSP00000406581.2
8965	ENSG00000139219	19	ENSP00000338213.6
8999	ENSG00000118271	12	ENSP00000237014.4
9012	ENSG00000076321	11	ENSP00000209884.4
9020	ENSG00000113448	20	ENSP00000425917.1
9117	ENSG00000059145	19	ENSP00000301712.5
9157	ENSG00000146700	9	ENSP00000275560.3
9194	ENSG00000157978	12	ENSP00000363458.4
9195	ENSG00000151778	11	ENSP00000368477.3
9230	ENSG00000167139	9	ENSP00000300504.2
9237	ENSG00000166069	14	ENSP00000327234.4
9241	ENSG00000155749	13	ENSP00000376086.3
9252	ENSG00000213265	9	ENSP00000348996.3
9253	ENSG00000048545	18	ENSP00000362049.1
9267	ENSG00000161609	10	ENSP00000404220.2
9297	ENSG00000135604	11	ENSP00000356540.4
9305	ENSG00000132702	13	ENSP00000255039.1
9318	ENSG00000100311	17	ENSP00000330382.6
9321	ENSG00000080572	14	ENSP00000361531.3
9324	ENSG00000007933	13	ENSP00000356729.4
9333	ENSG00000135917	16	ENSP00000495385.1
9336	ENSG00000276293	5	ENSP00000482548.1
9342	ENSG00000165626	19	ENSP00000367868.3
9352	ENSG00000187098	18	ENSP00000324246.6
9357	ENSG00000150768	17	ENSP00000280346.7
9378	ENSG00000176155	21	ENSP00000376154.3
9383	ENSG00000185880	13	ENSP00000342922.4
9406	ENSG00000140836	17	ENSP00000438926.3
9411	ENSG00000198324	14	ENSP00000507123.1
9414	ENSG00000143382	16	ENSP00000501255.1
9430	ENSG00000163749	18	ENSP00000401742.2
9453	ENSG00000196378	13	ENSP00000396894.2
9456	ENSG00000105122	13	ENSP00000476634.1
9457	ENSG00000112305	15	ENSP00000313382.5
9484	ENSG00000103064	15	ENSP00000219343.6
9485	ENSG00000114854	8	ENSP00000232975.3
9496	ENSG00000110324	12	ENSP00000227752.4
9501	ENSG00000179564	4	ENSP00000315081.3
9573	ENSG00000064726	10	ENSP00000261721.4
9580	ENSG00000143147	15	ENSP00000506967.1
9625	ENSG00000179222	18	ENSP00000325333.8
9634	ENSG00000164007	11	ENSP00000361617.3
9635	ENSG00000161202	20	ENSP00000316054.3
9637	ENSG00000127191	18	ENSP00000247668.2
9640	ENSG00000164287	13	ENSP00000423919.1
9650	ENSG00000092094	11	ENSP00000206542.4
9660	ENSG00000164983	9	ENSP00000297632.6
9711	ENSG00000108509	21	ENSP00000354828.5
9722	ENSG00000243772	8	ENSP00000342215.3
9726	ENSG00000175283	8	ENSP00000361667.3
9746	ENSG00000132938	22	ENSP00000370186.2
9802	ENSG00000115170	16	ENSP00000405004.1
9818	ENSG00000168878	19	ENSP00000428719.2
9846	ENSG00000152430	19	ENSP00000376116.4
9849	ENSG00000187730	9	ENSP00000367848.4
9866	ENSG00000004838	14	ENSP00000231749.3
9895	ENSG00000125457	15	ENSP00000245551.5
9899	ENSG00000132821	12	ENSP00000362560.4
9904	ENSG00000116157	6	ENSP00000354677.4
9905	ENSG00000039650	12	ENSP00000323511.2
9911	ENSG00000164530	15	ENSP00000497550.1
9926	ENSG00000135406	15	ENSP00000257860.4
9939	ENSG00000136931	10	ENSP00000362690.4
9950	ENSG00000101413	12	ENSP00000362532.4
9955	ENSG00000150337	14	ENSP00000358165.4
9958	ENSG00000165588	19	ENSP00000500115.1
9962	ENSG00000107789	16	ENSP00000361064.4
9970	ENSG00000175309	15	ENSP00000310978.5
9976	ENSG00000161958	11	ENSP00000293829.4
9980	ENSG00000110777	12	ENSP00000376786.3
10003	ENSG00000198586	14	ENSP00000411099.2
10009	ENSG00000165168	9	ENSP00000367851.4
10011	ENSG00000078246	17	ENSP00000410051.2
10016	ENSG00000161405	17	ENSP00000344544.3
10051	ENSG00000050748	18	ENSP00000394560.2
10056	ENSG00000186523	15	ENSP00000434799.1
10057	ENSG00000105991	10	ENSP00000494260.2
10061	ENSG00000131773	15	ENSP00000348108.5
10064	ENSG00000185774	16	ENSP00000371587.2
10106	ENSG00000080802	21	ENSP00000399108.2
10122	ENSG00000116903	7	ENSP00000355605.2
10125	ENSG00000150961	15	ENSP00000280551.6
10132	ENSG00000143768	13	ENSP00000355785.5
10153	ENSG00000160285	15	ENSP00000380837.2
10159	ENSG00000197343	11	ENSP00000252713.4
10165	ENSG00000100122	7	ENSP00000497249.1
10177	ENSG00000077800	13	ENSP00000252037.4
10195	ENSG00000151117	9	ENSP00000280734.2
10204	ENSG00000117602	13	ENSP00000363516.3
10210	ENSG00000189007	16	ENSP00000475651.1
10217	ENSG00000101298	15	ENSP00000371297.3
10225	ENSG00000102100	16	ENSP00000402726.2
10252	ENSG00000102081	16	ENSP00000355115.4
10255	ENSG00000074660	17	ENSP00000263071.4
10280	ENSG00000068024	18	ENSP00000440481.3
10300	ENSG00000144655	15	ENSP00000273153.5
10320	ENSG00000176903	5	ENSP00000318914.3
10343	ENSG00000161921	17	ENSP00000293778.7
10352	ENSG00000156735	11	ENSP00000287322.4
10441	ENSG00000157869	16	ENSP00000328551.5
10460	ENSG00000197978	10	ENSP00000481078.1
10471	ENSG00000140332	18	ENSP00000453760.1
10486	ENSG00000165633	13	ENSP00000331062.3
10493	ENSG00000175029	17	ENSP00000357816.5
10496	ENSG00000198908	12	ENSP00000354675.4
10501	ENSG00000147526	20	ENSP00000428706.1
10508	ENSG00000148948	8	ENSP00000278198.1
10512	ENSG00000117593	12	ENSP00000497569.1
10522	ENSG00000139737	23	ENSP00000351507.2
10556	ENSG00000197024	9	ENSP00000420418.1
10585	ENSG00000065882	18	ENSP00000261439.4
10613	ENSG00000187231	14	ENSP00000415332.2
10617	ENSG00000168672	4	ENSP00000302578.3
10632	ENSG00000127947	16	ENSP00000248594.6
10640	ENSG00000181894	15	ENSP00000470008.1
10650	ENSG00000197329	12	ENSP00000351789.4
10658	ENSG00000111450	15	ENSP00000261653.6
10661	ENSG00000152969	21	ENSP00000282924.5
10677	ENSG00000196911	12	ENSP00000357552.1
10696	ENSG00000141699	11	ENSP00000309432.4
10698	ENSG00000133104	14	ENSP00000497209.1
10699	ENSG00000157429	16	ENSP00000288177.5
10705	ENSG00000176105	14	ENSP00000324740.4
10726	ENSG00000004487	18	ENSP00000349049.3
10732	ENSG00000163093	12	ENSP00000295240.3
10735	ENSG00000165060	15	ENSP00000419243.2
10738	ENSG00000025796	14	ENSP00000357998.4
10746	ENSG00000163406	11	ENSP00000417085.1
10747	ENSG00000198689	13	ENSP00000359729.4
10751	ENSG00000241935	9	ENSP00000359680.4
10794	ENSG00000157450	16	ENSP00000288199.5
10798	ENSG00000136603	15	ENSP00000259119.4
10812	ENSG00000178567	8	ENSP00000406027.1
10818	ENSG00000163378	14	ENSP00000295571.5
10820	ENSG00000196482	18	ENSP00000500992.1
10821	ENSG00000139714	12	ENSP00000347486.3
10823	ENSG00000124171	9	ENSP00000360672.2
10844	ENSG00000111424	12	ENSP00000449573.2
10849	ENSG00000186106	11	ENSP00000335287.3
10851	ENSG00000077092	20	ENSP00000332296.4
10855	ENSG00000116017	11	ENSP00000263620.2
10876	ENSG00000143442	23	ENSP00000515215.1
10882	ENSG00000121406	9	ENSP00000365407.2
10884	ENSG00000159267	17	ENSP00000338387.3
10885	ENSG00000134532	20	ENSP00000493866.1
10904	ENSG00000171840	13	ENSP00000307552.5
10906	ENSG00000127328	22	ENSP00000368092.6
10937	ENSG00000205838	15	ENSP00000422188.1
10950	ENSG00000174460	4	ENSP00000308921.2
10996	ENSG00000146109	5	ENSP00000274849.1
11013	ENSG00000138738	11	ENSP00000377955.2
11032	ENSG00000167996	16	ENSP00000273550.7
11060	ENSG00000171160	18	ENSP00000307636.6
11089	ENSG00000167580	8	ENSP00000199280.3
11091	ENSG00000116199	12	ENSP00000263733.4
11100	ENSG00000196470	12	ENSP00000349156.3
11101	ENSG00000139567	13	ENSP00000373574.4
11110	ENSG00000171847	11	ENSP00000445418.1
11130	ENSG00000175782	11	ENSP00000381089.2
11132	ENSG00000063245	15	ENSP00000085079.6
11163	ENSG00000151338	21	ENSP00000438319.2
11167	ENSG00000153714	6	ENSP00000321026.3
11175	ENSG00000110906	13	ENSP00000228495.6
11190	ENSG00000164877	19	ENSP00000297508.7
11204	ENSG00000158691	15	ENSP00000354305.1
11229	ENSG00000140859	16	ENSP00000454659.1
11238	ENSG00000143641	10	ENSP00000355632.4
11256	ENSG00000029725	17	ENSP00000445408.2
11275	ENSG00000148672	10	ENSP00000277865.4
11288	ENSG00000164463	12	ENSP00000296953.2
11297	ENSG00000073282	14	ENSP00000264731.3
11304	ENSG00000164649	20	ENSP00000383986.3
11305	ENSG00000036257	14	ENSP00000264414.4
11317	ENSG00000116754	14	ENSP00000359989.1
11329	ENSG00000177301	16	ENSP00000358785.3
11340	ENSG00000278570	5	ENSP00000479254.1
11356	ENSG00000260220	7	ENSP00000457438.2
11373	ENSG00000213203	3	ENSP00000302833.5
11374	ENSG00000102218	6	ENSP00000218340.3
11381	ENSG00000143119	14	ENSP00000271324.5
11386	ENSG00000161217	12	ENSP00000394617.1
11403	ENSG00000119772	19	ENSP00000324375.5
11407	ENSG00000139083	11	ENSP00000379658.3
11411	ENSG00000004534	15	ENSP00000393530.1
11412	ENSG00000132612	16	ENSP00000254950.11
11423	ENSG00000234616	9	ENSP00000482410.1
11435	ENSG00000174099	12	ENSP00000312274.6
11443	ENSG00000183287	15	ENSP00000404464.2
11451	ENSG00000129295	10	ENSP00000484634.1
11452	ENSG00000181404	18	ENSP00000512441.1
11461	ENSG00000117758	14	ENSP00000363054.4
11503	ENSG00000184584	14	ENSP00000331288.4
11508	ENSG00000215193	14	ENSP00000382648.4
11539	ENSG00000186453	13	ENSP00000295150.3
11556	ENSG00000187244	12	ENSP00000270233.5
11563	ENSG00000077522	15	ENSP00000355537.4
11567	ENSG00000106052	14	ENSP00000379612.2
11570	ENSG00000204104	12	ENSP00000375851.3
11572	ENSG00000107404	21	ENSP00000368169.5
11579	ENSG00000198353	8	ENSP00000399808.2
11582	ENSG00000124214	21	ENSP00000360922.2
11596	ENSG00000169592	15	ENSP00000457016.1
11603	ENSG00000134138	22	ENSP00000341400.4
11611	ENSG00000164754	16	ENSP00000297338.2
11621	ENSG00000122033	15	ENSP00000370512.3
11629	ENSG00000138696	11	ENSP00000426617.1
11648	ENSG00000140262	18	ENSP00000331057.6
11670	ENSG00000141469	18	ENSP00000318546.4
11671	ENSG00000198690	10	ENSP00000499742.1
11685	ENSG00000126218	12	ENSP00000364709.3
11688	ENSG00000166170	12	ENSP00000299204.4
11699	ENSG00000099814	17	ENSP00000451249.1
11723	ENSG00000112578	10	ENSP00000230340.4
11745	ENSG00000090238	12	ENSP00000381821.1
11746	ENSG00000213024	13	ENSP00000305503.3
11786	ENSG00000204217	16	ENSP00000363708.4
11788	ENSG00000115274	15	ENSP00000233331.7
11791	ENSG00000130363	13	ENSP00000356036.1
11798	ENSG00000126804	14	ENSP00000506911.1
11800	ENSG00000136238	20	ENSP00000258737.7
11805	ENSG00000166949	17	ENSP00000332973.4
11816	ENSG00000184012	14	ENSP00000330330.5
11817	ENSG00000140259	7	ENSP00000267812.3
11830	ENSG00000182481	10	ENSP00000332455.3
11832	ENSG00000142867	14	ENSP00000498104.1
11837	ENSG00000160877	7	ENSP00000292431.3
11843	ENSG00000178726	7	ENSP00000366307.2
11847	ENSG00000162729	14	ENSP00000316664.7
11853	ENSG00000138035	15	ENSP00000400646.2
11866	ENSG00000115085	15	ENSP00000264972.5
11872	ENSG00000140416	24	ENSP00000334624.4
11895	ENSG00000186510	12	ENSP00000364844.1
11907	ENSG00000101871	17	ENSP00000312678.4
11913	ENSG00000169548	3	ENSP00000302855.3
11922	ENSG00000122180	5	ENSP00000241651.4
11924	ENSG00000037965	6	ENSP00000040584.4
11929	ENSG00000160741	17	ENSP00000357622.1
11933	ENSG00000012061	16	ENSP00000013807.4
11938	ENSG00000180806	5	ENSP00000302836.4
11943	ENSG00000158825	6	ENSP00000364212.3
11965	ENSG00000123562	18	ENSP00000391969.2
11971	ENSG00000106483	12	ENSP00000410715.2
11973	ENSG00000103591	13	ENSP00000261880.5
11984	ENSG00000112237	13	ENSP00000428982.1
12007	ENSG00000116251	11	ENSP00000346088.3
12016	ENSG00000157227	14	ENSP00000308208.6
12023	ENSG00000067715	15	ENSP00000261205.4
12025	ENSG00000180644	8	ENSP00000398568.1
12036	ENSG00000165730	16	ENSP00000298596.6
12040	ENSG00000114638	8	ENSP00000264234.3
12043	ENSG00000091651	9	ENSP00000219097.2
12052	ENSG00000181404	18	ENSP00000512441.1
12100	ENSG00000126785	13	ENSP00000316729.3
12118	ENSG00000132423	12	ENSP00000254759.3
12123	ENSG00000242259	9	ENSP00000382474.5
12129	ENSG00000168591	16	ENSP00000350672.3
12130	ENSG00000104490	18	ENSP00000220931.6
12132	ENSG00000172534	14	ENSP00000309555.7
12141	ENSG00000166734	20	ENSP00000299957.6
12160	ENSG00000188368	11	ENSP00000472962.1
12165	ENSG00000165071	15	ENSP00000349296.3
12188	ENSG00000180448	11	ENSP00000316772.2
12228	ENSG00000165138	18	ENSP00000364159.2
12230	ENSG00000146112	12	ENSP00000274853.3
12260	ENSG00000106089	12	ENSP00000222812.3
12265	ENSG00000102003	12	ENSP00000263233.4
12279	ENSG00000172346	15	ENSP00000302485.7
12295	ENSG00000105518	14	ENSP00000346954.4
12303	ENSG00000120370	14	ENSP00000356736.2
12333	ENSG00000197381	18	ENSP00000015877.6
12339	ENSG00000110367	14	ENSP00000442266.1
12343	ENSG00000134371	14	ENSP00000356405.4
12368	ENSG00000135211	6	ENSP00000257663.3
12385	ENSG00000160783	19	ENSP00000357260.3
12387	ENSG00000166886	13	ENSP00000300131.3
12430	ENSG00000162300	13	ENSP00000294258.3
12435	ENSG00000136754	18	ENSP00000365309.2
12437	ENSG00000043143	22	ENSP00000354425.2
12438	ENSG00000056558	11	ENSP00000362994.3
12452	ENSG00000104756	16	ENSP00000221200.4
12527	ENSG00000171135	15	ENSP00000496942.1
12535	ENSG00000213689	14	ENSP00000486676.2
12541	ENSG00000223501	9	ENSP00000409952.2
12545	ENSG00000068438	15	ENSP00000326948.2
12549	ENSG00000196976	8	ENSP00000349923.4
12554	ENSG00000173372	18	ENSP00000363773.3
12568	ENSG00000171953	16	ENSP00000417190.2
12573	ENSG00000175084	13	ENSP00000363071.3
12585	ENSG00000130598	17	ENSP00000371336.1
12587	ENSG00000196715	7	ENSP00000353998.2
12590	ENSG00000221838	10	ENSP00000352603.4
12626	ENSG00000170037	14	ENSP00000456335.1
12632	ENSG00000080189	15	ENSP00000361304.5
12638	ENSG00000019582	17	ENSP00000230685.6
12653	ENSG00000145982	13	ENSP00000274680.4
12657	ENSG00000160226	16	ENSP00000381047.3
12685	ENSG00000164080	14	ENSP00000410283.1
12686	ENSG00000100320	24	ENSP00000391670.2
12696	ENSG00000168517	11	ENSP00000466200.2
12705	ENSG00000137868	19	ENSP00000378537.4
12739	ENSG00000065135	12	ENSP00000358867.4
12746	ENSG00000149922	12	ENSP00000378650.2
12765	ENSG00000233608	4	ENSP00000482581.1
12792	ENSG00000160410	15	ENSP00000291842.4
12801	ENSG00000005075	16	ENSP00000292614.5
12806	ENSG00000151239	14	ENSP00000448750.1
12825	ENSG00000171217	5	ENSP00000356133.3
12834	ENSG00000162599	18	ENSP00000360229.3
12844	ENSG00000155329	12	ENSP00000423276.1
12861	ENSG00000183888	4	ENSP00000332162.2
12865	ENSG00000145675	16	ENSP00000338554.5
12868	ENSG00000182247	11	ENSP00000379931.1
12877	ENSG00000137955	16	ENSP00000317473.3
12904	ENSG00000116120	11	ENSP00000281828.6
12918	ENSG00000164414	19	ENSP00000358565.4
12919	ENSG00000149798	5	ENSP00000279249.2
12920	ENSG00000124145	6	ENSP00000361818.3
12927	ENSG00000132122	12	ENSP00000360909.3
12936	ENSG00000021488	13	ENSP00000023064.3
13022	ENSG00000183918	18	ENSP00000360181.5
13067	ENSG00000117475	14	ENSP00000356782.3
13108	ENSG00000110079	19	ENSP00000338648.4
13113	ENSG00000124370	11	ENSP00000244217.5
13114	ENSG00000103569	10	ENSP00000219919.4
13125	ENSG00000129460	17	ENSP00000386134.3
13142	ENSG00000006659	13	ENSP00000375905.2
13149	ENSG00000169551	13	ENSP00000276241.6
13167	ENSG00000168301	13	ENSP00000384948.3
13182	ENSG00000147601	15	ENSP00000276602.6
13199	ENSG00000158296	14	ENSP00000279027.4
13206	ENSG00000136305	12	ENSP00000451089.1
13211	ENSG00000136770	11	ENSP00000366179.3
13215	ENSG00000169519	21	ENSP00000385507.3
13219	ENSG00000164294	14	ENSP00000423822.1
13227	ENSG00000277586	4	ENSP00000482169.2
13235	ENSG00000029534	22	ENSP00000319123.8
13286	ENSG00000173467	9	ENSP00000308606.2
13295	ENSG00000137561	5	ENSP00000260116.4
13314	ENSG00000086506	3	ENSP00000199708.2
13318	ENSG00000125888	15	ENSP00000246090.5
13320	ENSG00000134086	9	ENSP00000344757.2
13326	ENSG00000146007	11	ENSP00000274712.2
13341	ENSG00000197061	5	ENSP00000367034.3
13363	ENSG00000089916	18	ENSP00000450657.1
13378	ENSG00000134333	14	ENSP00000395337.3
13423	ENSG00000136158	12	ENSP00000366306.1
13479	ENSG00000010361	14	ENSP00000435177.1
13502	ENSG00000167653	5	ENSP00000301258.4
13540	ENSG00000244045	13	ENSP00000292114.3
13542	ENSG00000177238	14	ENSP00000312675.3
13548	ENSG00000131080	15	ENSP00000363851.3
13554	ENSG00000168237	18	ENSP00000389175.2
13559	ENSG00000143603	19	ENSP00000354764.4
13561	ENSG00000179455	10	ENSP00000313881.3
13563	ENSG00000213995	12	ENSP00000504986.1
13571	ENSG00000196584	4	ENSP00000352271.1
13579	ENSG00000104835	15	ENSP00000221431.6
13585	ENSG00000167578	18	ENSP00000349560.2
13592	ENSG00000170477	13	ENSP00000448220.1
13597	ENSG00000167131	17	ENSP00000391692.2
13600	ENSG00000131737	7	ENSP00000377570.3
13612	ENSG00000197172	11	ENSP00000329199.5
13628	ENSG00000134545	14	ENSP00000352064.3
13657	ENSG00000121068	14	ENSP00000240328.3
13662	ENSG00000197191	7	ENSP00000498316.1
13689	ENSG00000035862	12	ENSP00000262768.6
13721	ENSG00000147596	4	ENSP00000276594.2
13767	ENSG00000144381	18	ENSP00000373620.3
13768	ENSG00000024048	11	ENSP00000361994.2
13790	ENSG00000174697	5	ENSP00000312652.4
13791	ENSG00000254997	4	ENSP00000431443.3
13795	ENSG00000005102	14	ENSP00000321684.4
13796	ENSG00000223609	11	ENSP00000497529.1
13813	ENSG00000160202	7	ENSP00000291554.2
13830	ENSG00000233816	4	ENSP00000394494.2
13831	ENSG00000182533	7	ENSP00000341940.2
13835	ENSG00000070193	5	ENSP00000264664.4
13850	ENSG00000135222	7	ENSP00000341030.3
13874	ENSG00000165471	7	ENSP00000502789.1
13876	ENSG00000172680	1	ENSP00000310722.1
13913	ENSG00000168939	13	ENSP00000511806.1
13916	ENSG00000120457	12	ENSP00000433295.1
13919	ENSG00000143614	11	ENSP00000357644.4
13939	ENSG00000170442	12	ENSP00000444533.1
13943	ENSG00000124827	7	ENSP00000368805.4
13953	ENSG00000171954	13	ENSP00000269703.1
13954	ENSG00000151079	8	ENSP00000280684.3
13969	ENSG00000160185	15	ENSP00000291535.6
13989	ENSG00000128710	6	ENSP00000249501.4
14011	ENSG00000164822	5	ENSP00000297436.2
14012	ENSG00000163606	11	ENSP00000311035.3
14015	ENSG00000162409	12	ENSP00000360290.4
14019	ENSG00000178538	10	ENSP00000314407.4
14023	ENSG00000166407	14	ENSP00000338207.3
14031	ENSG00000100652	5	ENSP00000216540.4
14048	ENSG00000088782	5	ENSP00000371825.3
14057	ENSG00000212899	3	ENSP00000375428.1
14087	ENSG00000162624	16	ENSP00000294638.5
14117	ENSG00000079805	19	ENSP00000347890.6
14122	ENSG00000185920	18	ENSP00000449745.1
14153	ENSG00000165699	15	ENSP00000386093.1
14158	ENSG00000111237	19	ENSP00000353786.7
14202	ENSG00000118503	17	ENSP00000237289.4
14208	ENSG00000076513	17	ENSP00000474172.1
14215	ENSG00000167768	4	ENSP00000252244.3
14217	ENSG00000135903	20	ENSP00000258387.5
14221	ENSG00000134504	14	ENSP00000464170.1
14232	ENSG00000157168	20	ENSP00000433289.1
14249	ENSG00000167889	13	ENSP00000301618.4
14251	ENSG00000196843	17	ENSP00000400785.1
14269	ENSG00000196391	11	ENSP00000346348.3
14273	ENSG00000164056	11	ENSP00000498292.1
14309	ENSG00000126524	12	ENSP00000246868.2
14311	ENSG00000038945	15	ENSP00000262101.5
14318	ENSG00000068615	20	ENSP00000165698.5
14319	ENSG00000198625	14	ENSP00000356150.3
14338	ENSG00000137210	14	ENSP00000368858.5
14364	ENSG00000260287	4	ENSP00000456861.1
14377	ENSG00000163098	6	ENSP00000412957.1
14387	ENSG00000188312	14	ENSP00000364737.3
14396	ENSG00000122643	23	ENSP00000476480.2
14398	ENSG00000178104	21	ENSP00000316434.9
14404	ENSG00000185594	7	ENSP00000328149.3
14408	ENSG00000152076	19	ENSP00000386294.3
14410	ENSG00000138867	17	ENSP00000405985.1
14421	ENSG00000135249	8	ENSP00000257700.2
14440	ENSG00000176531	11	ENSP00000471158.1
14441	ENSG00000125447	18	ENSP00000446421.2
14444	ENSG00000106617	15	ENSP00000376549.2
14447	ENSG00000144228	9	ENSP00000280098.4
14458	ENSG00000161594	7	ENSP00000293303.4
14468	ENSG00000196511	15	ENSP00000353165.3
14495	ENSG00000155313	16	ENSP00000285679.6
14497	ENSG00000089876	12	ENSP00000284690.3
14498	ENSG00000168140	5	ENSP00000306864.3
14534	ENSG00000147894	17	ENSP00000369339.3
14577	ENSG00000168685	15	ENSP00000306157.3
14596	ENSG00000156097	13	ENSP00000432456.1
14613	ENSG00000012048	24	ENSP00000417148.1
14642	ENSG00000105576	16	ENSP00000349321.4
14650	ENSG00000150776	18	ENSP00000432188.1
14656	ENSG00000185963	14	ENSP00000349351.6
14673	ENSG00000091140	15	ENSP00000205402.3
14679	ENSG00000123080	12	ENSP00000360826.3
14681	ENSG00000147416	11	ENSP00000276390.2
14691	ENSG00000131023	13	ENSP00000444678.1
14795	ENSG00000182885	17	ENSP00000332900.4
14830	ENSG00000123349	15	ENSP00000334188.4
14862	ENSG00000167110	19	ENSP00000416097.4
14864	ENSG00000146457	16	ENSP00000479438.1
14872	ENSG00000087111	22	ENSP00000309430.7
14879	ENSG00000184402	15	ENSP00000359885.5
14887	ENSG00000147421	18	ENSP00000287701.10
14891	ENSG00000074266	23	ENSP00000338186.5
14908	ENSG00000196553	15	ENSP00000490936.1
14910	ENSG00000113924	12	ENSP00000283871.5
14935	ENSG00000244395	6	ENSP00000399181.2
14957	ENSG00000165828	15	ENSP00000416126.2
14959	ENSG00000198223	18	ENSP00000370940.3
14966	ENSG00000170421	13	ENSP00000509398.1
14968	ENSG00000106012	18	ENSP00000385597.2
14973	ENSG00000186081	12	ENSP00000252242.4
14983	ENSG00000197256	11	ENSP00000465650.1
14996	ENSG00000204304	12	ENSP00000364190.3
15010	ENSG00000187595	18	ENSP00000497108.1
15065	ENSG00000153094	24	ENSP00000376943.2
15066	ENSG00000147231	14	ENSP00000361628.4
52589	ENSG00000244362	3	ENSP00000334696.2
52604	ENSG00000188038	8	ENSP00000342411.3
52607	ENSG00000187556	8	ENSP00000341992.4
52634	ENSG00000166569	8	ENSP00000299721.3
52638	ENSG00000143158	11	ENSP00000271373.4
52655	ENSG00000102007	11	ENSP00000365505.5
52659	ENSG00000177551	5	ENSP00000322087.3
52678	ENSG00000120327	7	ENSP00000239449.4
52694	ENSG00000168263	9	ENSP00000371514.3
52699	ENSG00000164010	15	ENSP00000361595.2
52744	ENSG00000143858	12	ENSP00000356237.4
52758	ENSG00000180884	10	ENSP00000474130.1
52781	ENSG00000152359	15	ENSP00000399481.2
52785	ENSG00000182040	9	ENSP00000480279.1
52802	ENSG00000169379	17	ENSP00000377769.3
52806	ENSG00000177689	10	ENSP00000368304.1
52828	ENSG00000197566	10	ENSP00000310472.7
52849	ENSG00000163126	15	ENSP00000321679.4
52859	ENSG00000128596	17	ENSP00000417931.1
52866	ENSG00000170956	17	ENSP00000349971.3
52879	ENSG00000100603	14	ENSP00000261531.8
52891	ENSG00000164107	9	ENSP00000352565.4
52903	ENSG00000284194	3	ENSP00000379046.4
52912	ENSG00000129159	9	ENSP00000368785.3
52920	ENSG00000189067	14	ENSP00000483114.1
52936	ENSG00000165646	14	ENSP00000496339.1
52938	ENSG00000129167	10	ENSP00000508368.1
52942	ENSG00000170296	10	ENSP00000306866.5
52949	ENSG00000186638	17	ENSP00000368472.3
52950	ENSG00000115808	12	ENSP00000263918.4
52956	ENSG00000198931	11	ENSP00000367615.3
52971	ENSG00000065491	8	ENSP00000362590.3
52977	ENSG00000177096	9	ENSP00000312753.3
52988	ENSG00000019186	10	ENSP00000379285.3
52993	ENSG00000113790	11	ENSP00000231887.3
53010	ENSG00000105866	15	ENSP00000222584.3
53025	ENSG00000198081	11	ENSP00000499212.1
53030	ENSG00000170264	13	ENSP00000385893.3
53031	ENSG00000142619	4	ENSP00000364609.3
53044	ENSG00000198920	11	ENSP00000355250.3
53053	ENSG00000204536	15	ENSP00000365442.5
53065	ENSG00000136634	7	ENSP00000412237.1
53089	ENSG00000240505	9	ENSP00000462952.1
53090	ENSG00000120742	11	ENSP00000239944.2
53113	ENSG00000170276	6	ENSP00000302476.3
53212	ENSG00000065371	18	ENSP00000385919.3
53219	ENSG00000155890	4	ENSP00000286349.3
53235	ENSG00000124562	10	ENSP00000244520.5
53238	ENSG00000142961	16	ENSP00000315113.3
53281	ENSG00000068976	14	ENSP00000164139.3
53344	ENSG00000155158	20	ENSP00000422496.2
53412	ENSG00000140961	14	ENSP00000376983.1
53456	ENSG00000160602	14	ENSP00000268766.6
53479	ENSG00000091010	6	ENSP00000495718.1
53508	ENSG00000170509	12	ENSP00000333300.4
53524	ENSG00000182318	6	ENSP00000332433.3
53536	ENSG00000215790	9	ENSP00000246421.4
53595	ENSG00000134516	20	ENSP00000429283.3
53604	ENSG00000099860	9	ENSP00000215631.3
53625	ENSG00000183304	10	ENSP00000370391.3
53626	ENSG00000187170	6	ENSP00000357766.1
53651	ENSG00000177565	19	ENSP00000413251.3
53657	ENSG00000049768	18	ENSP00000365380.4
53675	ENSG00000179083	7	ENSP00000507109.1
53702	ENSG00000182107	7	ENSP00000450842.1
53737	ENSG00000170819	5	ENSP00000304987.2
53738	ENSG00000188011	5	ENSP00000345374.3
53744	ENSG00000198390	5	ENSP00000347635.2
53777	ENSG00000158815	11	ENSP00000352414.3
53785	ENSG00000185900	11	ENSP00000331258.5
53798	ENSG00000169599	13	ENSP00000387219.3
53802	ENSG00000215114	10	ENSP00000382507.2
53820	ENSG00000110244	7	ENSP00000350425.3
53833	ENSG00000100065	15	ENSP00000251973.5
53836	ENSG00000130957	5	ENSP00000364486.3
53842	ENSG00000137575	12	ENSP00000260130.4
53851	ENSG00000188467	11	ENSP00000341550.3
53886	ENSG00000104964	15	ENSP00000221561.7
53890	ENSG00000105369	10	ENSP00000221972.3
53921	ENSG00000054392	13	ENSP00000261458.3
53941	ENSG00000172977	13	ENSP00000366245.3
53942	ENSG00000162924	16	ENSP00000377989.4
53964	ENSG00000008441	19	ENSP00000467785.1
53965	ENSG00000099956	20	ENSP00000383984.3
53991	ENSG00000239886	5	ENSP00000366950.3
54043	ENSG00000172782	13	ENSP00000481684.1
54046	ENSG00000119326	15	ENSP00000320434.4
54054	ENSG00000196437	12	ENSP00000375993.2
54082	ENSG00000105618	14	ENSP00000324122.4
54097	ENSG00000130700	7	ENSP00000252997.2
54115	ENSG00000112365	6	ENSP00000230122.4
54139	ENSG00000186838	15	ENSP00000333956.4
54142	ENSG00000102837	7	ENSP00000219022.2
54148	ENSG00000147044	23	ENSP00000495291.2
54167	ENSG00000048392	13	ENSP00000251810.3
54175	ENSG00000122859	5	ENSP00000242462.4
54230	ENSG00000135517	9	ENSP00000498622.1
54271	ENSG00000115593	15	ENSP00000393453.2
54276	ENSG00000101200	5	ENSP00000369647.3
54296	ENSG00000171401	15	ENSP00000246635.3
54308	ENSG00000057294	17	ENSP00000342800.5
54326	ENSG00000158813	18	ENSP00000363680.4
54341	ENSG00000070159	14	ENSP00000363667.1
54354	ENSG00000212721	4	ENSP00000375232.2
54355	ENSG00000108001	16	ENSP00000357637.3
54364	ENSG00000168412	7	ENSP00000302811.5
54406	ENSG00000181585	7	ENSP00000494576.2
54416	ENSG00000171517	6	ENSP00000359643.3
54426	ENSG00000198466	12	ENSP00000345479.4
54459	ENSG00000181481	14	ENSP00000328340.5
54484	ENSG00000102879	17	ENSP00000219150.6
54492	ENSG00000170128	5	ENSP00000301917.2
54625	ENSG00000112624	13	ENSP00000313933.4
54642	ENSG00000126016	17	ENSP00000305557.1
54647	ENSG00000009790	15	ENSP00000355992.3
54667	ENSG00000183640	6	ENSP00000332805.4
54668	ENSG00000204889	11	ENSP00000366984.4
54690	ENSG00000130950	15	ENSP00000253262.4
54692	ENSG00000290292	10	ENSP00000350049.4
54699	ENSG00000184033	14	ENSP00000332602.2
54736	ENSG00000198218	12	ENSP00000378830.2
54741	ENSG00000126945	9	ENSP00000361927.2
54777	ENSG00000189057	11	ENSP00000341565.3
54784	ENSG00000084734	9	ENSP00000264717.2
54816	ENSG00000113318	11	ENSP00000265081.6
54835	ENSG00000138081	22	ENSP00000385398.1
54847	ENSG00000123500	10	ENSP00000498802.1
54855	ENSG00000187223	4	ENSP00000357773.1
54869	ENSG00000182591	6	ENSP00000330720.4
54901	ENSG00000186628	12	ENSP00000335651.8
54914	ENSG00000198650	11	ENSP00000348234.4
54957	ENSG00000166348	20	ENSP00000505692.1
54965	ENSG00000183783	7	ENSP00000353129.3
55014	ENSG00000012779	12	ENSP00000363512.2
55026	ENSG00000112837	17	ENSP00000358677.4
55030	ENSG00000196792	12	ENSP00000347909.5
55039	ENSG00000146054	18	ENSP00000274773.7
55045	ENSG00000131061	15	ENSP00000364346.1
55128	ENSG00000136492	10	ENSP00000259008.2
55150	ENSG00000119684	16	ENSP00000370355.3
55162	ENSG00000151849	16	ENSP00000371308.4
55222	ENSG00000163817	17	ENSP00000346298.4
55237	ENSG00000264343	7	ENSP00000354929.6
55246	ENSG00000100504	17	ENSP00000216392.7
55247	ENSG00000089127	15	ENSP00000415721.2
55254	ENSG00000152475	7	ENSP00000471478.1
55307	ENSG00000104611	12	ENSP00000265807.3
55321	ENSG00000140718	21	ENSP00000417843.1
55327	ENSG00000188807	13	ENSP00000344772.5
55351	ENSG00000143514	18	ENSP00000375750.2
55390	ENSG00000105750	15	ENSP00000342340.5
55406	ENSG00000184507	17	ENSP00000329448.4
55475	ENSG00000130475	16	ENSP00000473001.1
55531	ENSG00000137074	20	ENSP00000500601.1
55625	ENSG00000120896	14	ENSP00000240123.7
55647	ENSG00000137504	15	ENSP00000433459.1
55664	ENSG00000138100	14	ENSP00000369415.3
55690	ENSG00000167987	11	ENSP00000301765.5
55699	ENSG00000131051	24	ENSP00000253363.6
55730	ENSG00000152404	16	ENSP00000282251.5
55732	ENSG00000165973	19	ENSP00000349654.5
55738	ENSG00000186977	3	ENSP00000334985.2
55769	ENSG00000129991	13	ENSP00000341838.5
55788	ENSG00000126262	5	ENSP00000473159.1
55795	ENSG00000135312	7	ENSP00000358963.3
55804	ENSG00000162399	9	ENSP00000498282.1
55834	ENSG00000170523	3	ENSP00000293670.3
55853	ENSG00000171560	18	ENSP00000385981.3
55855	ENSG00000172867	4	ENSP00000310861.3
55864	ENSG00000181092	10	ENSP00000320709.2
55882	ENSG00000248746	6	ENSP00000426797.1
55888	ENSG00000090539	16	ENSP00000204604.1
55922	ENSG00000179148	10	ENSP00000400581.2
55939	ENSG00000187268	12	ENSP00000369999.3
55940	ENSG00000146618	3	ENSP00000275461.3
55944	ENSG00000213417	3	ENSP00000377583.2
55969	ENSG00000187516	7	ENSP00000339511.3
55999	ENSG00000147223	6	ENSP00000276173.4
56018	ENSG00000139679	16	ENSP00000482660.1
56023	ENSG00000185303	17	ENSP00000361400.2
56039	ENSG00000174586	11	ENSP00000311183.2
56094	ENSG00000179580	10	ENSP00000456566.1
56106	ENSG00000244537	3	ENSP00000366955.2
56108	ENSG00000111361	13	ENSP00000416250.2
56115	ENSG00000101367	9	ENSP00000364721.5
56139	ENSG00000165685	9	ENSP00000445582.2
56141	ENSG00000094796	5	ENSP00000251645.2
56142	ENSG00000132964	13	ENSP00000370938.3
56166	ENSG00000097046	13	ENSP00000234626.6
56199	ENSG00000253797	2	ENSP00000428619.1
56215	ENSG00000127946	17	ENSP00000336747.6
56245	ENSG00000169032	11	ENSP00000302486.5
56266	ENSG00000187079	20	ENSP00000334754.6
56271	ENSG00000212901	4	ENSP00000375430.1
56278	ENSG00000196811	13	ENSP00000374143.3
56360	ENSG00000162614	19	ENSP00000333938.7
56371	ENSG00000179841	8	ENSP00000378207.3
56381	ENSG00000104313	20	ENSP00000342626.3
56441	ENSG00000111052	8	ENSP00000447488.1
56442	ENSG00000196388	9	ENSP00000511805.1
56446	ENSG00000175514	2	ENSP00000310255.2
56463	ENSG00000102021	11	ENSP00000360988.3
56492	ENSG00000111077	18	ENSP00000369232.3
56495	ENSG00000187855	6	ENSP00000345420.5
56508	ENSG00000204919	1	ENSP00000367164.1
56528	ENSG00000170545	17	ENSP00000475068.1
56529	ENSG00000221837	7	ENSP00000381009.3
56532	ENSG00000185499	17	ENSP00000357377.3
56541	ENSG00000272804	3	ENSP00000476821.1
56544	ENSG00000167604	15	ENSP00000380109.1
56547	ENSG00000050730	16	ENSP00000057513.3
56582	ENSG00000105221	18	ENSP00000375892.2
56585	ENSG00000237289	10	ENSP00000413255.2
56614	ENSG00000169509	6	ENSP00000357779.3
56623	ENSG00000163380	16	ENSP00000414670.3
56631	ENSG00000143355	16	ENSP00000356357.4
56638	ENSG00000119403	15	ENSP00000363003.3
56644	ENSG00000196628	20	ENSP00000346440.3
56645	ENSG00000173588	16	ENSP00000447783.1
56646	ENSG00000138738	11	ENSP00000404832.2
56653	ENSG00000025156	13	ENSP00000357440.4
56661	ENSG00000105664	11	ENSP00000222271.2
56678	ENSG00000177807	10	ENSP00000495557.1
56684	ENSG00000103043	15	ENSP00000261776.5
56698	ENSG00000075240	17	ENSP00000385689.1
56717	ENSG00000187766	1	ENSP00000335565.2
56725	ENSG00000244355	8	ENSP00000364985.3
56749	ENSG00000231852	9	ENSP00000415043.2
56779	ENSG00000100206	11	ENSP00000216024.2
56785	ENSG00000167612	13	ENSP00000344690.4
56807	ENSG00000153006	16	ENSP00000427401.3
56819	ENSG00000153684	16	ENSP00000456138.3
56822	ENSG00000159921	20	ENSP00000494141.2
56827	ENSG00000171360	4	ENSP00000246646.3
56828	ENSG00000185966	4	ENSP00000357778.1
56858	ENSG00000205189	12	ENSP00000412036.3
56859	ENSG00000130518	18	ENSP00000470780.1
56868	ENSG00000163618	18	ENSP00000350632.3
56872	ENSG00000146122	17	ENSP00000437808.1
56918	ENSG00000137338	6	ENSP00000506997.1
56924	ENSG00000108256	9	ENSP00000225388.3
70010	ENSG00000004939	16	ENSP00000262418.6
70027	ENSG00000198883	12	ENSP00000445775.1
70040	ENSG00000175513	10	ENSP00000484252.1
70054	ENSG00000153179	13	ENSP00000443021.1
70073	ENSG00000069764	10	ENSP00000393847.4
70095	ENSG00000177504	10	ENSP00000321309.4
70191	ENSG00000197769	6	ENSP00000349785.3
70200	ENSG00000132470	14	ENSP00000405536.3
70243	ENSG00000168071	22	ENSP00000349238.5
70259	ENSG00000100014	20	ENSP00000325785.8
70264	ENSG00000088808	18	ENSP00000202556.9
70294	ENSG00000278318	5	ENSP00000479884.1
70302	ENSG00000138162	19	ENSP00000427618.1
70334	ENSG00000198818	10	ENSP00000354590.3
70352	ENSG00000165688	13	ENSP00000360782.3
70353	ENSG00000110171	21	ENSP00000340797.3
70357	ENSG00000123297	20	ENSP00000499171.2
70368	ENSG00000243335	10	ENSP00000411624.1
70382	ENSG00000092051	18	ENSP00000348648.4
70400	ENSG00000166224	18	ENSP00000362298.3
70408	ENSG00000162881	7	ENSP00000367930.3
70410	ENSG00000136536	15	ENSP00000386830.1
70423	ENSG00000186115	13	ENSP00000221700.3
70436	ENSG00000161896	12	ENSP00000293756.4
70457	ENSG00000170122	6	ENSP00000371940.2
70471	ENSG00000132640	15	ENSP00000477589.1
70473	ENSG00000152977	10	ENSP00000282928.4
70497	ENSG00000172482	5	ENSP00000302620.3
70500	ENSG00000171608	18	ENSP00000366563.4
70511	ENSG00000164185	7	ENSP00000296600.4
70512	ENSG00000186393	6	ENSP00000334798.4
70533	ENSG00000205138	4	ENSP00000368165.2
70550	ENSG00000179930	6	ENSP00000344129.3
70565	ENSG00000203933	3	ENSP00000359571.1
70610	ENSG00000159216	19	ENSP00000501943.1
70681	ENSG00000165995	24	ENSP00000320025.8
70682	ENSG00000146587	18	ENSP00000380120.1
70726	ENSG00000011201	12	ENSP00000262648.3
70750	ENSG00000186212	4	ENSP00000334879.2
70759	ENSG00000163792	6	ENSP00000296096.5
70774	ENSG00000235169	11	ENSP00000496314.2
70810	ENSG00000187912	12	ENSP00000393719.2
70824	ENSG00000166068	13	ENSP00000299084.4
70835	ENSG00000183318	12	ENSP00000509506.1
70851	ENSG00000189090	8	ENSP00000413896.2
70872	ENSG00000204644	10	ENSP00000366080.2
70919	ENSG00000133678	14	ENSP00000361355.3
70922	ENSG00000140092	15	ENSP00000345008.4
70932	ENSG00000048462	11	ENSP00000053243.1
70933	ENSG00000111215	12	ENSP00000228811.4
70947	ENSG00000170485	17	ENSP00000338283.5
70989	ENSG00000124103	10	ENSP00000360379.4
70997	ENSG00000167302	11	ENSP00000300714.3
71001	ENSG00000188021	9	ENSP00000345195.5
71027	ENSG00000196155	13	ENSP00000368649.3
71033	ENSG00000140406	4	ENSP00000267984.2
71045	ENSG00000136720	7	ENSP00000259241.6
71051	ENSG00000198517	10	ENSP00000344903.4
71056	ENSG00000197299	13	ENSP00000347232.3
71060	ENSG00000169981	11	ENSP00000379368.2
71072	ENSG00000205808	7	ENSP00000371307.2
71075	ENSG00000168269	10	ENSP00000415483.2
71077	ENSG00000106348	18	ENSP00000265385.8
71081	ENSG00000102230	14	ENSP00000368440.1
71090	ENSG00000184887	14	ENSP00000418150.3
71099	ENSG00000133103	17	ENSP00000397441.2
71105	ENSG00000189241	8	ENSP00000357597.4
71136	ENSG00000072062	16	ENSP00000309591.3
71146	ENSG00000176148	16	ENSP00000335595.4
71152	ENSG00000126337	14	ENSP00000377555.2
71155	ENSG00000164484	12	ENSP00000296978.3
71163	ENSG00000182132	14	ENSP00000329686.4
71166	ENSG00000270647	7	ENSP00000474096.1
71169	ENSG00000122085	17	ENSP00000375840.2
71174	ENSG00000156050	10	ENSP00000286544.4
71178	ENSG00000154447	15	ENSP00000284637.9
71180	ENSG00000076662	10	ENSP00000160262.3
71191	ENSG00000139531	13	ENSP00000266971.3
71206	ENSG00000130714	19	ENSP00000385797.4
71239	ENSG00000206177	7	ENSP00000349270.3
71240	ENSG00000124237	6	ENSP00000360210.3
71245	ENSG00000108091	11	ENSP00000263102.6
71258	ENSG00000183230	18	ENSP00000389714.1
71286	ENSG00000139132	16	ENSP00000449273.1
71288	ENSG00000127993	16	ENSP00000265732.5
71311	ENSG00000122126	18	ENSP00000349635.5
71337	ENSG00000176715	17	ENSP00000320646.4
71346	ENSG00000146281	6	ENSP00000275072.4
71354	ENSG00000172007	7	ENSP00000306496.5
71372	ENSG00000157657	15	ENSP00000288466.7
71393	ENSG00000165643	11	ENSP00000298466.5
71402	ENSG00000083535	16	ENSP00000478697.1
71415	ENSG00000165802	23	ENSP00000265663.7
71420	ENSG00000132530	17	ENSP00000354822.3
71427	ENSG00000115138	11	ENSP00000379170.2
71430	ENSG00000156206	14	ENSP00000286732.4
71448	ENSG00000001631	17	ENSP00000378013.2
71484	ENSG00000125970	12	ENSP00000246194.3
71503	ENSG00000187650	4	ENSP00000343348.2
71514	ENSG00000188730	5	ENSP00000341819.3
71567	ENSG00000112038	18	ENSP00000328264.7
71575	ENSG00000163599	18	ENSP00000497102.1
71591	ENSG00000163254	5	ENSP00000282141.3
71592	ENSG00000131323	17	ENSP00000376500.3
71602	ENSG00000143105	7	ENSP00000358786.2
71609	ENSG00000204873	5	ENSP00000392189.2
71611	ENSG00000105642	16	ENSP00000507021.1
71622	ENSG00000163646	12	ENSP00000322280.1
71628	ENSG00000187272	7	ENSP00000254072.6
71642	ENSG00000182389	20	ENSP00000438949.1
71646	ENSG00000172497	9	ENSP00000303246.3
71704	ENSG00000108854	16	ENSP00000262435.9
71715	ENSG00000072134	16	ENSP00000378982.2
71745	ENSG00000182816	9	ENSP00000382777.2
71751	ENSG00000126895	16	ENSP00000496396.1
71752	ENSG00000112137	19	ENSP00000329880.8
71769	ENSG00000157542	11	ENSP00000477437.1
71771	ENSG00000168646	14	ENSP00000302625.5
71775	ENSG00000055332	19	ENSP00000233057.4
71783	ENSG00000185630	20	ENSP00000405890.2
71807	ENSG00000111262	6	ENSP00000371985.3
71813	ENSG00000186924	3	ENSP00000333887.2
71821	ENSG00000141127	15	ENSP00000268835.2
71828	ENSG00000165259	14	ENSP00000362272.2
71838	ENSG00000221983	8	ENSP00000388107.1
71841	ENSG00000172421	10	ENSP00000302649.3
71866	ENSG00000164134	14	ENSP00000296543.4
71876	ENSG00000141013	17	ENSP00000268699.4
71881	ENSG00000198937	9	ENSP00000362507.3
71885	ENSG00000183019	8	ENSP00000329920.3
71892	ENSG00000180176	15	ENSP00000325951.4
71894	ENSG00000269699	7	ENSP00000472306.1
71899	ENSG00000198133	9	ENSP00000450859.2
71910	ENSG00000092208	19	ENSP00000308533.7
71924	ENSG00000186970	5	ENSP00000334866.3
71940	ENSG00000105641	4	ENSP00000222248.2
71953	ENSG00000167916	5	ENSP00000264651.2
71954	ENSG00000183837	10	ENSP00000469445.1
71959	ENSG00000188581	9	ENSP00000305975.4
71963	ENSG00000170948	4	ENSP00000471575.1
71965	ENSG00000204435	15	ENSP00000365042.3
71977	ENSG00000156574	10	ENSP00000287139.3
71987	ENSG00000168002	12	ENSP00000301788.7
72011	ENSG00000141485	17	ENSP00000406220.2
72025	ENSG00000147852	17	ENSP00000506072.1
72030	ENSG00000184160	8	ENSP00000386069.2
72045	ENSG00000184811	4	ENSP00000329548.3
72050	ENSG00000166317	12	ENSP00000361964.4
72058	ENSG00000157765	13	ENSP00000425501.1
72064	ENSG00000176182	6	ENSP00000325402.4
72108	ENSG00000250254	2	ENSP00000424261.1
72127	ENSG00000187122	17	ENSP00000266058.4
72137	ENSG00000162946	23	ENSP00000355597.6
72146	ENSG00000138834	15	ENSP00000250894.4
80385	ENSG00000105610	6	ENSP00000264834.3
80593	ENSG00000137073	24	ENSP00000368540.2
81260	ENSG00000274749	1	ENSP00000479656.1
81261	ENSG00000187026	3	ENSP00000334287.2
40080553	ENSG00000160973	8	ENSP00000366534.4
40080645	ENSG00000163914	5	ENSP00000296271.3
40080658	ENSG00000132326	12	ENSP00000254657.3
100000046	ENSG00000184113	10	ENSP00000480623.1
100000400	ENSG00000184381	20	ENSP00000333142.3
100000407	ENSG00000100151	16	ENSP00000349465.3
100000476	ENSG00000100280	17	ENSP00000400065.2
100001965	ENSG00000011275	19	ENSP00000404602.2
100002000	ENSG00000184205	14	ENSP00000364591.4
100002218	ENSG00000150477	15	ENSP00000280020.5
100002287	ENSG00000145332	14	ENSP00000426451.1
100002625	ENSG00000114416	19	ENSP00000388828.2
100008365	ENSG00000186847	6	ENSP00000167586.6
100008515	ENSG00000100934	15	ENSP00000306881.6
100008545	ENSG00000136997	21	ENSP00000367207.3
100008556	ENSG00000205302	7	ENSP00000368831.2
100008839	ENSG00000185043	13	ENSP00000333873.6
100009031	ENSG00000139352	4	ENSP00000266744.3
100009072	ENSG00000007372	25	ENSP00000491295.1
100009115	ENSG00000165171	11	ENSP00000297873.4
100009273	ENSG00000066185	13	ENSP00000361646.3
100009284	ENSG00000090861	17	ENSP00000261772.8
100009390	ENSG00000121957	15	ENSP00000496104.1
100009500	ENSG00000221867	9	ENSP00000359301.3
100009545	ENSG00000099795	7	ENSP00000215565.1
100009557	ENSG00000121361	5	ENSP00000240662.2
100009807	ENSG00000134001	15	ENSP00000256383.4
100009829	ENSG00000105401	9	ENSP00000222005.1
100009982	ENSG00000159128	16	ENSP00000290219.5
100009984	ENSG00000089289	16	ENSP00000348784.4
100010020	ENSG00000044446	12	ENSP00000369274.4
100010307	ENSG00000146425	11	ENSP00000356056.3
100010379	ENSG00000162613	18	ENSP00000294623.4
100010506	ENSG00000170498	10	ENSP00000356162.4
100010599	ENSG00000181019	13	ENSP00000319788.5
100010705	ENSG00000131979	20	ENSP00000419045.2
100010717	ENSG00000143369	15	ENSP00000358043.4
100010933	ENSG00000178028	14	ENSP00000361363.2
100011152	ENSG00000148660	22	ENSP00000315599.3
100011241	ENSG00000104897	10	ENSP00000221494.3
100011278	ENSG00000186832	9	ENSP00000301653.3
100011347	ENSG00000032742	18	ENSP00000261632.5
100011355	ENSG00000118526	7	ENSP00000356857.5
100011404	ENSG00000092295	12	ENSP00000206765.6
100011481	ENSG00000126003	7	ENSP00000246229.4
100011492	ENSG00000133606	11	ENSP00000255977.2
100011508	ENSG00000068400	14	ENSP00000515638.1
100011621	ENSG00000198807	13	ENSP00000355245.6
100011634	ENSG00000145248	7	ENSP00000273861.4
100014221	ENSG00000168703	5	ENSP00000361871.3
100014304	ENSG00000117400	18	ENSP00000361548.3
100014316	ENSG00000116748	22	ENSP00000430075.3
100014332	ENSG00000240386	4	ENSP00000334187.2
100014361	ENSG00000178814	17	ENSP00000480476.1
100014372	ENSG00000121634	6	ENSP00000358238.1
100014378	ENSG00000108417	4	ENSP00000225550.3
100014381	ENSG00000186965	5	ENSP00000335660.3
100014396	ENSG00000197079	9	ENSP00000246639.3
100014440	ENSG00000204897	7	ENSP00000310573.4
100014450	ENSG00000197084	6	ENSP00000475270.1
100014471	ENSG00000187754	9	ENSP00000298181.5
100014491	ENSG00000186207	5	ENSP00000333952.2
100014515	ENSG00000176009	4	ENSP00000435770.1
100014548	ENSG00000067208	16	ENSP00000359356.1
100014723	ENSG00000185960	15	ENSP00000370987.1
100014733	ENSG00000186930	4	ENSP00000334560.3
100014766	ENSG00000197487	9	ENSP00000349884.2
100015072	ENSG00000186844	6	ENSP00000334869.2
100015084	ENSG00000173908	9	ENSP00000305263.7
100015109	ENSG00000268988	2	ENSP00000470584.1
100015118	ENSG00000102878	18	ENSP00000463706.1
100015156	ENSG00000204542	3	ENSP00000259870.3
100015161	ENSG00000159455	9	ENSP00000357769.3
100015204	ENSG00000186860	5	ENSP00000333993.3
100015253	ENSG00000183733	6	ENSP00000333097.6
100015297	ENSG00000177842	12	ENSP00000322265.6
100015403	ENSG00000111860	14	ENSP00000393317.2
100015459	ENSG00000268940	6	ENSP00000472303.1
100015467	ENSG00000188803	15	ENSP00000387157.3
100015481	ENSG00000159495	8	ENSP00000389466.2
100015503	ENSG00000184724	5	ENSP00000332690.2
100015584	ENSG00000184492	7	ENSP00000302756.5
100015595	ENSG00000276747	1	ENSP00000483125.1
100015630	ENSG00000270765	7	ENSP00000474529.2
100015815	ENSG00000244411	4	ENSP00000417330.2
100015973	ENSG00000070031	4	ENSP00000176195.3
100015984	ENSG00000133243	10	ENSP00000255608.3
100016002	ENSG00000077264	16	ENSP00000361077.4
100016009	ENSG00000019995	6	ENSP00000352676.4
100016058	ENSG00000107187	17	ENSP00000360811.3
100016069	ENSG00000123700	5	ENSP00000243457.2
100016081	ENSG00000262576	3	ENSP00000458570.2
100016109	ENSG00000008086	13	ENSP00000369325.3
100016119	ENSG00000203786	7	ENSP00000475216.1
100016209	ENSG00000185962	1	ENSP00000335006.1
100016215	ENSG00000106536	21	ENSP00000384004.1
100061597	ENSG00000196092	14	ENSP00000350844.4
100061732	ENSG00000109819	9	ENSP00000264867.2
100061924	ENSG00000159289	6	ENSP00000290438.3
100062247	ENSG00000173805	16	ENSP00000309392.5
100062331	ENSG00000147100	11	ENSP00000465734.1
100062334	ENSG00000126251	7	ENSP00000410925.1
100062388	ENSG00000086159	13	ENSP00000320247.5
100062506	ENSG00000156509	14	ENSP00000403293.2
100062530	ENSG00000101282	9	ENSP00000217260.4
100062567	ENSG00000285437	2	ENSP00000483328.1
100062578	ENSG00000186925	6	ENSP00000375107.3
100062710	ENSG00000179111	9	ENSP00000314774.4
100063945	ENSG00000116678	20	ENSP00000330393.7
100063955	ENSG00000102921	8	ENSP00000262384.3
100063986	ENSG00000170484	10	ENSP00000307240.2
100064009	ENSG00000196859	8	ENSP00000347823.2
100064010	ENSG00000250506	9	ENSP00000400088.1
100064142	ENSG00000186226	9	ENSP00000357759.3
100064144	ENSG00000172155	10	ENSP00000316737.6
100064145	ENSG00000187180	4	ENSP00000357772.1
100064146	ENSG00000212938	3	ENSP00000375482.2
100064148	ENSG00000205439	10	ENSP00000381005.1
100064149	ENSG00000187238	5	ENSP00000335358.1
100064163	ENSG00000188155	11	ENSP00000383219.1
100064196	ENSG00000174780	17	ENSP00000495128.1
100064207	ENSG00000170454	6	ENSP00000252245.5
100064217	ENSG00000175318	12	ENSP00000311657.7
100066339	ENSG00000112182	16	ENSP00000257749.4
100066353	ENSG00000135443	8	ENSP00000257901.3
100066360	ENSG00000171446	7	ENSP00000301656.3
100066377	ENSG00000274808	6	ENSP00000478473.1
100066379	ENSG00000008197	5	ENSP00000008391.4
100066551	ENSG00000100030	15	ENSP00000215832.7
100066775	ENSG00000114473	14	ENSP00000265239.6
100066872	ENSG00000165495	16	ENSP00000298282.8
100067112	ENSG00000171444	19	ENSP00000305617.4
100067219	ENSG00000125740	14	ENSP00000245919.3
100067220	ENSG00000188191	16	ENSP00000440449.1
100067228	ENSG00000070808	17	ENSP00000261793.8
100067498	ENSG00000179409	11	ENSP00000321706.5
100067615	ENSG00000104973	19	ENSP00000326767.5
100067760	ENSG00000176619	13	ENSP00000327054.3
100067776	ENSG00000121905	10	ENSP00000362566.3
100068229	ENSG00000185069	2	ENSP00000330101.2
100068243	ENSG00000133704	10	ENSP00000256079.4
100068246	ENSG00000070778	13	ENSP00000452414.1
100068259	ENSG00000142611	17	ENSP00000367643.2
100068264	ENSG00000065618	21	ENSP00000497653.1
100068268	ENSG00000162105	21	ENSP00000386491.1
100068511	ENSG00000069869	17	ENSP00000345530.2
100068652	ENSG00000240045	2	ENSP00000489859.1
100068995	ENSG00000151379	4	ENSP00000281047.3
100069021	ENSG00000164123	7	ENSP00000412215.2
100069030	ENSG00000184210	6	ENSP00000328036.3
100069038	ENSG00000196748	10	ENSP00000385898.3
100069045	ENSG00000177989	14	ENSP00000382804.2
100069067	ENSG00000166831	9	ENSP00000300069.4
100069089	ENSG00000146830	11	ENSP00000503354.1
100069191	ENSG00000163554	15	ENSP00000495214.1
100069795	ENSG00000187987	10	ENSP00000289788.4
100069830	ENSG00000089225	20	ENSP00000384152.3
100069922	ENSG00000188959	10	ENSP00000383456.4
100069938	ENSG00000061337	15	ENSP00000370981.1
100070134	ENSG00000109089	7	ENSP00000336587.5
100070143	ENSG00000160207	9	ENSP00000291560.2
100070165	ENSG00000181472	5	ENSP00000323183.4
100070216	ENSG00000063978	17	ENSP00000315212.8
100070263	ENSG00000018189	13	ENSP00000226328.4
100070339	ENSG00000111676	15	ENSP00000349076.3
100080183	ENSG00000105419	18	ENSP00000388667.2
100080275	ENSG00000205078	6	ENSP00000367911.4
100080336	ENSG00000086548	9	ENSP00000199764.6
100080346	ENSG00000269964	4	ENSP00000507827.1
100080453	ENSG00000118412	13	ENSP00000485346.1
100080464	ENSG00000095951	17	ENSP00000486543.1
100080512	ENSG00000223953	6	ENSP00000431140.1
100080594	ENSG00000260458	3	ENSP00000457807.2
100080752	ENSG00000151615	3	ENSP00000281321.3
100080795	ENSG00000173273	16	ENSP00000311579.6
100080813	ENSG00000063515	3	ENSP00000086933.2
100080816	ENSG00000213921	8	ENSP00000380053.3
100080871	ENSG00000061455	11	ENSP00000384725.3
