orf_id	symbol_dacc
1	CALM2
9	ZNF76
17	TMBIM6
25	SLC9A3R1
36	CARHSP1
65	KRT18
66	SMN2
69	VIM
93	SMIM3
100	CCNDBP1
115	PLEKHG5
117	CANT1
122	STX8
124	TP53RK
135	BLOC1S2
137	SNAP29
138	MYD88
143	EZH2
145	PTS
147	PVR
150	RAD23B
152	TRIM27
154	ZBTB48
155	TBRG4
156	C1D
172	CCNK
190	DPF2
193	HMG20A
199	SYTL4
201	ZBED1
208	ARRDC3
209	OIP5
231	RAN
232	H3-3B
244	KEAP1
252	ZNF408
253	ALDOA
268	CTH
275	TRAPPC14
277	VIPAS39
279	CALCOCO2
281	MVK
282	MATR3
300	GALT
326	WWP2
329	VPS33B
333	LRIF1
343	AIMP2
349	TMEM19
359	CBS
361	GRAMD2B
369	SERPING1
371	CFL1
386	STAR
392	CTNND1
399	CDC42
428	RPL13
439	RNF208
442	PSMA1
445	NKAP
455	ARHGEF2
467	NECAB2
482	CARD14
487	LIME1
489	TAF1B
501	RBM8A
504	GJB2
510	CRADD
513	FA2H
525	ZNF250
549	AGR2
563	SIPA1L2
573	HOOK2
575	AGA
580	STX7
581	MAL2
604	ID1
613	PUF60
617	SHMT2
622	C1QBP
623	REEP4
636	NTF4
660	TOX4
675	RGS17
676	FNDC3B
678	ESM1
699	PSAT1
724	SERF2
727	DPH2
730	HPCAL1
732	RAF1
740	MSX2
747	RPIA
753	ZNF639
778	KPNA6
784	ZBTB8A
787	STRBP
789	FRMD6
798	PEX3
801	YWHAG
813	DDX41
817	BCHE
820	APPBP2
824	MEOX2
835	PCCB
842	BMX
843	RXYLT1
856	TCEANC
861	LBR
869	CMTM5
876	BTN2A1
879	MAT1A
888	PCCA
891	SRSF3
918	CCDC22
925	MOB1A
931	SEPHS1
946	DEGS1
954	YIF1A
955	ACTB
956	MFF
957	STAP2
961	PRPF18
968	PSAT1
978	MAGEA2
989	FXR2
991	ZBTB22
996	YARS1
998	RRAS2
1012	CAB39
1037	ACD
1039	ZNF669
1052	ZBTB32
1063	SMN2
1069	KCNN4
1074	MID2
1081	SMAD2
1097	ACADVL
1107	COX20
1136	LMO2
1142	GJA1
1155	GAD1
1161	FGF12
1172	FNDC9
1184	LMO3
1187	INSIG2
1190	CEP76
1194	SYNPR
1198	TNFSF14
1214	KCTD4
1227	TRIM23
1230	VPS26A
1231	AQP1
1235	HPCAL4
1256	KLHL3
1270	OLFM3
1275	KLHL26
1284	PTS
1295	M1AP
1317	PAK5
1326	CD46
1328	SLC13A4
1391	SPATA17
1414	SPAG8
1446	SMCP
1454	CNNM3
1485	ESR2
1496	CEP170
1527	PPP3R2
1557	HSPA13
1565	LIN7B
1579	TEKT4
1586	KIFAP3
1596	CEP70
1598	SUCLA2
1601	RASA1
1611	CBY2
1617	SSMEM1
1639	OBI1
1640	VPS45
1668	THAP1
1684	EXOSC1
1697	RMDN2
1734	NDEL1
1736	ANKRD29
1769	CATSPER1
1777	CMIP
1800	MPC1
1805	TGIF1
1818	RIPOR2
1841	HINT1
1846	FAM50B
1853	FHL5
1863	STAM2
1868	FATE1
1879	C2CD6
1881	EIF4ENIF1
1884	LIG4
1909	COPB1
1919	APPL1
1923	WT1
1940	RBMY1J
1957	TRIM39
1958	CTNS
1967	NINL
1969	ARMC12
1974	CCDC197
1976	ELOVL4
2003	SLC6A1
2012	LHFPL5
2018	TMEM239
2026	UBXN11
2030	AQP5
2055	DDX20
2077	CCDC13
2078	TRIM37
2088	LRAT
2092	NFYA
2098	EFHC2
2099	RFX6
2104	TEX11
2141	C1QTNF5
2156	PHYH
2162	C11orf65
2177	WWP1
2181	NPY
2205	HAAO
2208	RALYL
2245	KCTD13
2246	TSPAN12
2260	TMEM31
2261	UBQLN1
2265	IHO1
2269	B3GALNT2
2286	TMEM237
2304	CCDC14
2332	RIMBP3C
2339	YY1
2347	KPNA3
2352	KCNA3
2353	MAFB
2362	CFAP206
2369	SACM1L
2370	LMNB1
2374	ARL6IP1
2380	KRT8
2384	RALBP1
2403	ORC2
2416	EBP
2417	ALPP
2421	QARS1
2430	ILK
2431	C14orf119
2442	IMPDH2
2448	GRN
2454	EFS
2455	PRKAR1A
2456	CRTAC1
2468	TRIM2
2472	EFNB1
2486	PIK3R3
2500	ZNF212
2521	DNM1L
2522	TRIM38
2526	SIVA1
2530	UGDH
2533	PYGB
2538	C2CD2L
2549	CPSF7
2560	GDAP1
2563	FGF13
2584	TFAP2A
2587	DTX2
2588	UNC119
2595	TGFB1
2613	SULT2B1
2615	STX19
2617	RPP14
2620	SNAI1
2622	FAS
2634	RNF6
2636	CDSN
2644	METTL13
2649	DCT
2651	CLN6
2654	FBP1
2658	ZNF177
2665	GJB3
2680	RNF125
2687	ASL
2693	S100P
2704	PPARG
2713	MLH1
2723	NFIB
2729	KYNU
2739	POLR1D
2758	TMEM106C
2767	GALE
2772	AVPI1
2778	SNF8
2786	GNB1
2792	SMOC1
2794	HBA2
2801	PSTPIP1
2803	HMBS
2810	BMP7
2816	C1QB
2818	C1QC
2821	PRPSAP1
2827	RSPH14
2831	TMEM80
2837	ACY3
2838	TMEM248
2842	C16orf74
2845	REEP6
2860	PRTFDC1
2863	PTPN11
2866	NEUROD1
2869	ETHE1
2872	NEUROG1
2893	WBP2
2906	EFEMP2
2910	AMOTL2
2914	SMARCC2
2918	BAALC
2920	GFAP
2922	IGFBP5
2924	OLFM2
2938	TMEM231
2940	IKZF1
2958	N4BP2L2
2961	PPP2R5D
2991	DTNB
2998	SNAP25
3013	SLC38A1
3015	CRX
3020	CHN1
3022	SCARB2
3023	MLX
3031	STOM
3037	PEX5
3038	CREB1
3048	PDE9A
3050	NTN4
3057	EDC3
3064	SYF2
3068	DDIT4L
3077	RBCK1
3086	GOSR2
3090	ZMAT5
3091	UBA5
3095	ZG16B
3108	SERPINE1
3110	LMO4
3123	ACTG1
3125	NME1
3146	EEF1A2
3148	EIF3F
3171	PEX19
3175	EIF2B2
3180	NAA10
3187	LSM4
3192	CDKN1A
3197	CASP2
3207	ERG28
3219	KATNAL1
3224	STAT3
3238	HYAL2
3260	TENT5A
3263	TMX2
3267	TSG101
3271	MRPS23
3292	PRPF3
3339	TRAF4
3340	ANKRD10
3359	NSDHL
3360	FUNDC2
3364	SCNM1
3392	SPG21
3400	BEX3
3405	IL11RA
3411	THRA
3414	GALK1
3419	EXT1
3422	NECTIN2
3434	LDOC1
3438	TMEM43
3441	RPS19
3449	GMPPB
3468	NDUFAF1
3479	TTLL12
3483	GYG1
3484	CALM3
3490	ATF5
3504	RBPMS
3522	NCK2
3523	RUSC1
3525	FUCA2
3533	CERT1
3535	EMD
3543	TGFBI
3562	PDLIM7
3564	NEU1
3567	NEK6
3568	FANCG
3581	MCOLN1
3594	SYNGR1
3598	DAZAP2
3601	PTDSS1
3608	CYB561
3632	NSG1
3643	EIF2B4
3648	SATB1
3650	PIMREG
3668	SQSTM1
3670	DUSP23
3672	WWOX
3689	GCK
3693	TUFM
3694	PNRC2
3697	NF2
3699	ZNF24
3701	CDK5
3721	WDR5
3722	RPA2
3727	NCF2
3731	PRPS1
3732	UROD
3739	SYK
3753	C1orf50
3754	USP2
3755	PPIL1
3756	VAPB
3759	ZNF426
3760	BAP1
3761	ID3
3768	TCL1A
3769	HGS
3772	RFC5
3782	SMAD1
3787	CSNK1D
3798	ACTN1
3799	TRAFD1
3804	B9D2
3818	PSMC5
3823	ISY1
3824	CKMT1A
3825	TUBB
3833	HSPD1
3836	VAPA
3837	PEX16
3844	ACY1
3872	KEL
3878	TRIM32
3882	SQSTM1
3901	MUTYH
3903	LMNA
3904	MALL
3907	TRIP6
3912	TGFBI
3928	CCM2
3931	BBLN
3933	CDKN2D
3952	SGTA
3958	TSPAN4
3970	HMOX2
3975	HNRNPA1
3980	GRN
3983	MGST3
3990	PSMD2
4004	FADD
4010	UBOX5
4019	CDK4
4020	CHEK2
4040	SAR1A
4043	COQ8A
4046	RLBP1
4058	ZSCAN5A
4062	PLP1
4066	HSPB8
4071	PPP2CA
4085	PPP1CB
4099	TNNT2
4105	KRT15
4126	STAT1
4137	VAMP2
4146	NELFA
4166	NCF1
4167	TMEM243
4173	C1orf35
4177	SOX10
4184	TMEM11
4190	ALG3
4193	CBR3
4218	ZC2HC1C
4236	FIS1
4239	IGFBP6
4249	SF3B4
4252	PSAP
4255	TFPT
4289	MSH6
4302	FAM214B
4309	APOL2
4315	CYB5B
4320	ZC4H2
4350	SNAPIN
4351	NME4
4361	MAGEA11
4373	HOXD3
4381	UBIAD1
4384	MAX
4396	YJU2B
4406	PIN1
4407	ELOA
4414	GSTA2
4418	RPRM
4434	SLC52A2
4443	ASNS
4447	STAC3
4452	SF1
4453	HRAS
4461	CLDN6
4465	RUNDC3A
4480	SH3GLB1
4481	B4GALT7
4482	NMB
4484	EXO1
4499	MAPRE2
4506	APOD
4515	PNPO
4516	GMCL1
4519	GMPPA
4538	MIIP
4546	ZYX
4552	TMEM167B
4562	NIF3L1
4568	CWF19L1
4569	LZTS2
4573	RBM10
4576	BCL2L13
4605	KPNA1
4616	UBE2I
4621	KXD1
4622	TNFAIP1
4623	KLHL12
4625	BCKDHA
4635	RBMX
4636	TARBP2
4662	CIRBP
4664	TRIP13
4671	SNRPA
4676	SERPINF1
4683	PDHA1
4687	SMAD4
4692	LDHB
4695	SMUG1
4696	RTL8C
4706	HNRNPK
4717	CEP55
4723	TPM1
4725	RPL9
4727	KRTAP4-12
4755	RNF8
4757	RABAC1
4759	VPS37B
4761	AP2B1
4765	ITGB2
4784	HARS2
4785	STAMBP
4786	NTAQ1
4798	ENKD1
4812	GYS1
4815	CSNK1E
4828	CDC45
4829	KHK
4830	SUV39H1
4832	SPG7
4836	RHBDD2
4841	HSD17B14
4842	SYNJ2BP
4851	POT1
4854	ERCC3
4857	NR1H3
4860	BRMS1L
4862	SLC30A2
4870	KRT6A
4872	EYA2
4887	CSNK2A2
4910	AMPD2
4920	CKS1B
4929	MSC
4935	SLC18A1
4938	CHRNA1
4946	PTPRN
4948	EXTL3
4955	HSPB7
4960	PCBD1
4973	GORASP2
4976	TRIM14
4978	ZNF346
4981	CLN8
4982	ABI3
4983	AP2S1
5002	PHF1
5003	CLPB
5046	NQO2
5052	MMACHC
5053	SEC23B
5065	C2orf88
5066	BAG3
5074	TINF2
5081	HERPUD2
5082	ACTN4
5093	TMEM79
5132	GSS
5143	MDFI
5147	SDHB
5163	HES6
5175	PPP1R16A
5219	STUB1
5221	NGLY1
5229	ANXA11
5231	LASP1
5285	OTX1
5307	NUBP2
5313	ERCC2
5335	PMM2
5345	IGF2
5348	AKT1
5358	PFKM
5359	FHL3
5375	TUBB3
5385	WRAP53
5398	SHMT1
5400	INTS11
5424	BLK
5431	POLR1C
5437	EXOSC3
5439	CARD9
5441	PUF60
5442	SIX1
5453	PIGP
5462	NRAS
5491	HSPB11
5498	OSTF1
5499	MRPS18B
5523	FXYD3
5539	ZMYM5
5585	CRYAB
5590	TDO2
5591	GMNN
5593	CXCL5
5597	IFNGR1
5607	PSMC6
5613	APOA1
5619	TIMM8A
5628	INS
5629	ZNF670
5633	NME7
5645	GYPA
5651	MYOZ2
5658	VAMP3
5673	PLN
5681	CSRP3
5702	SMARCE1
5712	TPM3
5716	CCNL1
5718	NPPA
5723	SFTPC
5737	FTL
5738	CNOT9
5772	BANF1
5793	MS4A3
5801	USE1
5807	CAP2
5808	HBB
5810	RHOA
5817	ESS2
5818	SOX2
5823	GRB7
5832	FXYD6
5839	TUBA4A
5848	HEXB
5852	LRSAM1
5854	SORD
5861	PPP2R1A
5864	CDKN2A
5865	GAMT
5875	HADHA
5880	PAPSS2
5894	TFIP11
5896	AHCY
5901	HAND1
5904	PRKRA
5910	DBH
5912	HYPK
5916	GTPBP3
5923	ITGB3BP
5926	HMOX1
5931	ICAM1
5933	TFG
5935	RAC2
5942	MSI2
5949	ZNF202
5951	PYCR1
5965	FHL2
5970	TRIB3
5989	BCL2L1
5991	ATP5F1A
6007	CD151
6014	ASS1
6018	ASNS
6027	GNAI2
6046	TRIP10
6059	SMIM19
6064	GLI1
6077	PAX8
6080	KARS1
6096	MPV17
6112	ZNF526
6119	SUFU
6129	CAPN1
6137	PITX1
6138	TACSTD2
6151	HIF1A
6157	OPTN
6171	BAIAP2L1
6173	CTCF
6179	ZNF71
6192	BTC
6195	TCEA2
6197	CCND3
6203	HOOK1
6211	BAAT
6225	UBE2J1
6231	SDC3
6232	SEMA3B
6236	CSRNP2
6254	DACH1
6269	TMEM174
6281	KCNJ15
6288	DCPS
6292	NUP54
6309	GSTP1
6319	WASHC3
6324	PPP1R3C
6325	ORMDL2
6326	TNNI1
6329	CFL2
6336	MYL2
6337	SCAMP1
6339	SULT1B1
6341	HBG2
6345	TCAP
6356	TCAP
6359	CCND2
6363	SDHD
6395	IRAK4
6406	LDB3
6408	IER3IP1
6430	TNNT1
6446	ERGIC3
6448	COIL
6464	TMEM203
6488	RAC3
6490	PIAS2
6512	UBE3A
6520	IFT43
6534	BANP
6552	MAGEA8
6559	ARHGEF5
6562	MESD
6598	CDCA5
6602	CERS4
6604	ATP23
6625	SPATA2
6631	RBM12
6632	COG4
6644	BSCL2
6653	PELI2
6666	MAP2K2
6699	CSNK2A1
6704	GABARAPL1
6710	STMN3
6714	KCTD15
6722	SMARCD1
6724	KLHDC7B
6725	CBX8
6733	BLMH
6734	FLI1
6754	PDCD10
6756	RAB6B
6759	RPS27A
6770	SEC22B
6786	DKC1
6791	DBNL
6792	SCYL1
6802	KRT33B
6806	PLOD3
6808	FKBP8
6811	MAD1L1
6813	ZBTB5
6819	CDC42EP1
6839	ATP13A1
6853	MBD4
6860	EEF2KMT
6866	MDK
6869	LHX4
6876	GADD45A
6877	TTC19
6892	EXT2
6901	MCRS1
6916	TNFRSF1A
6932	RCN1
6935	TRAPPC2B
6947	TPM2
6953	PLEKHF2
6959	ATP6V0C
6961	GIMAP5
6963	PLSCR3
6965	CDCA4
6970	PSEN1
6983	PITX2
6985	CCDC174
7011	CEP63
7021	PLEKHB2
7035	GATA2
7038	DIABLO
7045	TNIP1
7047	ETFDH
7048	MMAB
7058	RAD23A
7081	SERTAD3
7084	COQ4
7106	SYNGR3
7110	JUP
7122	ASB13
7128	ARC
7142	RIN1
7147	EFEMP1
7150	NFE2L2
7154	SLC22A5
7167	AIPL1
7171	MRPL53
7177	ACTB
7187	MAPRE3
7198	RXRG
7201	RAD51D
7215	NR0B1
7226	TIMMDC1
7233	STX5
7245	DLX3
7251	OCA2
7254	MFSD2A
7255	SYAP1
7270	PQBP1
7273	LAT
7280	CLDN14
7297	RBFA
7305	AP4B1
7320	ARSA
7323	PMP22
7356	LAPTM4B
7357	LPXN
7366	ADPRS
7389	CTRC
7404	PIH1D2
7408	TM4SF18
7419	UPRT
7424	PYROXD1
7439	ABI2
7450	NCBP1
7463	PHKG2
7465	GATA2
7473	GSTZ1
7474	CDIPT
7487	HHEX
7511	C4orf3
7515	XRCC4
7547	BNIP3
7561	PGRMC2
7584	YARS2
7586	BAIAP2L2
7587	NR3C1
7591	MAPK1IP1L
7595	SLC37A4
7606	BIRC7
7617	CREB3L1
7626	ARMC5
7630	FASLG
7634	CSNK1D
7637	CFP
7646	LENG1
7651	IL2RG
7652	STXBP1
7662	XPA
7664	SEC11A
7675	NMNAT1
7682	CDR2
7696	USH1C
7699	FANCC
7727	STAT3
7728	MPG
7756	ANKRD1
7781	EIF3M
7792	TRIM29
7804	CAMK2B
7813	ASGR2
7826	FUCA1
7828	PORCN
7845	AGTRAP
7866	EFHC1
7867	CSF1
7875	MFSD14B
7876	PTPMT1
7877	GPSM3
7881	TRIM41
7907	C1QTNF1
7912	CALN1
7917	ZBTB26
7918	MSH2
7923	FAH
7935	MSTO1
7938	GCDH
7953	MMP2
7954	BEGAIN
7965	VPS35
7966	QDPR
7972	IFT27
7982	HPRT1
8000	DARS1
8013	STX4
8017	SLC39A7
8024	DNAJB6
8028	DDX17
8047	GJB4
8054	NUP93
8057	ZMAT4
8058	POLDIP3
8070	KIF2A
8101	ERLIN1
8103	PRR22
8105	KRT6B
8114	DZIP1L
8131	VAMP1
8141	LNX1
8143	SH3BP2
8151	IL36RN
8165	HAS3
8168	QKI
8177	SNIP1
8186	CLEC2D
8190	UBTD2
8208	RB1
8213	PGM1
8227	TMEM86B
8239	STOML3
8245	RDH12
8274	MYOZ1
8276	SLC26A3
8297	HBZ
8313	PKLR
8314	AOAH
8316	PPP3R1
8320	SGCA
8352	USHBP1
8357	ERP27
8359	CCDC33
8362	NKX2-5
8365	MYO15B
8380	SPINK1
8398	GPD1
8400	ZNF417
8402	SERPINI2
8407	PPP3CA
8409	PDGFRB
8416	DCX
8420	ALAS2
8447	TMEM242
8459	ASPA
8487	RCBTB2
8500	PROC
8514	CYP4F12
8515	DPYS
8521	MPPED2
8524	ZG16
8533	SMCO4
8652	AKAP7
8686	DMD
8717	EP400
8732	KHDC4
8808	ABHD11
8843	TASOR2
8876	CAPN3
8918	CHD2
8965	COL2A1
8999	TTR
9012	KLHL20
9020	PDE4D
9117	UNKL
9157	SSC4D
9194	LDLRAP1
9195	SERP2
9230	TBC1D21
9237	TMCO5A
9241	FLACC1
9252	TSGA13
9253	GUCA1A
9267	KASH5
9297	STX11
9305	HAPLN2
9318	PDGFB
9321	DNAAF6
9324	FMO3
9333	SLC19A3
9336	PIP4K2B
9342	BEND7
9352	MITF
9357	DLAT
9378	CCDC57
9383	TRIM69
9406	ZFHX3
9411	PHETA1
9414	ADAMTSL4
9430	CCDC158
9453	ZNF34
9456	RASAL3
9457	SMAP1
9484	SLC7A6
9485	TNNC1
9496	IL10RA
9501	LSMEM2
9573	BTBD1
9580	GPR161
9625	MAGED1
9634	CLDN19
9635	DVL3
9637	TRAF2
9640	CDC20B
9650	OSGEP
9660	TMEM65
9711	CAMTA2
9722	KIR2DL3
9726	DOLK
9746	MTUS2
9802	ACVR1
9818	SFTPB
9846	BOLL
9849	GABRD
9866	ZMYND10
9895	MIF4GD
9899	VSTM2L
9904	GPX7
9905	PNKP
9911	PI16
9926	PRPH
9939	NR5A1
9950	RPRD1B
9955	FCGR1A
9958	OTX2
9962	MINPP1
9970	PHYKPL
9976	FGF11
9980	POU2AF1
10003	TLK1
10009	CYBB
10011	TULP3
10016	IKZF3
10051	MAPK9
10056	FAM86B1
10057	HOXA1
10061	KHDRBS3
10064	KCNIP4
10106	CNOT4
10122	EXOC8
10125	SEC24D
10132	LEFTY2
10153	LSS
10159	ZNF655
10165	CRYBB1
10177	FKBP6
10195	TMEM86A
10204	RCAN3
10210	ADAT2
10217	SNPH
10225	SLC35A2
10252	FMR1
10255	SCARF1
10280	HDAC4
10300	CSRNP1
10320	PNMA1
10343	CXCL16
10352	BAG4
10441	RAB28
10460	GOLGA6L9
10471	TLE3
10486	VSTM4
10493	CTBP2
10496	GPRASP3
10501	TACC1
10508	LRRC4C
10512	DARS2
10522	SLAIN1
10556	ZNF398
10585	TBC1D1
10613	SESTD1
10617	LRATD2
10632	PTPN12
10640	ZNF329
10650	PELI1
10658	STX2
10661	JAKMIP1
10677	KPNA5
10696	RETREG3
10698	SPART
10699	ZNF19
10705	YES1
10726	KDM1A
10732	BBS5
10735	FXN
10738	SEC63
10746	SLC15A2
10747	SLC9A6
10751	HOGA1
10794	RNF111
10798	SKIL
10812	EPM2AIP1
10818	EOGT
10820	ESRRG
10821	MORN3
10823	PARD6B
10844	VDR
10849	ANKRD46
10851	RARB
10855	ARID3A
10876	POGZ
10882	ZNF549
10884	HLCS
10885	SOX5
10904	NINJ2
10906	RAB3IP
10937	TTC23L
10950	ZCCHC12
10996	ABT1
11013	PRDM5
11032	FTH1
11060	MORN4
11089	AQP2
11091	FAM20B
11100	SIAH1
11101	ACVRL1
11110	FAM90A1
11130	SLC35E3
11132	EPN1
11163	MIPOL1
11167	LURAP1L
11175	KCTD10
11190	MICALL2
11204	ZSCAN12
11229	KIFC3
11238	GALNT2
11256	RABEP1
11275	GLUD1
11288	CREBRF
11297	TP63
11304	CDCA7L
11305	CUL3
11317	SRSF11
11329	KCNA2
11340	NR2E3
11356	CCDC187
11373	GIMAP1
11374	RP2
11381	CD53
11386	PCYT1A
11403	DNMT3A
11407	ETV6
11411	RBM6
11412	VPS4A
11423	JRK
11435	MSRB3
11443	CCBE1
11451	DNAAF11
11452	WASHC1
11461	STX12
11503	STING1
11508	PEX26
11539	FAM228A
11556	BCAM
11563	ACTN2
11567	TAX1BP1
11570	TRAF3IP1
11572	DVL1
11579	HOXC4
11582	STAU1
11596	INO80E
11603	MEIS2
11611	RAD21
11621	MTIF3
11629	BMPR1B
11648	TCF12
11670	SLC14A1
11671	FAN1
11685	F10
11688	BAG5
11699	CEP170B
11723	BYSL
11745	YPEL3
11746	NUP62
11786	BMPR2
11788	INO80B
11791	RSPH3
11798	ZBTB1
11800	RAC1
11805	SMAD3
11816	TMPRSS2
11817	MFAP1
11830	KPNA2
11832	BCL10
11837	NACC1
11843	THBD
11847	IGSF8
11853	PNPT1
11866	ZAP70
11872	TPM1
11895	CLCNKA
11907	MID1
11913	ZNF280A
11922	MYOG
11924	HOXC8
11929	CRTC2
11933	ERCC1
11938	HOXC9
11943	CDA
11965	MORF4L2
11971	SFRP4
11973	AAGAB
11984	CCNC
12007	RPL22
12016	MMP14
12023	SYT1
12025	PRF1
12036	STOX1
12040	UPK1B
12043	ORC6
12052	WASHC1
12100	RHOJ
12118	COQ3
12123	C22orf39
12129	TMUB2
12130	NCALD
12132	HCFC1
12141	GOLM2
12160	PRR19
12165	TMEM71
12188	ARHGAP45
12228	ANKS6
12230	PPP1R18
12260	STX1A
12265	SYP
12279	CSDC2
12295	TMEM205
12303	GORAB
12333	ADARB1
12339	DDX6
12343	CDC73
12368	TMEM60
12385	PMF1
12387	NAB2
12430	ZFPL1
12435	ABI1
12437	JADE2
12438	TRAF1
12452	KCTD9
12527	JAGN1
12535	TREX1
12541	VPS52
12545	FTSJ1
12549	LAGE3
12554	C1QA
12568	ATPAF2
12573	DES
12585	TNNI2
12587	VKORC1L1
12590	AP4M1
12626	CNTROB
12632	SLC35C2
12638	CD74
12653	FARS2
12657	CFAP410
12685	RAD54L2
12686	RBFOX2
12696	HEXIM2
12705	STRA6
12739	GNAI3
12746	TBX6
12765	TWIST2
12792	SHKBP1
12801	POLR2J
12806	TWF1
12825	CLDN20
12834	NFIA
12844	ZCCHC10
12861	SRARP
12865	PIK3R1
12868	UBE2E2
12877	RABGGTB
12904	FARSB
12918	SLC35A1
12919	CDC42EP2
12920	SDC4
12927	SPATA6
12936	SLC7A9
13022	SH2D1A
13067	BLZF1
13108	MS4A4A
13113	MCEE
13114	AQP9
13125	NGDN
13142	LGALS14
13149	CT55
13167	KCTD6
13182	TERF1
13199	SLC13A3
13206	CIDEB
13211	DNAJC1
13215	METTL15
13219	GPX8
13227	NEFL
13235	ANK1
13286	AGR3
13295	TTPA
13314	HBQ1
13318	BANF2
13320	VHL
13326	ZMAT2
13341	H4C3
13363	GPATCH2L
13378	LDHA
13423	SPRY2
13479	FUZ
13502	PSCA
13540	TMEM199
13542	TRIM72
13548	EDA2R
13554	GLYCTK
13559	KCNN3
13561	MKRN3
13563	NAXD
13571	XRCC2
13579	SARS2
13585	RAB4B
13592	KRT4
13597	CCDC103
13600	KRT34
13612	MAGEA6
13628	KLRC1
13657	TBX2
13662	CYSRT1
13689	TIMP2
13721	PRDM14
13767	HSPD1
13768	UBR2
13790	LEP
13791	KRTAP5-9
13795	MEOX1
13796	HBD
13813	CRYAA
13830	IFNA13
13831	CAV3
13835	FGF10
13850	CSN2
13874	MBL2
13876	MOS
13913	SPRY3
13916	KCNJ5
13919	GATAD2B
13939	KRT86
13943	GCM2
13953	CYP4F22
13954	KCNA6
13969	UBASH3A
13989	HOXD10
14011	DEFA6
14012	CD200R1
14015	PRKAA2
14019	CA8
14023	LMO1
14031	SLC10A1
14048	DEFB127
14057	KRTAP3-3
14087	LHX8
14117	DNM2
14122	PTCH1
14153	TSC1
14158	VPS29
14202	TNFAIP3
14208	ANKRD13A
14215	KRT1
14217	PAX3
14221	KCTD1
14232	NRG1
14249	MGAT5B
14251	ARID5A
14269	ZNF774
14273	SPRY1
14309	SBDS
14311	MSR1
14318	REEP1
14319	MDM4
14338	TMEM14B
14364	TBC1D3G
14377	BIRC8
14387	CENPP
14396	NT5C3A
14398	PDE4DIP
14404	SPATA8
14408	CCDC74B
14410	GUCD1
14421	RINT1
14440	PHLDB3
14441	GGA3
14444	PRKAG2
14447	SPOPL
14458	KLHL10
14468	TPK1
14495	USP25
14497	DHX32
14498	VASN
14534	C9orf72
14577	IL7R
14596	GPR61
14613	BRCA1
14642	TNPO2
14650	NKAPD1
14656	BICD2
14673	DLD
14679	CDKN2C
14681	ATP6V1B2
14691	LATS1
14795	ADGRG3
14830	PFDN5
14862	GOLGA2
14864	WTAP
14872	PIGS
14879	SS18L1
14887	HMBOX1
14891	EED
14908	CCDC196
14910	HGD
14935	RBMY1D
14957	PRAP1
14959	CSF2RA
14966	KRT8
14968	IQCE
14973	KRT5
14983	KANK2
14996	PBX2
15010	ZNF385C
15065	BCL2L11
15066	RADX
52589	KRTAP19-7
52604	NRN1L
52607	NANOS3
52634	CPLX4
52638	MPC2
52655	PLP2
52659	NHLH2
52678	PCDHB14
52694	KCNV2
52699	ERMAP
52744	SYT2
52758	ZNF792
52781	POC5
52785	USH1G
52802	ARL13B
52806	MAGEB10
52828	ZNF624
52849	ANKRD23
52859	CCDC136
52866	CEACAM3
52879	SNW1
52891	HAND2
52903	SCO2
52912	KCNC1
52920	LITAF
52936	SLC18A2
52938	TPH1
52942	GABARAP
52949	KIF24
52950	STRN
52956	APRT
52971	TBC1D22B
52977	PHETA2
52988	CYP24A1
52993	EHHADH
53010	SP4
53025	ZBTB14
53030	FAM161A
53031	PADI3
53044	KIAA0753
53053	CCHCR1
53065	IL10
53089	TNFRSF13B
53090	SERP1
53113	HSPB2
53212	ROPN1
53219	TRIM42
53235	SNRPC
53238	MOB3C
53281	PYGM
53344	TTC39B
53412	OSGIN1
53456	NEK8
53479	POU4F3
53508	HSD17B13
53524	ZSCAN22
53536	SLC35E2A
53595	DOCK2
53604	GADD45B
53625	FAM9A
53626	LCE4A
53651	TBL1XR1
53657	FOXP3
53675	FAM133A
53702	TMEM30B
53737	BFSP2
53738	RTP5
53744	KRTAP13-1
53777	FGF17
53785	POMK
53798	NFU1
53802	UBXN2B
53820	APOA4
53833	CARD10
53836	FBP2
53842	SDCBP
53851	SLC24A5
53886	TLE5
53890	CD79A
53921	HHAT
53941	KAT5
53942	REL
53964	NFIX
53965	SMARCB1
53991	KRTAP9-2
54043	FADS6
54046	CTNNAL1
54054	ZNF569
54082	PRPF31
54097	GATA5
54115	ZBTB24
54139	SELENOV
54142	OLFM4
54148	CASK
54167	RRM2B
54175	NEUROG3
54230	MIP
54271	SMYD1
54276	AVP
54296	KRT13
54308	PKP2
54326	EDA
54341	PTPN3
54354	KRTAP4-11
54355	EBF3
54364	MTNR1A
54406	TMIE
54416	LPAR3
54426	ZNF587
54459	RNF135
54484	CORO1A
54492	GPR25
54625	BICRAL
54642	AMOT
54647	TRAF3IP3
54667	KRTAP8-1
54668	KRT40
54690	NUTM2F
54692	HOMEZ
54699	CTAG1B
54736	QRICH1
54741	HNRNPH2
54777	FAM111B
54784	GCKR
54816	MSH3
54835	FBXO11
54847	COL10A1
54855	LCE2D
54869	KRTAP11-1
54901	FSD2
54914	TAT
54957	USP54
54965	KCTD8
55014	ALOX5
55026	TBX18
55030	STRN3
55039	TRIM7
55045	ZNF341
55128	BRIP1
55150	MLH3
55162	CENPJ
55222	SLC6A20
55237	NOTCH2NLA
55246	PYGL
55247	OAS1
55254	ZNF837
55307	SH2D4A
55321	FTO
55327	TMEM201
55351	TP53BP2
55390	ZNF85
55406	NUTM1
55475	FCHO1
55531	APTX
55625	SORBS3
55647	CREBZF
55664	TRIM54
55690	VPS37C
55699	RBM39
55730	CWF19L2
55732	NELL1
55738	KRTAP19-5
55769	TNNI3
55788	FFAR2
55795	HTR1B
55804	BSND
55834	KRT83
55853	FGA
55855	KRT2
55864	ADIPOQ
55882	ACTN3
55888	CHRD
55922	ALOXE3
55939	FAM9C
55940	FERD3L
55944	KRTAP2-4
55969	H2AP
55999	RIPPLY1
56018	LPAR6
56023	SFTPA2
56039	ZNF497
56094	RNF151
56106	KRTAP4-2
56108	EIF2B1
56115	MAPRE1
56139	TMEM52B
56141	KRT31
56142	CDK8
56166	CDC7
56199	UTP14C
56215	HIP1
56245	MAP2K1
56266	TEAD1
56271	KRTAP3-1
56278	CHRNG
56360	NEXN
56371	AKAP5
56381	EYA1
56441	LIN7A
56442	INCA1
56446	GPR152
56463	LUZP4
56492	TNS2
56495	ASCL4
56508	PRR20A
56528	SMAGP
56529	KRTAP10-9
56532	MUC1
56541	KRTAP10-7
56544	NFKBID
56547	TNIP3
56582	AKT2
56585	CKMT1B
56614	CRCT1
56623	LMOD3
56631	LHX9
56638	PHF19
56644	TCF4
56645	CEP83
56646	PRDM5
56653	HSF2
56661	COMP
56678	KCNJ10
56684	VAC14
56698	GRAMD4
56717	KRTAP10-8
56725	LY6G6D
56749	CYP21A2
56779	DMC1
56785	ANKRD33
56807	SREK1IP1
56819	GOLGA8F
56822	GNE
56827	KRT38
56828	LCE3E
56858	ZBTB10
56859	IQCN
56868	CADPS
56872	DAAM2
56918	PGBD1
56924	NUFIP2
70010	SLC4A1
70027	PNMA5
70040	TSGA10IP
70054	RASSF3
70073	PLA2G10
70095	VCX2
70191	MAP1LC3C
70200	ITGB4
70243	CCDC88B
70259	SPECC1L
70264	PPP1R13B
70294	ZNF229
70302	TACC2
70334	SFT2D1
70352	PMPCA
70353	TRIM3
70357	TSFM
70368	KCTD7
70382	JPH4
70400	SGPL1
70408	OXER1
70410	MARCHF7
70423	CYP4F2
70436	IP6K3
70457	FOXD4
70471	BTBD3
70473	ZIC1
70497	AGXT
70500	PIK3CD
70511	ZNF474
70512	KRT26
70533	SDHAF1
70550	ZNF648
70565	CXorf66
70610	RUNX1
70681	CACNB2
70682	RBAK
70726	ANOS1
70750	SOWAHB
70759	TCF23
70774	SMIM1
70810	CLEC17A
70824	SPRED1
70835	SPDYE4
70851	FAM25G
70872	ZFP57
70919	TMEM254
70922	FBLN5
70932	TNFRSF17
70933	PRR4
70947	NPAS2
70989	FAM209A
70997	TEPSIN
71001	UBQLN2
71027	PLEKHG4
71033	TLNRD1
71045	HS6ST1
71051	MAFK
71056	BLM
71060	ZNF35
71072	PLPP6
71075	FOXI1
71077	IMPDH1
71081	PCYT1B
71090	BTBD6
71099	COG6
71105	TSPYL1
71136	PRKACA
71146	TCP11L1
71152	KRT36
71155	TMEM200A
71163	KCNIP1
71166	TAF15
71169	MTERF4
71174	FAM161B
71178	SH3RF1
71180	ICAM3
71191	SUOX
71206	POMT1
71239	HBM
71240	C20orf85
71245	CCDC6
71258	CTNNA3
71286	FGD4
71288	RBM48
71311	OCRL
71337	ACSF3
71346	PM20D2
71354	RAB33B
71372	ZNF618
71393	SOHLH1
71402	PIBF1
71415	NSMF
71420	XAF1
71427	POMC
71430	CFAP161
71448	KRIT1
71484	RALY
71503	VMAC
71514	VWC2
71567	OPRM1
71575	CTLA4
71591	CRYGC
71592	TRAF3
71602	KCNA10
71609	KRTAP9-3
71611	KCNN1
71622	CLRN1
71628	KRTAP9-8
71642	CACNB4
71646	ACOT12
71704	SMURF2
71715	EPN2
71745	KRTAP13-2
71751	AVPR2
71752	PHACTR1
71769	KCNJ6
71771	AXIN2
71775	EIF2AK2
71783	PBX1
71807	KCNA1
71813	KRTAP22-1
71821	PRPSAP2
71828	HDX
71838	UBA52
71841	EFCAB3
71866	NAA15
71876	GAS8
71881	CCDC167
71885	MCEMP1
71892	TH
71894	ZIM2
71899	TMEM229B
71910	GEMIN2
71924	KRTAP15-1
71940	SLC5A5
71953	KRT24
71954	PNMA3
71959	KRTAP1-1
71963	MBD3L1
71965	CSNK2B
71977	NODAL
71987	POLR2G
72011	SLC13A5
72025	VLDLR
72030	ADRA2C
72045	TRARG1
72050	SYNPO2L
72058	SLC34A2
72064	MYPOP
72108	PTTG2
72127	SLIT1
72137	DISC1
72146	MAPK8IP3
80385	KLF1
80593	UBAP2
81260	KRTAP7-1
81261	KRTAP21-2
40080553	FOXH1
40080645	RHO
40080658	PER2
100000046	CLDN5
100000400	PLA2G6
100000407	PICK1
100000476	AP1B1
100001965	RNF216
100002000	TSPYL2
100002218	KIAA1328
100002287	KLHL8
100002625	FXR1
100008365	KRT14
100008515	SEC23A
100008545	MYC
100008556	SNX2
100008839	CIB1
100009031	ASCL1
100009072	PAX6
100009115	METTL27
100009273	ZMYND12
100009284	AARS1
100009390	GPSM2
100009500	MAGEA3
100009545	NDUFB7
100009557	KCNJ8
100009807	EIF2S1
100009829	CDC37
100009982	IFNGR2
100009984	IGBP1
100010020	PHKA2
100010307	DYNLT1
100010379	FUBP1
100010506	KISS1
100010599	NQO1
100010705	GCH1
100010717	ECM1
100010933	DMAP1
100011152	CAMK2G
100011241	SF3A2
100011278	KRT16
100011347	IFT88
100011355	TCF21
100011404	TGM1
100011481	PLAGL2
100011492	MKRN1
100011508	GRIPAP1
100011621	PAX9
100011634	SLC10A4
100014221	WFDC12
100014304	MPL
100014316	AMPD1
100014332	LCE1F
100014361	OPLAH
100014372	GJA8
100014378	KRT37
100014381	KRTAP19-2
100014396	KRT35
100014440	KRT25
100014450	LCE1C
100014471	SSX7
100014491	LCE5A
100014515	ASCL3
100014548	EVI5
100014723	SHOX
100014733	KRTAP6-2
100014766	GALP
100015072	LCE1A
100015084	KRT28
100015109	SPANXN2
100015118	HSF4
100015156	C6orf15
100015161	LCE2B
100015204	KRTAP17-1
100015253	FIGLA
100015297	ZNF620
100015403	CEP85L
100015459	CT45A1
100015467	SHISA6
100015481	TGM7
100015503	KRTAP6-1
100015584	FOXD4L1
100015595	PADI6
100015630	GAS2L2
100015815	KRTAP5-7
100015973	SCT
100015984	BTBD2
100016002	PAK3
100016009	ZRANB1
100016058	LHX3
100016069	KCNJ2
100016081	PCDHGA4
100016109	CDKL5
100016119	KPRP
100016209	LCE3A
100016215	POU6F2
100061597	PAX5
100061732	PPARGC1A
100061924	GOLGA6A
100062247	HAP1
100062331	SLC16A2
100062334	GPR42
100062388	AQP6
100062506	FBXO43
100062530	RSPO4
100062567	POLR2J3
100062578	KRTAP19-6
100062710	HES7
100063945	LEPR
100063955	N4BP1
100063986	KRT74
100064009	KRT39
100064010	CDK3
100064142	LCE1E
100064144	LCE1D
100064145	LCE2C
100064146	KRTAP6-3
100064148	KRTAP12-3
100064149	LCE3B
100064163	KRTAP10-6
100064196	SRP72
100064207	KRT75
100064217	GRAMD2A
100066339	BACH2
100066353	KRT85
100066360	KRT27
100066377	TBC1D3B
100066379	TFAP2D
100066551	MAPK1
100066775	IQCG
100066872	PKNOX2
100067112	MCC
100067219	FOSB
100067220	PRKAR1B
100067228	CAMK2A
100067498	GEMIN4
100067615	MED25
100067760	LMNB2
100067776	HPCA
100068229	KRT76
100068243	IPO8
100068246	PTPN21
100068259	PRDM16
100068264	COL17A1
100068268	SHANK2
100068511	NEDD4
100068652	STRIT1
100068995	MSGN1
100069021	C4orf45
100069030	DGAT2L6
100069038	CLPSL2
100069045	ODF3B
100069067	RBPMS2
100069089	GIGYF1
100069191	SPTA1
100069795	ZSCAN23
100069830	TBX5
100069922	C9orf152
100069938	LZTS1
100070134	CDR2L
100070143	HSF2BP
100070165	ZBTB2
100070216	RNF4
100070263	RUFY3
100070339	ATN1
100080183	MEIS3
100080275	SYCE1L
100080336	CEACAM6
100080346	MEI4
100080453	CASP8AP2
100080464	HIVEP1
100080512	C1QTNF5
100080594	KCNJ18
100080752	POU4F2
100080795	TNKS
100080813	GSC2
100080816	LEUTX
100080871	PRDM6
