experiment	sequence_project_id	sample_name	primerset_5	primerset_3	symbol	orf_id	pool_id	pairwise_plate	well	interactor_symbol	interactor_id	media	repeat_id	y2h_score	well_read_cnt	mapped_read_cnt
HsVcPPIP02v1AD	VS67SM	sample_01	G_AD_AD_n_for	O_AD_term_i5	CALM2	1	1	HsVcPPIP02v1AD1	A01	CAMTA2	9711	3AT	2	3	NULL	29328
HsVcPPIP02v1AD	VS67SM	sample_01	G_AD_AD_n_for	O_AD_term_i5	CRYAB	5585	1	HsVcPPIP02v1AD1	A02	FP236240.1	13813	3AT	2	3	NULL	13313
HsVcPPIP02v1AD	VS67SM	sample_01	G_AD_AD_n_for	O_AD_term_i5	THAP1	1668	1	HsVcPPIP02v1AD1	A03	GPATCH2L	13363	3AT	2	3	NULL	21611
HsVcPPIP02v1AD	VS67SM	sample_01	G_AD_AD_n_for	O_AD_term_i5	THAP1	1668	1	HsVcPPIP02v1AD1	A04	KANK2	14983	3AT	2	3	NULL	22040
HsVcPPIP02v1AD	VS67SM	sample_01	G_AD_AD_n_for	O_AD_term_i5	THAP1	1668	1	HsVcPPIP02v1AD1	A05	RIPPLY1	55999	3AT	2	3	NULL	14113
HsVcPPIP02v1AD	VS67SM	sample_01	G_AD_AD_n_for	O_AD_term_i5	THAP1	1668	1	HsVcPPIP02v1AD1	A06	FGF11	9976	3AT	2	2	NULL	14240
HsVcPPIP02v1AD	VS67SM	sample_01	G_AD_AD_n_for	O_AD_term_i5	THAP1	1668	1	HsVcPPIP02v1AD1	A07	RBM10	4573	3AT	2	3	NULL	15669
HsVcPPIP02v1AD	VS67SM	sample_01	G_AD_AD_n_for	O_AD_term_i5	HPRT1	7982	1	HsVcPPIP02v1AD1	A08	WDYHV1	4786	3AT	2	4	NULL	20073
HsVcPPIP02v1AD	VS67SM	sample_01	G_AD_AD_n_for	O_AD_term_i5	KCTD1	14221	1	HsVcPPIP02v1AD1	A09	UBASH3A	13969	3AT	2	0	NULL	10735
HsVcPPIP02v1AD	VS67SM	sample_01	G_AD_AD_n_for	O_AD_term_i5	KCTD1	14221	1	HsVcPPIP02v1AD1	A10	TRAPPC2	6935	3AT	2	4	NULL	12380
HsVcPPIP02v1AD	VS67SM	sample_01	G_AD_AD_n_for	O_AD_term_i5	KCTD7	70368	1	HsVcPPIP02v1AD1	A11	ZNF417	8400	3AT	2	3	NULL	4765
HsVcPPIP02v1AD	VS67SM	sample_01	G_AD_AD_n_for	O_AD_term_i5	KCTD7	70368	1	HsVcPPIP02v1AD1	A12	NIF3L1	4562	3AT	2	2	NULL	761
HsVcPPIP02v1AD	VS67SM	sample_01	G_AD_AD_n_for	O_AD_term_i5	CALM2	1	1	HsVcPPIP02v1AD1	B01	C11orf65	2162	3AT	2	3	NULL	23532
HsVcPPIP02v1AD	VS67SM	sample_01	G_AD_AD_n_for	O_AD_term_i5	CRYAB	5585	1	HsVcPPIP02v1AD1	B02	GORASP2	4973	3AT	2	3	NULL	14672
HsVcPPIP02v1AD	VS67SM	sample_01	G_AD_AD_n_for	O_AD_term_i5	THAP1	1668	1	HsVcPPIP02v1AD1	B03	INO80B	11788	3AT	2	NA	NULL	7
HsVcPPIP02v1AD	VS67SM	sample_01	G_AD_AD_n_for	O_AD_term_i5	THAP1	1668	1	HsVcPPIP02v1AD1	B04	C11orf57	14650	3AT	2	4	NULL	18035
HsVcPPIP02v1AD	VS67SM	sample_01	G_AD_AD_n_for	O_AD_term_i5	THAP1	1668	1	HsVcPPIP02v1AD1	B05	SREK1IP1	56807	3AT	2	4	NULL	19700
HsVcPPIP02v1AD	VS67SM	sample_01	G_AD_AD_n_for	O_AD_term_i5	THAP1	1668	1	HsVcPPIP02v1AD1	B06	CSNK2A1	6699	3AT	2	3	NULL	9603
HsVcPPIP02v1AD	VS67SM	sample_01	G_AD_AD_n_for	O_AD_term_i5	THAP1	1668	1	HsVcPPIP02v1AD1	B07	THAP1	1668	3AT	2	4	NULL	19365
HsVcPPIP02v1AD	VS67SM	sample_01	G_AD_AD_n_for	O_AD_term_i5	HPRT1	7982	1	HsVcPPIP02v1AD1	B08	SDCBP	53842	3AT	2	3	NULL	18385
HsVcPPIP02v1AD	VS67SM	sample_01	G_AD_AD_n_for	O_AD_term_i5	KCTD1	14221	1	HsVcPPIP02v1AD1	B09	TGM7	100015481	3AT	2	4	NULL	15546
HsVcPPIP02v1AD	VS67SM	sample_01	G_AD_AD_n_for	O_AD_term_i5	KCTD1	14221	1	HsVcPPIP02v1AD1	B10	LMO1	14023	3AT	2	4	NULL	10748
HsVcPPIP02v1AD	VS67SM	sample_01	G_AD_AD_n_for	O_AD_term_i5	KCTD7	70368	1	HsVcPPIP02v1AD1	B11	GAS2L2	100015630	3AT	2	3	NULL	7634
HsVcPPIP02v1AD	VS67SM	sample_01	G_AD_AD_n_for	O_AD_term_i5	KCTD7	70368	1	HsVcPPIP02v1AD1	B12	DVL3	9635	3AT	2	3	NULL	5403
HsVcPPIP02v1AD	VS67SM	sample_01	G_AD_AD_n_for	O_AD_term_i5	CALM2	1	1	HsVcPPIP02v1AD1	C01	KIAA1683	56859	3AT	2	4	NULL	31588
HsVcPPIP02v1AD	VS67SM	sample_01	G_AD_AD_n_for	O_AD_term_i5	FTL	5737	1	HsVcPPIP02v1AD1	C02	WDYHV1	4786	3AT	2	3	NULL	17699
HsVcPPIP02v1AD	VS67SM	sample_01	G_AD_AD_n_for	O_AD_term_i5	THAP1	1668	1	HsVcPPIP02v1AD1	C03	BYSL	11723	3AT	2	3	NULL	16780
HsVcPPIP02v1AD	VS67SM	sample_01	G_AD_AD_n_for	O_AD_term_i5	THAP1	1668	1	HsVcPPIP02v1AD1	C04	PRR20D	56508	3AT	2	3	NULL	17005
HsVcPPIP02v1AD	VS67SM	sample_01	G_AD_AD_n_for	O_AD_term_i5	THAP1	1668	1	HsVcPPIP02v1AD1	C05	LNX1	8141	3AT	2	3	NULL	17614
HsVcPPIP02v1AD	VS67SM	sample_01	G_AD_AD_n_for	O_AD_term_i5	THAP1	1668	1	HsVcPPIP02v1AD1	C06	MRPL53	7171	3AT	2	2	NULL	13002
HsVcPPIP02v1AD	VS67SM	sample_01	G_AD_AD_n_for	O_AD_term_i5	THAP1	1668	1	HsVcPPIP02v1AD1	C07	FGF12	1161	3AT	2	2	NULL	11476
HsVcPPIP02v1AD	VS67SM	sample_01	G_AD_AD_n_for	O_AD_term_i5	PLP1	4062	1	HsVcPPIP02v1AD1	C08	PTPRN	4946	3AT	2	0	NULL	3
HsVcPPIP02v1AD	VS67SM	sample_01	G_AD_AD_n_for	O_AD_term_i5	KCTD1	14221	1	HsVcPPIP02v1AD1	C09	POLR1C	5431	3AT	2	4	NULL	15250
HsVcPPIP02v1AD	VS67SM	sample_01	G_AD_AD_n_for	O_AD_term_i5	KCTD1	14221	1	HsVcPPIP02v1AD1	C10	KCTD15	6714	3AT	2	4	NULL	12311
HsVcPPIP02v1AD	VS67SM	sample_01	G_AD_AD_n_for	O_AD_term_i5	KCTD7	70368	1	HsVcPPIP02v1AD1	C11	TCEA2	6195	3AT	2	3	NULL	7010
HsVcPPIP02v1AD	VS67SM	sample_01	G_AD_AD_n_for	O_AD_term_i5	KCTD7	70368	1	HsVcPPIP02v1AD1	C12	PIN1	4406	3AT	2	4	NULL	8456
HsVcPPIP02v1AD	VS67SM	sample_01	G_AD_AD_n_for	O_AD_term_i5	CALM3	3484	1	HsVcPPIP02v1AD1	D01	CAMTA2	9711	3AT	2	2	NULL	14033
HsVcPPIP02v1AD	VS67SM	sample_01	G_AD_AD_n_for	O_AD_term_i5	FTL	5737	1	HsVcPPIP02v1AD1	D02	SDCBP	53842	3AT	2	4	NULL	17804
HsVcPPIP02v1AD	VS67SM	sample_01	G_AD_AD_n_for	O_AD_term_i5	THAP1	1668	1	HsVcPPIP02v1AD1	D03	BAG5	11688	3AT	2	4	NULL	16641
HsVcPPIP02v1AD	VS67SM	sample_01	G_AD_AD_n_for	O_AD_term_i5	THAP1	1668	1	HsVcPPIP02v1AD1	D04	LMNB2	100067760	3AT	2	3	NULL	14840
HsVcPPIP02v1AD	VS67SM	sample_01	G_AD_AD_n_for	O_AD_term_i5	THAP1	1668	1	HsVcPPIP02v1AD1	D05	STRBP	787	3AT	2	3	NULL	17961
HsVcPPIP02v1AD	VS67SM	sample_01	G_AD_AD_n_for	O_AD_term_i5	THAP1	1668	1	HsVcPPIP02v1AD1	D06	PHF1	5002	3AT	2	3	NULL	17588
HsVcPPIP02v1AD	VS67SM	sample_01	G_AD_AD_n_for	O_AD_term_i5	CSNK2B	71965	1	HsVcPPIP02v1AD1	D07	CSNK2A1	6699	3AT	2	4	NULL	12143
HsVcPPIP02v1AD	VS67SM	sample_01	G_AD_AD_n_for	O_AD_term_i5	TPK1	14468	1	HsVcPPIP02v1AD1	D08	TPK1	14468	3AT	2	4	NULL	12877
HsVcPPIP02v1AD	VS67SM	sample_01	G_AD_AD_n_for	O_AD_term_i5	KCTD1	14221	1	HsVcPPIP02v1AD1	D09	MORF4L2	11965	3AT	2	4	NULL	12582
HsVcPPIP02v1AD	VS67SM	sample_01	G_AD_AD_n_for	O_AD_term_i5	PQBP1	7270	1	HsVcPPIP02v1AD1	D10	MAPRE1	56115	3AT	2	0	NULL	2
HsVcPPIP02v1AD	VS67SM	sample_01	G_AD_AD_n_for	O_AD_term_i5	KCTD7	70368	1	HsVcPPIP02v1AD1	D11	KAT5	53941	3AT	2	3	NULL	7236
HsVcPPIP02v1AD	VS67SM	sample_01	G_AD_AD_n_for	O_AD_term_i5	OTX2	9958	1	HsVcPPIP02v1AD1	D12	M1AP	1295	3AT	2	0	NULL	0
HsVcPPIP02v1AD	VS67SM	sample_01	G_AD_AD_n_for	O_AD_term_i5	CALM3	3484	1	HsVcPPIP02v1AD1	E01	C11orf65	2162	3AT	2	3	NULL	23497
HsVcPPIP02v1AD	VS67SM	sample_01	G_AD_AD_n_for	O_AD_term_i5	APRT	52956	1	HsVcPPIP02v1AD1	E02	TTC19	6877	3AT	2	0	NULL	2
HsVcPPIP02v1AD	VS67SM	sample_01	G_AD_AD_n_for	O_AD_term_i5	THAP1	1668	1	HsVcPPIP02v1AD1	E03	ZCCHC10	12844	3AT	2	4	NULL	15221
HsVcPPIP02v1AD	VS67SM	sample_01	G_AD_AD_n_for	O_AD_term_i5	THAP1	1668	1	HsVcPPIP02v1AD1	E04	ZNF385C	15010	3AT	2	2	NULL	9987
HsVcPPIP02v1AD	VS67SM	sample_01	G_AD_AD_n_for	O_AD_term_i5	THAP1	1668	1	HsVcPPIP02v1AD1	E05	ZBTB48	154	3AT	2	3	NULL	13217
HsVcPPIP02v1AD	VS67SM	sample_01	G_AD_AD_n_for	O_AD_term_i5	THAP1	1668	1	HsVcPPIP02v1AD1	E06	C1orf35	4173	3AT	2	4	NULL	18225
HsVcPPIP02v1AD	VS67SM	sample_01	G_AD_AD_n_for	O_AD_term_i5	CSNK2B	71965	1	HsVcPPIP02v1AD1	E07	CSNK2A2	4887	3AT	2	4	NULL	8351
HsVcPPIP02v1AD	VS67SM	sample_01	G_AD_AD_n_for	O_AD_term_i5	TPK1	14468	1	HsVcPPIP02v1AD1	E08	OPLAH	100014361	3AT	2	4	NULL	11566
HsVcPPIP02v1AD	VS67SM	sample_01	G_AD_AD_n_for	O_AD_term_i5	KCTD1	14221	1	HsVcPPIP02v1AD1	E09	KCTD1	14221	3AT	2	4	NULL	10058
HsVcPPIP02v1AD	VS67SM	sample_01	G_AD_AD_n_for	O_AD_term_i5	KCTD7	70368	1	HsVcPPIP02v1AD1	E10	KCTD7	70368	3AT	2	4	NULL	5990
HsVcPPIP02v1AD	VS67SM	sample_01	G_AD_AD_n_for	O_AD_term_i5	KCTD7	70368	1	HsVcPPIP02v1AD1	E11	CUL3	11305	3AT	2	4	NULL	6456
HsVcPPIP02v1AD	VS67SM	sample_01	G_AD_AD_n_for	O_AD_term_i5	STUB1	5219	1	HsVcPPIP02v1AD1	E12	OLFM3	1270	3AT	2	4	NULL	6881
HsVcPPIP02v1AD	VS67SM	sample_01	G_AD_AD_n_for	O_AD_term_i5	CALM3	3484	1	HsVcPPIP02v1AD1	F01	KIAA1683	56859	3AT	2	4	NULL	23899
HsVcPPIP02v1AD	VS67SM	sample_01	G_AD_AD_n_for	O_AD_term_i5	IFT27	7972	1	HsVcPPIP02v1AD1	F02	HSPB11	5491	3AT	2	4	NULL	17979
HsVcPPIP02v1AD	VS67SM	sample_01	G_AD_AD_n_for	O_AD_term_i5	THAP1	1668	1	HsVcPPIP02v1AD1	F03	FAM133A	53675	3AT	2	4	NULL	15151
HsVcPPIP02v1AD	VS67SM	sample_01	G_AD_AD_n_for	O_AD_term_i5	THAP1	1668	1	HsVcPPIP02v1AD1	F04	CDC37	100009829	3AT	2	4	NULL	10261
HsVcPPIP02v1AD	VS67SM	sample_01	G_AD_AD_n_for	O_AD_term_i5	THAP1	1668	1	HsVcPPIP02v1AD1	F05	ZNF408	252	3AT	2	3	NULL	16763
HsVcPPIP02v1AD	VS67SM	sample_01	G_AD_AD_n_for	O_AD_term_i5	THAP1	1668	1	HsVcPPIP02v1AD1	F06	TCEANC	856	3AT	2	3	NULL	7
HsVcPPIP02v1AD	VS67SM	sample_01	G_AD_AD_n_for	O_AD_term_i5	HPRT1	7982	1	HsVcPPIP02v1AD1	F07	HPRT1	7982	3AT	2	4	NULL	16793
HsVcPPIP02v1AD	VS67SM	sample_01	G_AD_AD_n_for	O_AD_term_i5	QDPR	7966	1	HsVcPPIP02v1AD1	F08	ANKRD13A	14208	3AT	2	4	NULL	8979
HsVcPPIP02v1AD	VS67SM	sample_01	G_AD_AD_n_for	O_AD_term_i5	KCTD1	14221	1	HsVcPPIP02v1AD1	F09	LMO3	1184	3AT	2	4	NULL	5497
HsVcPPIP02v1AD	VS67SM	sample_01	G_AD_AD_n_for	O_AD_term_i5	KCTD7	70368	1	HsVcPPIP02v1AD1	F10	TRIM2	2468	3AT	2	4	NULL	5430
HsVcPPIP02v1AD	VS67SM	sample_01	G_AD_AD_n_for	O_AD_term_i5	KCTD7	70368	1	HsVcPPIP02v1AD1	F11	TCEANC	856	3AT	2	3	NULL	5984
HsVcPPIP02v1AD	VS67SM	sample_01	G_AD_AD_n_for	O_AD_term_i5	MAFB	2353	1	HsVcPPIP02v1AD1	F12	KRTAP4-2	56106	3AT	2	4	NULL	5228
HsVcPPIP02v1AD	VS67SM	sample_01	G_AD_AD_n_for	O_AD_term_i5	TNNC1	9485	1	HsVcPPIP02v1AD1	G01	TNNI1	6326	3AT	2	4	NULL	21241
HsVcPPIP02v1AD	VS67SM	sample_01	G_AD_AD_n_for	O_AD_term_i5	CDC42	399	1	HsVcPPIP02v1AD1	G02	PARD6B	10823	3AT	2	2	NULL	10058
HsVcPPIP02v1AD	VS67SM	sample_01	G_AD_AD_n_for	O_AD_term_i5	THAP1	1668	1	HsVcPPIP02v1AD1	G03	RBM39	55699	3AT	2	4	NULL	17989
HsVcPPIP02v1AD	VS67SM	sample_01	G_AD_AD_n_for	O_AD_term_i5	THAP1	1668	1	HsVcPPIP02v1AD1	G04	SPANXN2	100015109	3AT	2	4	NULL	15318
HsVcPPIP02v1AD	VS67SM	sample_01	G_AD_AD_n_for	O_AD_term_i5	THAP1	1668	1	HsVcPPIP02v1AD1	G05	TCEA2	6195	3AT	2	3	NULL	14297
HsVcPPIP02v1AD	VS67SM	sample_01	G_AD_AD_n_for	O_AD_term_i5	THAP1	1668	1	HsVcPPIP02v1AD1	G06	WDYHV1	4786	3AT	2	4	NULL	16135
HsVcPPIP02v1AD	VS67SM	sample_01	G_AD_AD_n_for	O_AD_term_i5	HPRT1	7982	1	HsVcPPIP02v1AD1	G07	EEF2KMT	6860	3AT	2	0	NULL	0
HsVcPPIP02v1AD	VS67SM	sample_01	G_AD_AD_n_for	O_AD_term_i5	ETHE1	2869	1	HsVcPPIP02v1AD1	G08	ETHE1	2869	3AT	2	0	NULL	0
HsVcPPIP02v1AD	VS67SM	sample_01	G_AD_AD_n_for	O_AD_term_i5	KCTD1	14221	1	HsVcPPIP02v1AD1	G09	EXOSC1	1684	3AT	2	4	NULL	11330
HsVcPPIP02v1AD	VS67SM	sample_01	G_AD_AD_n_for	O_AD_term_i5	KCTD7	70368	1	HsVcPPIP02v1AD1	G10	LNX1	8141	3AT	2	4	NULL	6070
HsVcPPIP02v1AD	VS67SM	sample_01	G_AD_AD_n_for	O_AD_term_i5	KCTD7	70368	1	HsVcPPIP02v1AD1	G11	WDYHV1	4786	3AT	2	4	NULL	7372
HsVcPPIP02v1AD	VS67SM	sample_01	G_AD_AD_n_for	O_AD_term_i5	PPIL1	3755	1	HsVcPPIP02v1AD1	H01	SNW1	52879	3AT	2	4	NULL	10341
HsVcPPIP02v1AD	VS67SM	sample_01	G_AD_AD_n_for	O_AD_term_i5	RHOA	5810	1	HsVcPPIP02v1AD1	H02	RIPOR2	1818	3AT	2	1	NULL	7722
HsVcPPIP02v1AD	VS67SM	sample_01	G_AD_AD_n_for	O_AD_term_i5	THAP1	1668	1	HsVcPPIP02v1AD1	H03	RPL22	12007	3AT	2	3	NULL	15356
HsVcPPIP02v1AD	VS67SM	sample_01	G_AD_AD_n_for	O_AD_term_i5	THAP1	1668	1	HsVcPPIP02v1AD1	H04	VCX2	70095	3AT	2	3	NULL	16044
HsVcPPIP02v1AD	VS67SM	sample_01	G_AD_AD_n_for	O_AD_term_i5	THAP1	1668	1	HsVcPPIP02v1AD1	H05	SERF2	724	3AT	2	3	NULL	15215
HsVcPPIP02v1AD	VS67SM	sample_01	G_AD_AD_n_for	O_AD_term_i5	THAP1	1668	1	HsVcPPIP02v1AD1	H06	METTL13	2644	3AT	2	0	NULL	6
HsVcPPIP02v1AD	VS67SM	sample_01	G_AD_AD_n_for	O_AD_term_i5	HPRT1	7982	1	HsVcPPIP02v1AD1	H07	SPG21	3392	3AT	2	3	NULL	19398
HsVcPPIP02v1AD	VS67SM	sample_01	G_AD_AD_n_for	O_AD_term_i5	KCTD1	14221	1	HsVcPPIP02v1AD1	H08	LNX1	8141	3AT	2	4	NULL	10829
HsVcPPIP02v1AD	VS67SM	sample_01	G_AD_AD_n_for	O_AD_term_i5	KCTD1	14221	1	HsVcPPIP02v1AD1	H09	PICK1	100000407	3AT	2	4	NULL	17
HsVcPPIP02v1AD	VS67SM	sample_01	G_AD_AD_n_for	O_AD_term_i5	KCTD7	70368	1	HsVcPPIP02v1AD1	H10	PRPF18	961	3AT	2	2	NULL	7117
HsVcPPIP02v1AD	VS67SM	sample_01	G_AD_AD_n_for	O_AD_term_i5	KCTD7	70368	1	HsVcPPIP02v1AD1	H11	TRIM3	70353	3AT	2	4	NULL	6826
HsVcPPIP02v1AD	VS67SM	sample_02	G_AD_AD_n_for	O_AD_term_i5	CALM2	1	1	HsVcPPIP02v1AD1	A01	CAMTA2	9711	LW	2	4	NULL	28276
HsVcPPIP02v1AD	VS67SM	sample_02	G_AD_AD_n_for	O_AD_term_i5	CRYAB	5585	1	HsVcPPIP02v1AD1	A02	FP236240.1	13813	LW	2	4	NULL	15745
HsVcPPIP02v1AD	VS67SM	sample_02	G_AD_AD_n_for	O_AD_term_i5	THAP1	1668	1	HsVcPPIP02v1AD1	A03	GPATCH2L	13363	LW	2	4	NULL	12517
HsVcPPIP02v1AD	VS67SM	sample_02	G_AD_AD_n_for	O_AD_term_i5	THAP1	1668	1	HsVcPPIP02v1AD1	A04	KANK2	14983	LW	2	4	NULL	16151
HsVcPPIP02v1AD	VS67SM	sample_02	G_AD_AD_n_for	O_AD_term_i5	THAP1	1668	1	HsVcPPIP02v1AD1	A05	RIPPLY1	55999	LW	2	4	NULL	17863
HsVcPPIP02v1AD	VS67SM	sample_02	G_AD_AD_n_for	O_AD_term_i5	THAP1	1668	1	HsVcPPIP02v1AD1	A06	FGF11	9976	LW	2	4	NULL	12810
HsVcPPIP02v1AD	VS67SM	sample_02	G_AD_AD_n_for	O_AD_term_i5	THAP1	1668	1	HsVcPPIP02v1AD1	A07	RBM10	4573	LW	2	4	NULL	10096
HsVcPPIP02v1AD	VS67SM	sample_02	G_AD_AD_n_for	O_AD_term_i5	HPRT1	7982	1	HsVcPPIP02v1AD1	A08	WDYHV1	4786	LW	2	4	NULL	12056
HsVcPPIP02v1AD	VS67SM	sample_02	G_AD_AD_n_for	O_AD_term_i5	KCTD1	14221	1	HsVcPPIP02v1AD1	A09	UBASH3A	13969	LW	2	4	NULL	5874
HsVcPPIP02v1AD	VS67SM	sample_02	G_AD_AD_n_for	O_AD_term_i5	KCTD1	14221	1	HsVcPPIP02v1AD1	A10	TRAPPC2	6935	LW	2	4	NULL	8558
HsVcPPIP02v1AD	VS67SM	sample_02	G_AD_AD_n_for	O_AD_term_i5	KCTD7	70368	1	HsVcPPIP02v1AD1	A11	ZNF417	8400	LW	2	4	NULL	4900
HsVcPPIP02v1AD	VS67SM	sample_02	G_AD_AD_n_for	O_AD_term_i5	KCTD7	70368	1	HsVcPPIP02v1AD1	A12	NIF3L1	4562	LW	2	4	NULL	26
HsVcPPIP02v1AD	VS67SM	sample_02	G_AD_AD_n_for	O_AD_term_i5	CALM2	1	1	HsVcPPIP02v1AD1	B01	C11orf65	2162	LW	2	4	NULL	32176
HsVcPPIP02v1AD	VS67SM	sample_02	G_AD_AD_n_for	O_AD_term_i5	CRYAB	5585	1	HsVcPPIP02v1AD1	B02	GORASP2	4973	LW	2	4	NULL	12351
HsVcPPIP02v1AD	VS67SM	sample_02	G_AD_AD_n_for	O_AD_term_i5	THAP1	1668	1	HsVcPPIP02v1AD1	B03	INO80B	11788	LW	2	NA	NULL	2
HsVcPPIP02v1AD	VS67SM	sample_02	G_AD_AD_n_for	O_AD_term_i5	THAP1	1668	1	HsVcPPIP02v1AD1	B04	C11orf57	14650	LW	2	4	NULL	14214
HsVcPPIP02v1AD	VS67SM	sample_02	G_AD_AD_n_for	O_AD_term_i5	THAP1	1668	1	HsVcPPIP02v1AD1	B05	SREK1IP1	56807	LW	2	4	NULL	14874
HsVcPPIP02v1AD	VS67SM	sample_02	G_AD_AD_n_for	O_AD_term_i5	THAP1	1668	1	HsVcPPIP02v1AD1	B06	CSNK2A1	6699	LW	2	4	NULL	8003
HsVcPPIP02v1AD	VS67SM	sample_02	G_AD_AD_n_for	O_AD_term_i5	THAP1	1668	1	HsVcPPIP02v1AD1	B07	THAP1	1668	LW	2	4	NULL	18169
HsVcPPIP02v1AD	VS67SM	sample_02	G_AD_AD_n_for	O_AD_term_i5	HPRT1	7982	1	HsVcPPIP02v1AD1	B08	SDCBP	53842	LW	2	4	NULL	12172
HsVcPPIP02v1AD	VS67SM	sample_02	G_AD_AD_n_for	O_AD_term_i5	KCTD1	14221	1	HsVcPPIP02v1AD1	B09	TGM7	100015481	LW	2	4	NULL	6785
HsVcPPIP02v1AD	VS67SM	sample_02	G_AD_AD_n_for	O_AD_term_i5	KCTD1	14221	1	HsVcPPIP02v1AD1	B10	LMO1	14023	LW	2	4	NULL	7578
HsVcPPIP02v1AD	VS67SM	sample_02	G_AD_AD_n_for	O_AD_term_i5	KCTD7	70368	1	HsVcPPIP02v1AD1	B11	GAS2L2	100015630	LW	2	4	NULL	3212
HsVcPPIP02v1AD	VS67SM	sample_02	G_AD_AD_n_for	O_AD_term_i5	KCTD7	70368	1	HsVcPPIP02v1AD1	B12	DVL3	9635	LW	2	4	NULL	847
HsVcPPIP02v1AD	VS67SM	sample_02	G_AD_AD_n_for	O_AD_term_i5	CALM2	1	1	HsVcPPIP02v1AD1	C01	KIAA1683	56859	LW	2	4	NULL	26347
HsVcPPIP02v1AD	VS67SM	sample_02	G_AD_AD_n_for	O_AD_term_i5	FTL	5737	1	HsVcPPIP02v1AD1	C02	WDYHV1	4786	LW	2	4	NULL	16451
HsVcPPIP02v1AD	VS67SM	sample_02	G_AD_AD_n_for	O_AD_term_i5	THAP1	1668	1	HsVcPPIP02v1AD1	C03	BYSL	11723	LW	2	4	NULL	10989
HsVcPPIP02v1AD	VS67SM	sample_02	G_AD_AD_n_for	O_AD_term_i5	THAP1	1668	1	HsVcPPIP02v1AD1	C04	PRR20D	56508	LW	2	4	NULL	7593
HsVcPPIP02v1AD	VS67SM	sample_02	G_AD_AD_n_for	O_AD_term_i5	THAP1	1668	1	HsVcPPIP02v1AD1	C05	LNX1	8141	LW	2	4	NULL	10525
HsVcPPIP02v1AD	VS67SM	sample_02	G_AD_AD_n_for	O_AD_term_i5	THAP1	1668	1	HsVcPPIP02v1AD1	C06	MRPL53	7171	LW	2	4	NULL	11812
HsVcPPIP02v1AD	VS67SM	sample_02	G_AD_AD_n_for	O_AD_term_i5	THAP1	1668	1	HsVcPPIP02v1AD1	C07	FGF12	1161	LW	2	4	NULL	11089
HsVcPPIP02v1AD	VS67SM	sample_02	G_AD_AD_n_for	O_AD_term_i5	PLP1	4062	1	HsVcPPIP02v1AD1	C08	PTPRN	4946	LW	2	4	NULL	8266
HsVcPPIP02v1AD	VS67SM	sample_02	G_AD_AD_n_for	O_AD_term_i5	KCTD1	14221	1	HsVcPPIP02v1AD1	C09	POLR1C	5431	LW	2	4	NULL	5078
HsVcPPIP02v1AD	VS67SM	sample_02	G_AD_AD_n_for	O_AD_term_i5	KCTD1	14221	1	HsVcPPIP02v1AD1	C10	KCTD15	6714	LW	2	4	NULL	7219
HsVcPPIP02v1AD	VS67SM	sample_02	G_AD_AD_n_for	O_AD_term_i5	KCTD7	70368	1	HsVcPPIP02v1AD1	C11	TCEA2	6195	LW	2	4	NULL	4169
HsVcPPIP02v1AD	VS67SM	sample_02	G_AD_AD_n_for	O_AD_term_i5	KCTD7	70368	1	HsVcPPIP02v1AD1	C12	PIN1	4406	LW	2	4	NULL	2903
HsVcPPIP02v1AD	VS67SM	sample_02	G_AD_AD_n_for	O_AD_term_i5	CALM3	3484	1	HsVcPPIP02v1AD1	D01	CAMTA2	9711	LW	2	4	NULL	23522
HsVcPPIP02v1AD	VS67SM	sample_02	G_AD_AD_n_for	O_AD_term_i5	FTL	5737	1	HsVcPPIP02v1AD1	D02	SDCBP	53842	LW	2	4	NULL	17892
HsVcPPIP02v1AD	VS67SM	sample_02	G_AD_AD_n_for	O_AD_term_i5	THAP1	1668	1	HsVcPPIP02v1AD1	D03	BAG5	11688	LW	2	4	NULL	18633
HsVcPPIP02v1AD	VS67SM	sample_02	G_AD_AD_n_for	O_AD_term_i5	THAP1	1668	1	HsVcPPIP02v1AD1	D04	LMNB2	100067760	LW	2	4	NULL	15171
HsVcPPIP02v1AD	VS67SM	sample_02	G_AD_AD_n_for	O_AD_term_i5	THAP1	1668	1	HsVcPPIP02v1AD1	D05	STRBP	787	LW	2	4	NULL	9771
HsVcPPIP02v1AD	VS67SM	sample_02	G_AD_AD_n_for	O_AD_term_i5	THAP1	1668	1	HsVcPPIP02v1AD1	D06	PHF1	5002	LW	2	4	NULL	8939
HsVcPPIP02v1AD	VS67SM	sample_02	G_AD_AD_n_for	O_AD_term_i5	CSNK2B	71965	1	HsVcPPIP02v1AD1	D07	CSNK2A1	6699	LW	2	4	NULL	10120
HsVcPPIP02v1AD	VS67SM	sample_02	G_AD_AD_n_for	O_AD_term_i5	TPK1	14468	1	HsVcPPIP02v1AD1	D08	TPK1	14468	LW	2	4	NULL	8613
HsVcPPIP02v1AD	VS67SM	sample_02	G_AD_AD_n_for	O_AD_term_i5	KCTD1	14221	1	HsVcPPIP02v1AD1	D09	MORF4L2	11965	LW	2	4	NULL	6777
HsVcPPIP02v1AD	VS67SM	sample_02	G_AD_AD_n_for	O_AD_term_i5	PQBP1	7270	1	HsVcPPIP02v1AD1	D10	MAPRE1	56115	LW	2	4	NULL	4264
HsVcPPIP02v1AD	VS67SM	sample_02	G_AD_AD_n_for	O_AD_term_i5	KCTD7	70368	1	HsVcPPIP02v1AD1	D11	KAT5	53941	LW	2	4	NULL	3752
HsVcPPIP02v1AD	VS67SM	sample_02	G_AD_AD_n_for	O_AD_term_i5	OTX2	9958	1	HsVcPPIP02v1AD1	D12	M1AP	1295	LW	2	4	NULL	0
HsVcPPIP02v1AD	VS67SM	sample_02	G_AD_AD_n_for	O_AD_term_i5	CALM3	3484	1	HsVcPPIP02v1AD1	E01	C11orf65	2162	LW	2	4	NULL	21107
HsVcPPIP02v1AD	VS67SM	sample_02	G_AD_AD_n_for	O_AD_term_i5	APRT	52956	1	HsVcPPIP02v1AD1	E02	TTC19	6877	LW	2	4	NULL	16393
HsVcPPIP02v1AD	VS67SM	sample_02	G_AD_AD_n_for	O_AD_term_i5	THAP1	1668	1	HsVcPPIP02v1AD1	E03	ZCCHC10	12844	LW	2	4	NULL	12896
HsVcPPIP02v1AD	VS67SM	sample_02	G_AD_AD_n_for	O_AD_term_i5	THAP1	1668	1	HsVcPPIP02v1AD1	E04	ZNF385C	15010	LW	2	4	NULL	11048
HsVcPPIP02v1AD	VS67SM	sample_02	G_AD_AD_n_for	O_AD_term_i5	THAP1	1668	1	HsVcPPIP02v1AD1	E05	ZBTB48	154	LW	2	4	NULL	10657
HsVcPPIP02v1AD	VS67SM	sample_02	G_AD_AD_n_for	O_AD_term_i5	THAP1	1668	1	HsVcPPIP02v1AD1	E06	C1orf35	4173	LW	2	4	NULL	14927
HsVcPPIP02v1AD	VS67SM	sample_02	G_AD_AD_n_for	O_AD_term_i5	CSNK2B	71965	1	HsVcPPIP02v1AD1	E07	CSNK2A2	4887	LW	2	4	NULL	8330
HsVcPPIP02v1AD	VS67SM	sample_02	G_AD_AD_n_for	O_AD_term_i5	TPK1	14468	1	HsVcPPIP02v1AD1	E08	OPLAH	100014361	LW	2	4	NULL	11542
HsVcPPIP02v1AD	VS67SM	sample_02	G_AD_AD_n_for	O_AD_term_i5	KCTD1	14221	1	HsVcPPIP02v1AD1	E09	KCTD1	14221	LW	2	4	NULL	7890
HsVcPPIP02v1AD	VS67SM	sample_02	G_AD_AD_n_for	O_AD_term_i5	KCTD7	70368	1	HsVcPPIP02v1AD1	E10	KCTD7	70368	LW	2	4	NULL	3420
HsVcPPIP02v1AD	VS67SM	sample_02	G_AD_AD_n_for	O_AD_term_i5	KCTD7	70368	1	HsVcPPIP02v1AD1	E11	CUL3	11305	LW	2	4	NULL	3679
HsVcPPIP02v1AD	VS67SM	sample_02	G_AD_AD_n_for	O_AD_term_i5	STUB1	5219	1	HsVcPPIP02v1AD1	E12	OLFM3	1270	LW	2	4	NULL	2721
HsVcPPIP02v1AD	VS67SM	sample_02	G_AD_AD_n_for	O_AD_term_i5	CALM3	3484	1	HsVcPPIP02v1AD1	F01	KIAA1683	56859	LW	2	4	NULL	17567
HsVcPPIP02v1AD	VS67SM	sample_02	G_AD_AD_n_for	O_AD_term_i5	IFT27	7972	1	HsVcPPIP02v1AD1	F02	HSPB11	5491	LW	2	4	NULL	16781
HsVcPPIP02v1AD	VS67SM	sample_02	G_AD_AD_n_for	O_AD_term_i5	THAP1	1668	1	HsVcPPIP02v1AD1	F03	FAM133A	53675	LW	2	4	NULL	12472
HsVcPPIP02v1AD	VS67SM	sample_02	G_AD_AD_n_for	O_AD_term_i5	THAP1	1668	1	HsVcPPIP02v1AD1	F04	CDC37	100009829	LW	2	4	NULL	12082
HsVcPPIP02v1AD	VS67SM	sample_02	G_AD_AD_n_for	O_AD_term_i5	THAP1	1668	1	HsVcPPIP02v1AD1	F05	ZNF408	252	LW	2	4	NULL	10022
HsVcPPIP02v1AD	VS67SM	sample_02	G_AD_AD_n_for	O_AD_term_i5	THAP1	1668	1	HsVcPPIP02v1AD1	F06	TCEANC	856	LW	2	4	NULL	14883
HsVcPPIP02v1AD	VS67SM	sample_02	G_AD_AD_n_for	O_AD_term_i5	HPRT1	7982	1	HsVcPPIP02v1AD1	F07	HPRT1	7982	LW	2	4	NULL	12911
HsVcPPIP02v1AD	VS67SM	sample_02	G_AD_AD_n_for	O_AD_term_i5	QDPR	7966	1	HsVcPPIP02v1AD1	F08	ANKRD13A	14208	LW	2	4	NULL	4315
HsVcPPIP02v1AD	VS67SM	sample_02	G_AD_AD_n_for	O_AD_term_i5	KCTD1	14221	1	HsVcPPIP02v1AD1	F09	LMO3	1184	LW	2	4	NULL	6715
HsVcPPIP02v1AD	VS67SM	sample_02	G_AD_AD_n_for	O_AD_term_i5	KCTD7	70368	1	HsVcPPIP02v1AD1	F10	TRIM2	2468	LW	2	4	NULL	1994
HsVcPPIP02v1AD	VS67SM	sample_02	G_AD_AD_n_for	O_AD_term_i5	KCTD7	70368	1	HsVcPPIP02v1AD1	F11	TCEANC	856	LW	2	4	NULL	3486
HsVcPPIP02v1AD	VS67SM	sample_02	G_AD_AD_n_for	O_AD_term_i5	MAFB	2353	1	HsVcPPIP02v1AD1	F12	KRTAP4-2	56106	LW	2	4	NULL	1890
HsVcPPIP02v1AD	VS67SM	sample_02	G_AD_AD_n_for	O_AD_term_i5	TNNC1	9485	1	HsVcPPIP02v1AD1	G01	TNNI1	6326	LW	2	4	NULL	17134
HsVcPPIP02v1AD	VS67SM	sample_02	G_AD_AD_n_for	O_AD_term_i5	CDC42	399	1	HsVcPPIP02v1AD1	G02	PARD6B	10823	LW	2	4	NULL	11829
HsVcPPIP02v1AD	VS67SM	sample_02	G_AD_AD_n_for	O_AD_term_i5	THAP1	1668	1	HsVcPPIP02v1AD1	G03	RBM39	55699	LW	2	4	NULL	13492
HsVcPPIP02v1AD	VS67SM	sample_02	G_AD_AD_n_for	O_AD_term_i5	THAP1	1668	1	HsVcPPIP02v1AD1	G04	SPANXN2	100015109	LW	2	4	NULL	12635
HsVcPPIP02v1AD	VS67SM	sample_02	G_AD_AD_n_for	O_AD_term_i5	THAP1	1668	1	HsVcPPIP02v1AD1	G05	TCEA2	6195	LW	2	4	NULL	12390
HsVcPPIP02v1AD	VS67SM	sample_02	G_AD_AD_n_for	O_AD_term_i5	THAP1	1668	1	HsVcPPIP02v1AD1	G06	WDYHV1	4786	LW	2	4	NULL	14130
HsVcPPIP02v1AD	VS67SM	sample_02	G_AD_AD_n_for	O_AD_term_i5	HPRT1	7982	1	HsVcPPIP02v1AD1	G07	EEF2KMT	6860	LW	2	4	NULL	8715
HsVcPPIP02v1AD	VS67SM	sample_02	G_AD_AD_n_for	O_AD_term_i5	ETHE1	2869	1	HsVcPPIP02v1AD1	G08	ETHE1	2869	LW	2	4	NULL	6096
HsVcPPIP02v1AD	VS67SM	sample_02	G_AD_AD_n_for	O_AD_term_i5	KCTD1	14221	1	HsVcPPIP02v1AD1	G09	EXOSC1	1684	LW	2	4	NULL	9448
HsVcPPIP02v1AD	VS67SM	sample_02	G_AD_AD_n_for	O_AD_term_i5	KCTD7	70368	1	HsVcPPIP02v1AD1	G10	LNX1	8141	LW	2	4	NULL	2751
HsVcPPIP02v1AD	VS67SM	sample_02	G_AD_AD_n_for	O_AD_term_i5	KCTD7	70368	1	HsVcPPIP02v1AD1	G11	WDYHV1	4786	LW	2	4	NULL	3853
HsVcPPIP02v1AD	VS67SM	sample_02	G_AD_AD_n_for	O_AD_term_i5	PPIL1	3755	1	HsVcPPIP02v1AD1	H01	SNW1	52879	LW	2	4	NULL	15117
HsVcPPIP02v1AD	VS67SM	sample_02	G_AD_AD_n_for	O_AD_term_i5	RHOA	5810	1	HsVcPPIP02v1AD1	H02	RIPOR2	1818	LW	2	4	NULL	18219
HsVcPPIP02v1AD	VS67SM	sample_02	G_AD_AD_n_for	O_AD_term_i5	THAP1	1668	1	HsVcPPIP02v1AD1	H03	RPL22	12007	LW	2	4	NULL	16635
HsVcPPIP02v1AD	VS67SM	sample_02	G_AD_AD_n_for	O_AD_term_i5	THAP1	1668	1	HsVcPPIP02v1AD1	H04	VCX2	70095	LW	2	4	NULL	14981
HsVcPPIP02v1AD	VS67SM	sample_02	G_AD_AD_n_for	O_AD_term_i5	THAP1	1668	1	HsVcPPIP02v1AD1	H05	SERF2	724	LW	2	4	NULL	13990
HsVcPPIP02v1AD	VS67SM	sample_02	G_AD_AD_n_for	O_AD_term_i5	THAP1	1668	1	HsVcPPIP02v1AD1	H06	METTL13	2644	LW	2	4	NULL	13026
HsVcPPIP02v1AD	VS67SM	sample_02	G_AD_AD_n_for	O_AD_term_i5	HPRT1	7982	1	HsVcPPIP02v1AD1	H07	SPG21	3392	LW	2	4	NULL	18129
HsVcPPIP02v1AD	VS67SM	sample_02	G_AD_AD_n_for	O_AD_term_i5	KCTD1	14221	1	HsVcPPIP02v1AD1	H08	LNX1	8141	LW	2	4	NULL	7339
HsVcPPIP02v1AD	VS67SM	sample_02	G_AD_AD_n_for	O_AD_term_i5	KCTD1	14221	1	HsVcPPIP02v1AD1	H09	PICK1	100000407	LW	2	4	NULL	5828
HsVcPPIP02v1AD	VS67SM	sample_02	G_AD_AD_n_for	O_AD_term_i5	KCTD7	70368	1	HsVcPPIP02v1AD1	H10	PRPF18	961	LW	2	4	NULL	3042
HsVcPPIP02v1AD	VS67SM	sample_02	G_AD_AD_n_for	O_AD_term_i5	KCTD7	70368	1	HsVcPPIP02v1AD1	H11	TRIM3	70353	LW	2	4	NULL	3092
HsVcPPIP02v1AD	VS67SM	sample_03	G_AD_AD_n_for	O_AD_term_i5	VPS35	7965	1	HsVcPPIP02v1AD5	A01	VPS29	14158	3AT	2	3	NULL	22547
HsVcPPIP02v1AD	VS67SM	sample_03	G_AD_AD_n_for	O_AD_term_i5	ACTN1	3798	1	HsVcPPIP02v1AD5	A02	EPM2AIP1	10812	3AT	2	4	NULL	9
HsVcPPIP02v1AD	VS67SM	sample_03	G_AD_AD_n_for	O_AD_term_i5	CASK	54148	1	HsVcPPIP02v1AD5	A03	NTN4	3050	3AT	2	2	NULL	11691
HsVcPPIP02v1AD	VS67SM	sample_03	G_AD_AD_n_for	O_AD_term_i5	TRIM37	2078	1	HsVcPPIP02v1AD5	A04	CWF19L2	55730	3AT	2	4	NULL	6438
HsVcPPIP02v1AD	VS67SM	sample_03	G_AD_AD_n_for	O_AD_term_i5	TRIM37	2078	1	HsVcPPIP02v1AD5	A05	COPB1	1909	3AT	2	4	NULL	10152
HsVcPPIP02v1AD	VS67SM	sample_03	G_AD_AD_n_for	O_AD_term_i5	SPECC1L	70259	1	HsVcPPIP02v1AD5	A06	ZNF250	525	3AT	2	4	NULL	5684
HsVcPPIP02v1AD	VS67SM	sample_03	G_AD_AD_n_for	O_AD_term_i5	AMPD2	4910	1	HsVcPPIP02v1AD5	B01	AMPD2	4910	3AT	2	3	NULL	5
HsVcPPIP02v1AD	VS67SM	sample_03	G_AD_AD_n_for	O_AD_term_i5	ACTN1	3798	1	HsVcPPIP02v1AD5	B02	USP2	3754	3AT	2	4	NULL	6
HsVcPPIP02v1AD	VS67SM	sample_03	G_AD_AD_n_for	O_AD_term_i5	CASK	54148	1	HsVcPPIP02v1AD5	B03	SH2D4A	55307	3AT	2	3	NULL	14280
HsVcPPIP02v1AD	VS67SM	sample_03	G_AD_AD_n_for	O_AD_term_i5	TRIM37	2078	1	HsVcPPIP02v1AD5	B04	BYSL	11723	3AT	2	4	NULL	7729
HsVcPPIP02v1AD	VS67SM	sample_03	G_AD_AD_n_for	O_AD_term_i5	TRIM37	2078	1	HsVcPPIP02v1AD5	B05	AQP1	1231	3AT	2	3	NULL	9943
HsVcPPIP02v1AD	VS67SM	sample_03	G_AD_AD_n_for	O_AD_term_i5	SMARCC2	2914	1	HsVcPPIP02v1AD5	B06	SMARCB1	53965	3AT	2	4	NULL	625
HsVcPPIP02v1AD	VS67SM	sample_03	G_AD_AD_n_for	O_AD_term_i5	AMPD2	4910	1	HsVcPPIP02v1AD5	C01	AMPD1	100014316	3AT	2	3	NULL	7
HsVcPPIP02v1AD	VS67SM	sample_03	G_AD_AD_n_for	O_AD_term_i5	ACTN1	3798	1	HsVcPPIP02v1AD5	C02	EIF2S1	100009807	3AT	2	NA	NULL	3
HsVcPPIP02v1AD	VS67SM	sample_03	G_AD_AD_n_for	O_AD_term_i5	CASK	54148	1	HsVcPPIP02v1AD5	C03	MLX	3023	3AT	2	4	NULL	15247
HsVcPPIP02v1AD	VS67SM	sample_03	G_AD_AD_n_for	O_AD_term_i5	TRIM37	2078	1	HsVcPPIP02v1AD5	C04	CDC20B	9640	3AT	2	3	NULL	10141
HsVcPPIP02v1AD	VS67SM	sample_03	G_AD_AD_n_for	O_AD_term_i5	TRIM37	2078	1	HsVcPPIP02v1AD5	C05	ELOA	4407	3AT	2	3	NULL	7183
HsVcPPIP02v1AD	VS67SM	sample_03	G_AD_AD_n_for	O_AD_term_i5	ACTN1	3798	1	HsVcPPIP02v1AD5	D01	LNX1	8141	3AT	2	4	NULL	3
HsVcPPIP02v1AD	VS67SM	sample_03	G_AD_AD_n_for	O_AD_term_i5	ACTN1	3798	1	HsVcPPIP02v1AD5	D02	C14orf119	2431	3AT	2	4	NULL	8288
HsVcPPIP02v1AD	VS67SM	sample_03	G_AD_AD_n_for	O_AD_term_i5	CASK	54148	1	HsVcPPIP02v1AD5	D03	LIN7A	56441	3AT	2	4	NULL	3865
HsVcPPIP02v1AD	VS67SM	sample_03	G_AD_AD_n_for	O_AD_term_i5	TRIM37	2078	1	HsVcPPIP02v1AD5	D04	ZBTB24	54115	3AT	2	NA	NULL	8143
HsVcPPIP02v1AD	VS67SM	sample_03	G_AD_AD_n_for	O_AD_term_i5	TRIM37	2078	1	HsVcPPIP02v1AD5	D05	CDC7	56166	3AT	2	3	NULL	9427
HsVcPPIP02v1AD	VS67SM	sample_03	G_AD_AD_n_for	O_AD_term_i5	ACTN1	3798	1	HsVcPPIP02v1AD5	E01	MYOZ1	8274	3AT	2	4	NULL	6
HsVcPPIP02v1AD	VS67SM	sample_03	G_AD_AD_n_for	O_AD_term_i5	ACTN1	3798	1	HsVcPPIP02v1AD5	E02	MYOZ2	5651	3AT	2	4	NULL	0
HsVcPPIP02v1AD	VS67SM	sample_03	G_AD_AD_n_for	O_AD_term_i5	CASK	54148	1	HsVcPPIP02v1AD5	E03	LIN7B	1565	3AT	2	4	NULL	11129
HsVcPPIP02v1AD	VS67SM	sample_03	G_AD_AD_n_for	O_AD_term_i5	TRIM37	2078	1	HsVcPPIP02v1AD5	E04	PNKP	9905	3AT	2	4	NULL	10606
HsVcPPIP02v1AD	VS67SM	sample_03	G_AD_AD_n_for	O_AD_term_i5	SPECC1L	70259	1	HsVcPPIP02v1AD5	E05	SNW1	52879	3AT	2	3	NULL	17
HsVcPPIP02v1AD	VS67SM	sample_03	G_AD_AD_n_for	O_AD_term_i5	ACTN1	3798	1	HsVcPPIP02v1AD5	F01	MICALL2	11190	3AT	2	4	NULL	8880
HsVcPPIP02v1AD	VS67SM	sample_03	G_AD_AD_n_for	O_AD_term_i5	ACTN1	3798	1	HsVcPPIP02v1AD5	F02	ACTN3	55882	3AT	2	4	NULL	9068
HsVcPPIP02v1AD	VS67SM	sample_03	G_AD_AD_n_for	O_AD_term_i5	CASK	54148	1	HsVcPPIP02v1AD5	F03	C20orf85	71240	3AT	2	3	NULL	5
HsVcPPIP02v1AD	VS67SM	sample_03	G_AD_AD_n_for	O_AD_term_i5	TRIM37	2078	1	HsVcPPIP02v1AD5	F04	TCEANC	856	3AT	2	NA	NULL	6390
HsVcPPIP02v1AD	VS67SM	sample_03	G_AD_AD_n_for	O_AD_term_i5	SPECC1L	70259	1	HsVcPPIP02v1AD5	F05	EFCAB3	71841	3AT	2	3	NULL	6702
HsVcPPIP02v1AD	VS67SM	sample_03	G_AD_AD_n_for	O_AD_term_i5	ACTN1	3798	1	HsVcPPIP02v1AD5	G01	SYNPO2L	72050	3AT	2	4	NULL	6809
HsVcPPIP02v1AD	VS67SM	sample_03	G_AD_AD_n_for	O_AD_term_i5	OCRL	71311	1	HsVcPPIP02v1AD5	G02	FAM109B	52977	3AT	2	4	NULL	8467
HsVcPPIP02v1AD	VS67SM	sample_03	G_AD_AD_n_for	O_AD_term_i5	TRIM37	2078	1	HsVcPPIP02v1AD5	G03	DZIP1L	8114	3AT	2	NA	NULL	7215
HsVcPPIP02v1AD	VS67SM	sample_03	G_AD_AD_n_for	O_AD_term_i5	TRIM37	2078	1	HsVcPPIP02v1AD5	G04	SYTL4	199	3AT	2	1	NULL	852
HsVcPPIP02v1AD	VS67SM	sample_03	G_AD_AD_n_for	O_AD_term_i5	SPECC1L	70259	1	HsVcPPIP02v1AD5	G05	ZFHX3	9406	3AT	2	NA	NULL	0
HsVcPPIP02v1AD	VS67SM	sample_03	G_AD_AD_n_for	O_AD_term_i5	ACTN1	3798	1	HsVcPPIP02v1AD5	H01	C11orf57	14650	3AT	2	3	NULL	2
HsVcPPIP02v1AD	VS67SM	sample_03	G_AD_AD_n_for	O_AD_term_i5	OCRL	71311	1	HsVcPPIP02v1AD5	H02	FAM109A	9411	3AT	2	4	NULL	16038
HsVcPPIP02v1AD	VS67SM	sample_03	G_AD_AD_n_for	O_AD_term_i5	TRIM37	2078	1	HsVcPPIP02v1AD5	H03	ZNF587	54426	3AT	2	4	NULL	1
HsVcPPIP02v1AD	VS67SM	sample_03	G_AD_AD_n_for	O_AD_term_i5	TRIM37	2078	1	HsVcPPIP02v1AD5	H04	DTNB	2991	3AT	2	4	NULL	0
HsVcPPIP02v1AD	VS67SM	sample_03	G_AD_AD_n_for	O_AD_term_i5	SPECC1L	70259	1	HsVcPPIP02v1AD5	H05	ELOA	4407	3AT	2	3	NULL	0
HsVcPPIP02v1AD	VS67SM	sample_04	G_AD_AD_n_for	O_AD_term_i5	VPS35	7965	1	HsVcPPIP02v1AD5	A01	VPS29	14158	LW	2	4	NULL	3
HsVcPPIP02v1AD	VS67SM	sample_04	G_AD_AD_n_for	O_AD_term_i5	ACTN1	3798	1	HsVcPPIP02v1AD5	A02	EPM2AIP1	10812	LW	2	4	NULL	8375
HsVcPPIP02v1AD	VS67SM	sample_04	G_AD_AD_n_for	O_AD_term_i5	CASK	54148	1	HsVcPPIP02v1AD5	A03	NTN4	3050	LW	2	4	NULL	11897
HsVcPPIP02v1AD	VS67SM	sample_04	G_AD_AD_n_for	O_AD_term_i5	TRIM37	2078	1	HsVcPPIP02v1AD5	A04	CWF19L2	55730	LW	2	4	NULL	7543
HsVcPPIP02v1AD	VS67SM	sample_04	G_AD_AD_n_for	O_AD_term_i5	TRIM37	2078	1	HsVcPPIP02v1AD5	A05	COPB1	1909	LW	2	4	NULL	4546
HsVcPPIP02v1AD	VS67SM	sample_04	G_AD_AD_n_for	O_AD_term_i5	SPECC1L	70259	1	HsVcPPIP02v1AD5	A06	ZNF250	525	LW	2	4	NULL	5217
HsVcPPIP02v1AD	VS67SM	sample_04	G_AD_AD_n_for	O_AD_term_i5	AMPD2	4910	1	HsVcPPIP02v1AD5	B01	AMPD2	4910	LW	2	4	NULL	4991
HsVcPPIP02v1AD	VS67SM	sample_04	G_AD_AD_n_for	O_AD_term_i5	ACTN1	3798	1	HsVcPPIP02v1AD5	B02	USP2	3754	LW	2	4	NULL	8092
HsVcPPIP02v1AD	VS67SM	sample_04	G_AD_AD_n_for	O_AD_term_i5	CASK	54148	1	HsVcPPIP02v1AD5	B03	SH2D4A	55307	LW	2	4	NULL	8927
HsVcPPIP02v1AD	VS67SM	sample_04	G_AD_AD_n_for	O_AD_term_i5	TRIM37	2078	1	HsVcPPIP02v1AD5	B04	BYSL	11723	LW	2	4	NULL	4140
HsVcPPIP02v1AD	VS67SM	sample_04	G_AD_AD_n_for	O_AD_term_i5	TRIM37	2078	1	HsVcPPIP02v1AD5	B05	AQP1	1231	LW	2	4	NULL	3820
HsVcPPIP02v1AD	VS67SM	sample_04	G_AD_AD_n_for	O_AD_term_i5	SMARCC2	2914	1	HsVcPPIP02v1AD5	B06	SMARCB1	53965	LW	2	4	NULL	0
HsVcPPIP02v1AD	VS67SM	sample_04	G_AD_AD_n_for	O_AD_term_i5	AMPD2	4910	1	HsVcPPIP02v1AD5	C01	AMPD1	100014316	LW	2	4	NULL	8663
HsVcPPIP02v1AD	VS67SM	sample_04	G_AD_AD_n_for	O_AD_term_i5	ACTN1	3798	1	HsVcPPIP02v1AD5	C02	EIF2S1	100009807	LW	2	4	NULL	5410
HsVcPPIP02v1AD	VS67SM	sample_04	G_AD_AD_n_for	O_AD_term_i5	CASK	54148	1	HsVcPPIP02v1AD5	C03	MLX	3023	LW	2	4	NULL	10949
HsVcPPIP02v1AD	VS67SM	sample_04	G_AD_AD_n_for	O_AD_term_i5	TRIM37	2078	1	HsVcPPIP02v1AD5	C04	CDC20B	9640	LW	2	4	NULL	4575
HsVcPPIP02v1AD	VS67SM	sample_04	G_AD_AD_n_for	O_AD_term_i5	TRIM37	2078	1	HsVcPPIP02v1AD5	C05	ELOA	4407	LW	2	4	NULL	3435
HsVcPPIP02v1AD	VS67SM	sample_04	G_AD_AD_n_for	O_AD_term_i5	ACTN1	3798	1	HsVcPPIP02v1AD5	D01	LNX1	8141	LW	2	4	NULL	7549
HsVcPPIP02v1AD	VS67SM	sample_04	G_AD_AD_n_for	O_AD_term_i5	ACTN1	3798	1	HsVcPPIP02v1AD5	D02	C14orf119	2431	LW	2	4	NULL	4137
HsVcPPIP02v1AD	VS67SM	sample_04	G_AD_AD_n_for	O_AD_term_i5	CASK	54148	1	HsVcPPIP02v1AD5	D03	LIN7A	56441	LW	2	4	NULL	8567
HsVcPPIP02v1AD	VS67SM	sample_04	G_AD_AD_n_for	O_AD_term_i5	TRIM37	2078	1	HsVcPPIP02v1AD5	D04	ZBTB24	54115	LW	2	4	NULL	6
HsVcPPIP02v1AD	VS67SM	sample_04	G_AD_AD_n_for	O_AD_term_i5	TRIM37	2078	1	HsVcPPIP02v1AD5	D05	CDC7	56166	LW	2	4	NULL	1865
HsVcPPIP02v1AD	VS67SM	sample_04	G_AD_AD_n_for	O_AD_term_i5	ACTN1	3798	1	HsVcPPIP02v1AD5	E01	MYOZ1	8274	LW	2	4	NULL	6911
HsVcPPIP02v1AD	VS67SM	sample_04	G_AD_AD_n_for	O_AD_term_i5	ACTN1	3798	1	HsVcPPIP02v1AD5	E02	MYOZ2	5651	LW	2	4	NULL	0
HsVcPPIP02v1AD	VS67SM	sample_04	G_AD_AD_n_for	O_AD_term_i5	CASK	54148	1	HsVcPPIP02v1AD5	E03	LIN7B	1565	LW	2	4	NULL	4351
HsVcPPIP02v1AD	VS67SM	sample_04	G_AD_AD_n_for	O_AD_term_i5	TRIM37	2078	1	HsVcPPIP02v1AD5	E04	PNKP	9905	LW	2	4	NULL	3133
HsVcPPIP02v1AD	VS67SM	sample_04	G_AD_AD_n_for	O_AD_term_i5	SPECC1L	70259	1	HsVcPPIP02v1AD5	E05	SNW1	52879	LW	2	4	NULL	12
HsVcPPIP02v1AD	VS67SM	sample_04	G_AD_AD_n_for	O_AD_term_i5	ACTN1	3798	1	HsVcPPIP02v1AD5	F01	MICALL2	11190	LW	2	4	NULL	5
HsVcPPIP02v1AD	VS67SM	sample_04	G_AD_AD_n_for	O_AD_term_i5	ACTN1	3798	1	HsVcPPIP02v1AD5	F02	ACTN3	55882	LW	2	4	NULL	5665
HsVcPPIP02v1AD	VS67SM	sample_04	G_AD_AD_n_for	O_AD_term_i5	CASK	54148	1	HsVcPPIP02v1AD5	F03	C20orf85	71240	LW	2	4	NULL	9907
HsVcPPIP02v1AD	VS67SM	sample_04	G_AD_AD_n_for	O_AD_term_i5	TRIM37	2078	1	HsVcPPIP02v1AD5	F04	TCEANC	856	LW	2	4	NULL	2
HsVcPPIP02v1AD	VS67SM	sample_04	G_AD_AD_n_for	O_AD_term_i5	SPECC1L	70259	1	HsVcPPIP02v1AD5	F05	EFCAB3	71841	LW	2	4	NULL	4
HsVcPPIP02v1AD	VS67SM	sample_04	G_AD_AD_n_for	O_AD_term_i5	ACTN1	3798	1	HsVcPPIP02v1AD5	G01	SYNPO2L	72050	LW	2	4	NULL	7981
HsVcPPIP02v1AD	VS67SM	sample_04	G_AD_AD_n_for	O_AD_term_i5	OCRL	71311	1	HsVcPPIP02v1AD5	G02	FAM109B	52977	LW	2	4	NULL	7207
HsVcPPIP02v1AD	VS67SM	sample_04	G_AD_AD_n_for	O_AD_term_i5	TRIM37	2078	1	HsVcPPIP02v1AD5	G03	DZIP1L	8114	LW	2	4	NULL	2958
HsVcPPIP02v1AD	VS67SM	sample_04	G_AD_AD_n_for	O_AD_term_i5	TRIM37	2078	1	HsVcPPIP02v1AD5	G04	SYTL4	199	LW	2	4	NULL	7263
HsVcPPIP02v1AD	VS67SM	sample_04	G_AD_AD_n_for	O_AD_term_i5	SPECC1L	70259	1	HsVcPPIP02v1AD5	G05	ZFHX3	9406	LW	2	4	NULL	0
HsVcPPIP02v1AD	VS67SM	sample_04	G_AD_AD_n_for	O_AD_term_i5	ACTN1	3798	1	HsVcPPIP02v1AD5	H01	C11orf57	14650	LW	2	4	NULL	8981
HsVcPPIP02v1AD	VS67SM	sample_04	G_AD_AD_n_for	O_AD_term_i5	OCRL	71311	1	HsVcPPIP02v1AD5	H02	FAM109A	9411	LW	2	4	NULL	7
HsVcPPIP02v1AD	VS67SM	sample_04	G_AD_AD_n_for	O_AD_term_i5	TRIM37	2078	1	HsVcPPIP02v1AD5	H03	ZNF587	54426	LW	2	4	NULL	6670
HsVcPPIP02v1AD	VS67SM	sample_04	G_AD_AD_n_for	O_AD_term_i5	TRIM37	2078	1	HsVcPPIP02v1AD5	H04	DTNB	2991	LW	2	4	NULL	0
HsVcPPIP02v1AD	VS67SM	sample_04	G_AD_AD_n_for	O_AD_term_i5	SPECC1L	70259	1	HsVcPPIP02v1AD5	H05	ELOA	4407	LW	2	4	NULL	0
HsVcPPIP02v1AD	VS67SM	sample_01	I_AD_AD_n_for	N_AD_term_i5	CALM2	1	1	HsVcPPIP02v1AD1	A01	CAMTA2	9711	3AT	3	3	NULL	16190
HsVcPPIP02v1AD	VS67SM	sample_01	I_AD_AD_n_for	N_AD_term_i5	CRYAB	5585	1	HsVcPPIP02v1AD1	A02	FP236240.1	13813	3AT	3	3	NULL	12283
HsVcPPIP02v1AD	VS67SM	sample_01	I_AD_AD_n_for	N_AD_term_i5	THAP1	1668	1	HsVcPPIP02v1AD1	A03	GPATCH2L	13363	3AT	3	3	NULL	19141
HsVcPPIP02v1AD	VS67SM	sample_01	I_AD_AD_n_for	N_AD_term_i5	THAP1	1668	1	HsVcPPIP02v1AD1	A04	KANK2	14983	3AT	3	3	NULL	15287
HsVcPPIP02v1AD	VS67SM	sample_01	I_AD_AD_n_for	N_AD_term_i5	THAP1	1668	1	HsVcPPIP02v1AD1	A05	RIPPLY1	55999	3AT	3	3	NULL	14303
HsVcPPIP02v1AD	VS67SM	sample_01	I_AD_AD_n_for	N_AD_term_i5	THAP1	1668	1	HsVcPPIP02v1AD1	A06	FGF11	9976	3AT	3	3	NULL	16222
HsVcPPIP02v1AD	VS67SM	sample_01	I_AD_AD_n_for	N_AD_term_i5	THAP1	1668	1	HsVcPPIP02v1AD1	A07	RBM10	4573	3AT	3	3	NULL	17557
HsVcPPIP02v1AD	VS67SM	sample_01	I_AD_AD_n_for	N_AD_term_i5	HPRT1	7982	1	HsVcPPIP02v1AD1	A08	WDYHV1	4786	3AT	3	4	NULL	18513
HsVcPPIP02v1AD	VS67SM	sample_01	I_AD_AD_n_for	N_AD_term_i5	KCTD1	14221	1	HsVcPPIP02v1AD1	A09	UBASH3A	13969	3AT	3	4	NULL	12027
HsVcPPIP02v1AD	VS67SM	sample_01	I_AD_AD_n_for	N_AD_term_i5	KCTD1	14221	1	HsVcPPIP02v1AD1	A10	TRAPPC2	6935	3AT	3	4	NULL	13228
HsVcPPIP02v1AD	VS67SM	sample_01	I_AD_AD_n_for	N_AD_term_i5	KCTD7	70368	1	HsVcPPIP02v1AD1	A11	ZNF417	8400	3AT	3	3	NULL	8256
HsVcPPIP02v1AD	VS67SM	sample_01	I_AD_AD_n_for	N_AD_term_i5	KCTD7	70368	1	HsVcPPIP02v1AD1	A12	NIF3L1	4562	3AT	3	2	NULL	6528
HsVcPPIP02v1AD	VS67SM	sample_01	I_AD_AD_n_for	N_AD_term_i5	CALM2	1	1	HsVcPPIP02v1AD1	B01	C11orf65	2162	3AT	3	3	NULL	23193
HsVcPPIP02v1AD	VS67SM	sample_01	I_AD_AD_n_for	N_AD_term_i5	CRYAB	5585	1	HsVcPPIP02v1AD1	B02	GORASP2	4973	3AT	3	3	NULL	13190
HsVcPPIP02v1AD	VS67SM	sample_01	I_AD_AD_n_for	N_AD_term_i5	THAP1	1668	1	HsVcPPIP02v1AD1	B03	INO80B	11788	3AT	3	NA	NULL	33
HsVcPPIP02v1AD	VS67SM	sample_01	I_AD_AD_n_for	N_AD_term_i5	THAP1	1668	1	HsVcPPIP02v1AD1	B04	C11orf57	14650	3AT	3	4	NULL	16281
HsVcPPIP02v1AD	VS67SM	sample_01	I_AD_AD_n_for	N_AD_term_i5	THAP1	1668	1	HsVcPPIP02v1AD1	B05	SREK1IP1	56807	3AT	3	4	NULL	14279
HsVcPPIP02v1AD	VS67SM	sample_01	I_AD_AD_n_for	N_AD_term_i5	THAP1	1668	1	HsVcPPIP02v1AD1	B06	CSNK2A1	6699	3AT	3	3	NULL	18227
HsVcPPIP02v1AD	VS67SM	sample_01	I_AD_AD_n_for	N_AD_term_i5	THAP1	1668	1	HsVcPPIP02v1AD1	B07	THAP1	1668	3AT	3	4	NULL	18450
HsVcPPIP02v1AD	VS67SM	sample_01	I_AD_AD_n_for	N_AD_term_i5	HPRT1	7982	1	HsVcPPIP02v1AD1	B08	SDCBP	53842	3AT	3	3	NULL	17443
HsVcPPIP02v1AD	VS67SM	sample_01	I_AD_AD_n_for	N_AD_term_i5	KCTD1	14221	1	HsVcPPIP02v1AD1	B09	TGM7	100015481	3AT	3	4	NULL	13897
HsVcPPIP02v1AD	VS67SM	sample_01	I_AD_AD_n_for	N_AD_term_i5	KCTD1	14221	1	HsVcPPIP02v1AD1	B10	LMO1	14023	3AT	3	4	NULL	9092
HsVcPPIP02v1AD	VS67SM	sample_01	I_AD_AD_n_for	N_AD_term_i5	KCTD7	70368	1	HsVcPPIP02v1AD1	B11	GAS2L2	100015630	3AT	3	3	NULL	6743
HsVcPPIP02v1AD	VS67SM	sample_01	I_AD_AD_n_for	N_AD_term_i5	KCTD7	70368	1	HsVcPPIP02v1AD1	B12	DVL3	9635	3AT	3	3	NULL	7271
HsVcPPIP02v1AD	VS67SM	sample_01	I_AD_AD_n_for	N_AD_term_i5	CALM2	1	1	HsVcPPIP02v1AD1	C01	KIAA1683	56859	3AT	3	4	NULL	25830
HsVcPPIP02v1AD	VS67SM	sample_01	I_AD_AD_n_for	N_AD_term_i5	FTL	5737	1	HsVcPPIP02v1AD1	C02	WDYHV1	4786	3AT	3	3	NULL	21762
HsVcPPIP02v1AD	VS67SM	sample_01	I_AD_AD_n_for	N_AD_term_i5	THAP1	1668	1	HsVcPPIP02v1AD1	C03	BYSL	11723	3AT	3	3	NULL	18085
HsVcPPIP02v1AD	VS67SM	sample_01	I_AD_AD_n_for	N_AD_term_i5	THAP1	1668	1	HsVcPPIP02v1AD1	C04	PRR20D	56508	3AT	3	3	NULL	16268
HsVcPPIP02v1AD	VS67SM	sample_01	I_AD_AD_n_for	N_AD_term_i5	THAP1	1668	1	HsVcPPIP02v1AD1	C05	LNX1	8141	3AT	3	3	NULL	15403
HsVcPPIP02v1AD	VS67SM	sample_01	I_AD_AD_n_for	N_AD_term_i5	THAP1	1668	1	HsVcPPIP02v1AD1	C06	MRPL53	7171	3AT	3	2	NULL	10240
HsVcPPIP02v1AD	VS67SM	sample_01	I_AD_AD_n_for	N_AD_term_i5	THAP1	1668	1	HsVcPPIP02v1AD1	C07	FGF12	1161	3AT	3	2	NULL	10386
HsVcPPIP02v1AD	VS67SM	sample_01	I_AD_AD_n_for	N_AD_term_i5	PLP1	4062	1	HsVcPPIP02v1AD1	C08	PTPRN	4946	3AT	3	0	NULL	0
HsVcPPIP02v1AD	VS67SM	sample_01	I_AD_AD_n_for	N_AD_term_i5	KCTD1	14221	1	HsVcPPIP02v1AD1	C09	POLR1C	5431	3AT	3	4	NULL	12193
HsVcPPIP02v1AD	VS67SM	sample_01	I_AD_AD_n_for	N_AD_term_i5	KCTD1	14221	1	HsVcPPIP02v1AD1	C10	KCTD15	6714	3AT	3	4	NULL	14185
HsVcPPIP02v1AD	VS67SM	sample_01	I_AD_AD_n_for	N_AD_term_i5	KCTD7	70368	1	HsVcPPIP02v1AD1	C11	TCEA2	6195	3AT	3	3	NULL	6511
HsVcPPIP02v1AD	VS67SM	sample_01	I_AD_AD_n_for	N_AD_term_i5	KCTD7	70368	1	HsVcPPIP02v1AD1	C12	PIN1	4406	3AT	3	4	NULL	8097
HsVcPPIP02v1AD	VS67SM	sample_01	I_AD_AD_n_for	N_AD_term_i5	CALM3	3484	1	HsVcPPIP02v1AD1	D01	CAMTA2	9711	3AT	3	2	NULL	16321
HsVcPPIP02v1AD	VS67SM	sample_01	I_AD_AD_n_for	N_AD_term_i5	FTL	5737	1	HsVcPPIP02v1AD1	D02	SDCBP	53842	3AT	3	4	NULL	21853
HsVcPPIP02v1AD	VS67SM	sample_01	I_AD_AD_n_for	N_AD_term_i5	THAP1	1668	1	HsVcPPIP02v1AD1	D03	BAG5	11688	3AT	3	4	NULL	15594
HsVcPPIP02v1AD	VS67SM	sample_01	I_AD_AD_n_for	N_AD_term_i5	THAP1	1668	1	HsVcPPIP02v1AD1	D04	LMNB2	100067760	3AT	3	4	NULL	15823
HsVcPPIP02v1AD	VS67SM	sample_01	I_AD_AD_n_for	N_AD_term_i5	THAP1	1668	1	HsVcPPIP02v1AD1	D05	STRBP	787	3AT	3	3	NULL	18666
HsVcPPIP02v1AD	VS67SM	sample_01	I_AD_AD_n_for	N_AD_term_i5	THAP1	1668	1	HsVcPPIP02v1AD1	D06	PHF1	5002	3AT	3	3	NULL	12371
HsVcPPIP02v1AD	VS67SM	sample_01	I_AD_AD_n_for	N_AD_term_i5	CSNK2B	71965	1	HsVcPPIP02v1AD1	D07	CSNK2A1	6699	3AT	3	4	NULL	13458
HsVcPPIP02v1AD	VS67SM	sample_01	I_AD_AD_n_for	N_AD_term_i5	TPK1	14468	1	HsVcPPIP02v1AD1	D08	TPK1	14468	3AT	3	4	NULL	13007
HsVcPPIP02v1AD	VS67SM	sample_01	I_AD_AD_n_for	N_AD_term_i5	KCTD1	14221	1	HsVcPPIP02v1AD1	D09	MORF4L2	11965	3AT	3	3	NULL	10802
HsVcPPIP02v1AD	VS67SM	sample_01	I_AD_AD_n_for	N_AD_term_i5	PQBP1	7270	1	HsVcPPIP02v1AD1	D10	MAPRE1	56115	3AT	3	0	NULL	0
HsVcPPIP02v1AD	VS67SM	sample_01	I_AD_AD_n_for	N_AD_term_i5	KCTD7	70368	1	HsVcPPIP02v1AD1	D11	KAT5	53941	3AT	3	3	NULL	5662
HsVcPPIP02v1AD	VS67SM	sample_01	I_AD_AD_n_for	N_AD_term_i5	OTX2	9958	1	HsVcPPIP02v1AD1	D12	M1AP	1295	3AT	3	NA	NULL	0
HsVcPPIP02v1AD	VS67SM	sample_01	I_AD_AD_n_for	N_AD_term_i5	CALM3	3484	1	HsVcPPIP02v1AD1	E01	C11orf65	2162	3AT	3	3	NULL	20275
HsVcPPIP02v1AD	VS67SM	sample_01	I_AD_AD_n_for	N_AD_term_i5	APRT	52956	1	HsVcPPIP02v1AD1	E02	TTC19	6877	3AT	3	0	NULL	23
HsVcPPIP02v1AD	VS67SM	sample_01	I_AD_AD_n_for	N_AD_term_i5	THAP1	1668	1	HsVcPPIP02v1AD1	E03	ZCCHC10	12844	3AT	3	4	NULL	18768
HsVcPPIP02v1AD	VS67SM	sample_01	I_AD_AD_n_for	N_AD_term_i5	THAP1	1668	1	HsVcPPIP02v1AD1	E04	ZNF385C	15010	3AT	3	2	NULL	14045
HsVcPPIP02v1AD	VS67SM	sample_01	I_AD_AD_n_for	N_AD_term_i5	THAP1	1668	1	HsVcPPIP02v1AD1	E05	ZBTB48	154	3AT	3	2	NULL	15480
HsVcPPIP02v1AD	VS67SM	sample_01	I_AD_AD_n_for	N_AD_term_i5	THAP1	1668	1	HsVcPPIP02v1AD1	E06	C1orf35	4173	3AT	3	4	NULL	19175
HsVcPPIP02v1AD	VS67SM	sample_01	I_AD_AD_n_for	N_AD_term_i5	CSNK2B	71965	1	HsVcPPIP02v1AD1	E07	CSNK2A2	4887	3AT	3	4	NULL	12479
HsVcPPIP02v1AD	VS67SM	sample_01	I_AD_AD_n_for	N_AD_term_i5	TPK1	14468	1	HsVcPPIP02v1AD1	E08	OPLAH	100014361	3AT	3	4	NULL	13712
HsVcPPIP02v1AD	VS67SM	sample_01	I_AD_AD_n_for	N_AD_term_i5	KCTD1	14221	1	HsVcPPIP02v1AD1	E09	KCTD1	14221	3AT	3	4	NULL	11802
HsVcPPIP02v1AD	VS67SM	sample_01	I_AD_AD_n_for	N_AD_term_i5	KCTD7	70368	1	HsVcPPIP02v1AD1	E10	KCTD7	70368	3AT	3	4	NULL	7565
HsVcPPIP02v1AD	VS67SM	sample_01	I_AD_AD_n_for	N_AD_term_i5	KCTD7	70368	1	HsVcPPIP02v1AD1	E11	CUL3	11305	3AT	3	4	NULL	6824
HsVcPPIP02v1AD	VS67SM	sample_01	I_AD_AD_n_for	N_AD_term_i5	STUB1	5219	1	HsVcPPIP02v1AD1	E12	OLFM3	1270	3AT	3	4	NULL	5646
HsVcPPIP02v1AD	VS67SM	sample_01	I_AD_AD_n_for	N_AD_term_i5	CALM3	3484	1	HsVcPPIP02v1AD1	F01	KIAA1683	56859	3AT	3	4	NULL	20984
HsVcPPIP02v1AD	VS67SM	sample_01	I_AD_AD_n_for	N_AD_term_i5	IFT27	7972	1	HsVcPPIP02v1AD1	F02	HSPB11	5491	3AT	3	4	NULL	21388
HsVcPPIP02v1AD	VS67SM	sample_01	I_AD_AD_n_for	N_AD_term_i5	THAP1	1668	1	HsVcPPIP02v1AD1	F03	FAM133A	53675	3AT	3	4	NULL	12511
HsVcPPIP02v1AD	VS67SM	sample_01	I_AD_AD_n_for	N_AD_term_i5	THAP1	1668	1	HsVcPPIP02v1AD1	F04	CDC37	100009829	3AT	3	4	NULL	15774
HsVcPPIP02v1AD	VS67SM	sample_01	I_AD_AD_n_for	N_AD_term_i5	THAP1	1668	1	HsVcPPIP02v1AD1	F05	ZNF408	252	3AT	3	3	NULL	12983
HsVcPPIP02v1AD	VS67SM	sample_01	I_AD_AD_n_for	N_AD_term_i5	THAP1	1668	1	HsVcPPIP02v1AD1	F06	TCEANC	856	3AT	3	3	NULL	15487
HsVcPPIP02v1AD	VS67SM	sample_01	I_AD_AD_n_for	N_AD_term_i5	HPRT1	7982	1	HsVcPPIP02v1AD1	F07	HPRT1	7982	3AT	3	4	NULL	18671
HsVcPPIP02v1AD	VS67SM	sample_01	I_AD_AD_n_for	N_AD_term_i5	QDPR	7966	1	HsVcPPIP02v1AD1	F08	ANKRD13A	14208	3AT	3	4	NULL	9597
HsVcPPIP02v1AD	VS67SM	sample_01	I_AD_AD_n_for	N_AD_term_i5	KCTD1	14221	1	HsVcPPIP02v1AD1	F09	LMO3	1184	3AT	3	4	NULL	9218
HsVcPPIP02v1AD	VS67SM	sample_01	I_AD_AD_n_for	N_AD_term_i5	KCTD7	70368	1	HsVcPPIP02v1AD1	F10	TRIM2	2468	3AT	3	3	NULL	7346
HsVcPPIP02v1AD	VS67SM	sample_01	I_AD_AD_n_for	N_AD_term_i5	KCTD7	70368	1	HsVcPPIP02v1AD1	F11	TCEANC	856	3AT	3	3	NULL	6144
HsVcPPIP02v1AD	VS67SM	sample_01	I_AD_AD_n_for	N_AD_term_i5	MAFB	2353	1	HsVcPPIP02v1AD1	F12	KRTAP4-2	56106	3AT	3	4	NULL	6051
HsVcPPIP02v1AD	VS67SM	sample_01	I_AD_AD_n_for	N_AD_term_i5	TNNC1	9485	1	HsVcPPIP02v1AD1	G01	TNNI1	6326	3AT	3	3	NULL	21026
HsVcPPIP02v1AD	VS67SM	sample_01	I_AD_AD_n_for	N_AD_term_i5	CDC42	399	1	HsVcPPIP02v1AD1	G02	PARD6B	10823	3AT	3	2	NULL	13479
HsVcPPIP02v1AD	VS67SM	sample_01	I_AD_AD_n_for	N_AD_term_i5	THAP1	1668	1	HsVcPPIP02v1AD1	G03	RBM39	55699	3AT	3	3	NULL	18972
HsVcPPIP02v1AD	VS67SM	sample_01	I_AD_AD_n_for	N_AD_term_i5	THAP1	1668	1	HsVcPPIP02v1AD1	G04	SPANXN2	100015109	3AT	3	4	NULL	17333
HsVcPPIP02v1AD	VS67SM	sample_01	I_AD_AD_n_for	N_AD_term_i5	THAP1	1668	1	HsVcPPIP02v1AD1	G05	TCEA2	6195	3AT	3	3	NULL	15413
HsVcPPIP02v1AD	VS67SM	sample_01	I_AD_AD_n_for	N_AD_term_i5	THAP1	1668	1	HsVcPPIP02v1AD1	G06	WDYHV1	4786	3AT	3	4	NULL	14765
HsVcPPIP02v1AD	VS67SM	sample_01	I_AD_AD_n_for	N_AD_term_i5	HPRT1	7982	1	HsVcPPIP02v1AD1	G07	EEF2KMT	6860	3AT	3	0	NULL	1
HsVcPPIP02v1AD	VS67SM	sample_01	I_AD_AD_n_for	N_AD_term_i5	ETHE1	2869	1	HsVcPPIP02v1AD1	G08	ETHE1	2869	3AT	3	0	NULL	2
HsVcPPIP02v1AD	VS67SM	sample_01	I_AD_AD_n_for	N_AD_term_i5	KCTD1	14221	1	HsVcPPIP02v1AD1	G09	EXOSC1	1684	3AT	3	4	NULL	13928
HsVcPPIP02v1AD	VS67SM	sample_01	I_AD_AD_n_for	N_AD_term_i5	KCTD7	70368	1	HsVcPPIP02v1AD1	G10	LNX1	8141	3AT	3	4	NULL	6958
HsVcPPIP02v1AD	VS67SM	sample_01	I_AD_AD_n_for	N_AD_term_i5	KCTD7	70368	1	HsVcPPIP02v1AD1	G11	WDYHV1	4786	3AT	3	4	NULL	7556
HsVcPPIP02v1AD	VS67SM	sample_01	I_AD_AD_n_for	N_AD_term_i5	PPIL1	3755	1	HsVcPPIP02v1AD1	H01	SNW1	52879	3AT	3	3	NULL	15731
HsVcPPIP02v1AD	VS67SM	sample_01	I_AD_AD_n_for	N_AD_term_i5	RHOA	5810	1	HsVcPPIP02v1AD1	H02	RIPOR2	1818	3AT	3	1	NULL	4770
HsVcPPIP02v1AD	VS67SM	sample_01	I_AD_AD_n_for	N_AD_term_i5	THAP1	1668	1	HsVcPPIP02v1AD1	H03	RPL22	12007	3AT	3	3	NULL	15659
HsVcPPIP02v1AD	VS67SM	sample_01	I_AD_AD_n_for	N_AD_term_i5	THAP1	1668	1	HsVcPPIP02v1AD1	H04	VCX2	70095	3AT	3	3	NULL	13799
HsVcPPIP02v1AD	VS67SM	sample_01	I_AD_AD_n_for	N_AD_term_i5	THAP1	1668	1	HsVcPPIP02v1AD1	H05	SERF2	724	3AT	3	3	NULL	17235
HsVcPPIP02v1AD	VS67SM	sample_01	I_AD_AD_n_for	N_AD_term_i5	THAP1	1668	1	HsVcPPIP02v1AD1	H06	METTL13	2644	3AT	3	0	NULL	3
HsVcPPIP02v1AD	VS67SM	sample_01	I_AD_AD_n_for	N_AD_term_i5	HPRT1	7982	1	HsVcPPIP02v1AD1	H07	SPG21	3392	3AT	3	3	NULL	19313
HsVcPPIP02v1AD	VS67SM	sample_01	I_AD_AD_n_for	N_AD_term_i5	KCTD1	14221	1	HsVcPPIP02v1AD1	H08	LNX1	8141	3AT	3	4	NULL	7565
HsVcPPIP02v1AD	VS67SM	sample_01	I_AD_AD_n_for	N_AD_term_i5	KCTD1	14221	1	HsVcPPIP02v1AD1	H09	PICK1	100000407	3AT	3	4	NULL	10703
HsVcPPIP02v1AD	VS67SM	sample_01	I_AD_AD_n_for	N_AD_term_i5	KCTD7	70368	1	HsVcPPIP02v1AD1	H10	PRPF18	961	3AT	3	3	NULL	5286
HsVcPPIP02v1AD	VS67SM	sample_01	I_AD_AD_n_for	N_AD_term_i5	KCTD7	70368	1	HsVcPPIP02v1AD1	H11	TRIM3	70353	3AT	3	4	NULL	8632
HsVcPPIP02v1AD	VS67SM	sample_02	I_AD_AD_n_for	N_AD_term_i5	CALM2	1	1	HsVcPPIP02v1AD1	A01	CAMTA2	9711	LW	3	4	NULL	20959
HsVcPPIP02v1AD	VS67SM	sample_02	I_AD_AD_n_for	N_AD_term_i5	CRYAB	5585	1	HsVcPPIP02v1AD1	A02	FP236240.1	13813	LW	3	4	NULL	10639
HsVcPPIP02v1AD	VS67SM	sample_02	I_AD_AD_n_for	N_AD_term_i5	THAP1	1668	1	HsVcPPIP02v1AD1	A03	GPATCH2L	13363	LW	3	4	NULL	15776
HsVcPPIP02v1AD	VS67SM	sample_02	I_AD_AD_n_for	N_AD_term_i5	THAP1	1668	1	HsVcPPIP02v1AD1	A04	KANK2	14983	LW	3	4	NULL	15221
HsVcPPIP02v1AD	VS67SM	sample_02	I_AD_AD_n_for	N_AD_term_i5	THAP1	1668	1	HsVcPPIP02v1AD1	A05	RIPPLY1	55999	LW	3	4	NULL	11016
HsVcPPIP02v1AD	VS67SM	sample_02	I_AD_AD_n_for	N_AD_term_i5	THAP1	1668	1	HsVcPPIP02v1AD1	A06	FGF11	9976	LW	3	4	NULL	15935
HsVcPPIP02v1AD	VS67SM	sample_02	I_AD_AD_n_for	N_AD_term_i5	THAP1	1668	1	HsVcPPIP02v1AD1	A07	RBM10	4573	LW	3	4	NULL	20998
HsVcPPIP02v1AD	VS67SM	sample_02	I_AD_AD_n_for	N_AD_term_i5	HPRT1	7982	1	HsVcPPIP02v1AD1	A08	WDYHV1	4786	LW	3	4	NULL	16264
HsVcPPIP02v1AD	VS67SM	sample_02	I_AD_AD_n_for	N_AD_term_i5	KCTD1	14221	1	HsVcPPIP02v1AD1	A09	UBASH3A	13969	LW	3	4	NULL	9115
HsVcPPIP02v1AD	VS67SM	sample_02	I_AD_AD_n_for	N_AD_term_i5	KCTD1	14221	1	HsVcPPIP02v1AD1	A10	TRAPPC2	6935	LW	3	4	NULL	7202
HsVcPPIP02v1AD	VS67SM	sample_02	I_AD_AD_n_for	N_AD_term_i5	KCTD7	70368	1	HsVcPPIP02v1AD1	A11	ZNF417	8400	LW	3	4	NULL	3743
HsVcPPIP02v1AD	VS67SM	sample_02	I_AD_AD_n_for	N_AD_term_i5	KCTD7	70368	1	HsVcPPIP02v1AD1	A12	NIF3L1	4562	LW	3	4	NULL	3295
HsVcPPIP02v1AD	VS67SM	sample_02	I_AD_AD_n_for	N_AD_term_i5	CALM2	1	1	HsVcPPIP02v1AD1	B01	C11orf65	2162	LW	3	4	NULL	22086
HsVcPPIP02v1AD	VS67SM	sample_02	I_AD_AD_n_for	N_AD_term_i5	CRYAB	5585	1	HsVcPPIP02v1AD1	B02	GORASP2	4973	LW	3	4	NULL	11322
HsVcPPIP02v1AD	VS67SM	sample_02	I_AD_AD_n_for	N_AD_term_i5	THAP1	1668	1	HsVcPPIP02v1AD1	B03	INO80B	11788	LW	3	NA	NULL	21
HsVcPPIP02v1AD	VS67SM	sample_02	I_AD_AD_n_for	N_AD_term_i5	THAP1	1668	1	HsVcPPIP02v1AD1	B04	C11orf57	14650	LW	3	4	NULL	12425
HsVcPPIP02v1AD	VS67SM	sample_02	I_AD_AD_n_for	N_AD_term_i5	THAP1	1668	1	HsVcPPIP02v1AD1	B05	SREK1IP1	56807	LW	3	4	NULL	10140
HsVcPPIP02v1AD	VS67SM	sample_02	I_AD_AD_n_for	N_AD_term_i5	THAP1	1668	1	HsVcPPIP02v1AD1	B06	CSNK2A1	6699	LW	3	4	NULL	17286
HsVcPPIP02v1AD	VS67SM	sample_02	I_AD_AD_n_for	N_AD_term_i5	THAP1	1668	1	HsVcPPIP02v1AD1	B07	THAP1	1668	LW	3	4	NULL	12051
HsVcPPIP02v1AD	VS67SM	sample_02	I_AD_AD_n_for	N_AD_term_i5	HPRT1	7982	1	HsVcPPIP02v1AD1	B08	SDCBP	53842	LW	3	4	NULL	15955
HsVcPPIP02v1AD	VS67SM	sample_02	I_AD_AD_n_for	N_AD_term_i5	KCTD1	14221	1	HsVcPPIP02v1AD1	B09	TGM7	100015481	LW	3	4	NULL	7551
HsVcPPIP02v1AD	VS67SM	sample_02	I_AD_AD_n_for	N_AD_term_i5	KCTD1	14221	1	HsVcPPIP02v1AD1	B10	LMO1	14023	LW	3	4	NULL	6247
HsVcPPIP02v1AD	VS67SM	sample_02	I_AD_AD_n_for	N_AD_term_i5	KCTD7	70368	1	HsVcPPIP02v1AD1	B11	GAS2L2	100015630	LW	3	4	NULL	3297
HsVcPPIP02v1AD	VS67SM	sample_02	I_AD_AD_n_for	N_AD_term_i5	KCTD7	70368	1	HsVcPPIP02v1AD1	B12	DVL3	9635	LW	3	4	NULL	3078
HsVcPPIP02v1AD	VS67SM	sample_02	I_AD_AD_n_for	N_AD_term_i5	CALM2	1	1	HsVcPPIP02v1AD1	C01	KIAA1683	56859	LW	3	4	NULL	24255
HsVcPPIP02v1AD	VS67SM	sample_02	I_AD_AD_n_for	N_AD_term_i5	FTL	5737	1	HsVcPPIP02v1AD1	C02	WDYHV1	4786	LW	3	4	NULL	18090
HsVcPPIP02v1AD	VS67SM	sample_02	I_AD_AD_n_for	N_AD_term_i5	THAP1	1668	1	HsVcPPIP02v1AD1	C03	BYSL	11723	LW	3	4	NULL	10384
HsVcPPIP02v1AD	VS67SM	sample_02	I_AD_AD_n_for	N_AD_term_i5	THAP1	1668	1	HsVcPPIP02v1AD1	C04	PRR20D	56508	LW	3	4	NULL	12923
HsVcPPIP02v1AD	VS67SM	sample_02	I_AD_AD_n_for	N_AD_term_i5	THAP1	1668	1	HsVcPPIP02v1AD1	C05	LNX1	8141	LW	3	4	NULL	11555
HsVcPPIP02v1AD	VS67SM	sample_02	I_AD_AD_n_for	N_AD_term_i5	THAP1	1668	1	HsVcPPIP02v1AD1	C06	MRPL53	7171	LW	3	4	NULL	16911
HsVcPPIP02v1AD	VS67SM	sample_02	I_AD_AD_n_for	N_AD_term_i5	THAP1	1668	1	HsVcPPIP02v1AD1	C07	FGF12	1161	LW	3	4	NULL	11510
HsVcPPIP02v1AD	VS67SM	sample_02	I_AD_AD_n_for	N_AD_term_i5	PLP1	4062	1	HsVcPPIP02v1AD1	C08	PTPRN	4946	LW	3	4	NULL	8708
HsVcPPIP02v1AD	VS67SM	sample_02	I_AD_AD_n_for	N_AD_term_i5	KCTD1	14221	1	HsVcPPIP02v1AD1	C09	POLR1C	5431	LW	3	4	NULL	8339
HsVcPPIP02v1AD	VS67SM	sample_02	I_AD_AD_n_for	N_AD_term_i5	KCTD1	14221	1	HsVcPPIP02v1AD1	C10	KCTD15	6714	LW	3	4	NULL	8295
HsVcPPIP02v1AD	VS67SM	sample_02	I_AD_AD_n_for	N_AD_term_i5	KCTD7	70368	1	HsVcPPIP02v1AD1	C11	TCEA2	6195	LW	3	4	NULL	3563
HsVcPPIP02v1AD	VS67SM	sample_02	I_AD_AD_n_for	N_AD_term_i5	KCTD7	70368	1	HsVcPPIP02v1AD1	C12	PIN1	4406	LW	3	4	NULL	3239
HsVcPPIP02v1AD	VS67SM	sample_02	I_AD_AD_n_for	N_AD_term_i5	CALM3	3484	1	HsVcPPIP02v1AD1	D01	CAMTA2	9711	LW	3	4	NULL	22939
HsVcPPIP02v1AD	VS67SM	sample_02	I_AD_AD_n_for	N_AD_term_i5	FTL	5737	1	HsVcPPIP02v1AD1	D02	SDCBP	53842	LW	3	4	NULL	15825
HsVcPPIP02v1AD	VS67SM	sample_02	I_AD_AD_n_for	N_AD_term_i5	THAP1	1668	1	HsVcPPIP02v1AD1	D03	BAG5	11688	LW	3	4	NULL	16402
HsVcPPIP02v1AD	VS67SM	sample_02	I_AD_AD_n_for	N_AD_term_i5	THAP1	1668	1	HsVcPPIP02v1AD1	D04	LMNB2	100067760	LW	3	4	NULL	17307
HsVcPPIP02v1AD	VS67SM	sample_02	I_AD_AD_n_for	N_AD_term_i5	THAP1	1668	1	HsVcPPIP02v1AD1	D05	STRBP	787	LW	3	4	NULL	14390
HsVcPPIP02v1AD	VS67SM	sample_02	I_AD_AD_n_for	N_AD_term_i5	THAP1	1668	1	HsVcPPIP02v1AD1	D06	PHF1	5002	LW	3	4	NULL	8807
HsVcPPIP02v1AD	VS67SM	sample_02	I_AD_AD_n_for	N_AD_term_i5	CSNK2B	71965	1	HsVcPPIP02v1AD1	D07	CSNK2A1	6699	LW	3	4	NULL	12158
HsVcPPIP02v1AD	VS67SM	sample_02	I_AD_AD_n_for	N_AD_term_i5	TPK1	14468	1	HsVcPPIP02v1AD1	D08	TPK1	14468	LW	3	4	NULL	10332
HsVcPPIP02v1AD	VS67SM	sample_02	I_AD_AD_n_for	N_AD_term_i5	KCTD1	14221	1	HsVcPPIP02v1AD1	D09	MORF4L2	11965	LW	3	4	NULL	7618
HsVcPPIP02v1AD	VS67SM	sample_02	I_AD_AD_n_for	N_AD_term_i5	PQBP1	7270	1	HsVcPPIP02v1AD1	D10	MAPRE1	56115	LW	3	4	NULL	4223
HsVcPPIP02v1AD	VS67SM	sample_02	I_AD_AD_n_for	N_AD_term_i5	KCTD7	70368	1	HsVcPPIP02v1AD1	D11	KAT5	53941	LW	3	4	NULL	3752
HsVcPPIP02v1AD	VS67SM	sample_02	I_AD_AD_n_for	N_AD_term_i5	OTX2	9958	1	HsVcPPIP02v1AD1	D12	M1AP	1295	LW	3	4	NULL	0
HsVcPPIP02v1AD	VS67SM	sample_02	I_AD_AD_n_for	N_AD_term_i5	CALM3	3484	1	HsVcPPIP02v1AD1	E01	C11orf65	2162	LW	3	4	NULL	23387
HsVcPPIP02v1AD	VS67SM	sample_02	I_AD_AD_n_for	N_AD_term_i5	APRT	52956	1	HsVcPPIP02v1AD1	E02	TTC19	6877	LW	3	4	NULL	19531
HsVcPPIP02v1AD	VS67SM	sample_02	I_AD_AD_n_for	N_AD_term_i5	THAP1	1668	1	HsVcPPIP02v1AD1	E03	ZCCHC10	12844	LW	3	4	NULL	13100
HsVcPPIP02v1AD	VS67SM	sample_02	I_AD_AD_n_for	N_AD_term_i5	THAP1	1668	1	HsVcPPIP02v1AD1	E04	ZNF385C	15010	LW	3	4	NULL	12333
HsVcPPIP02v1AD	VS67SM	sample_02	I_AD_AD_n_for	N_AD_term_i5	THAP1	1668	1	HsVcPPIP02v1AD1	E05	ZBTB48	154	LW	3	4	NULL	12496
HsVcPPIP02v1AD	VS67SM	sample_02	I_AD_AD_n_for	N_AD_term_i5	THAP1	1668	1	HsVcPPIP02v1AD1	E06	C1orf35	4173	LW	3	4	NULL	16018
HsVcPPIP02v1AD	VS67SM	sample_02	I_AD_AD_n_for	N_AD_term_i5	CSNK2B	71965	1	HsVcPPIP02v1AD1	E07	CSNK2A2	4887	LW	3	4	NULL	9239
HsVcPPIP02v1AD	VS67SM	sample_02	I_AD_AD_n_for	N_AD_term_i5	TPK1	14468	1	HsVcPPIP02v1AD1	E08	OPLAH	100014361	LW	3	4	NULL	11941
HsVcPPIP02v1AD	VS67SM	sample_02	I_AD_AD_n_for	N_AD_term_i5	KCTD1	14221	1	HsVcPPIP02v1AD1	E09	KCTD1	14221	LW	3	4	NULL	7685
HsVcPPIP02v1AD	VS67SM	sample_02	I_AD_AD_n_for	N_AD_term_i5	KCTD7	70368	1	HsVcPPIP02v1AD1	E10	KCTD7	70368	LW	3	4	NULL	3753
HsVcPPIP02v1AD	VS67SM	sample_02	I_AD_AD_n_for	N_AD_term_i5	KCTD7	70368	1	HsVcPPIP02v1AD1	E11	CUL3	11305	LW	3	4	NULL	3847
HsVcPPIP02v1AD	VS67SM	sample_02	I_AD_AD_n_for	N_AD_term_i5	STUB1	5219	1	HsVcPPIP02v1AD1	E12	OLFM3	1270	LW	3	4	NULL	2972
HsVcPPIP02v1AD	VS67SM	sample_02	I_AD_AD_n_for	N_AD_term_i5	CALM3	3484	1	HsVcPPIP02v1AD1	F01	KIAA1683	56859	LW	3	4	NULL	24839
HsVcPPIP02v1AD	VS67SM	sample_02	I_AD_AD_n_for	N_AD_term_i5	IFT27	7972	1	HsVcPPIP02v1AD1	F02	HSPB11	5491	LW	3	4	NULL	16978
HsVcPPIP02v1AD	VS67SM	sample_02	I_AD_AD_n_for	N_AD_term_i5	THAP1	1668	1	HsVcPPIP02v1AD1	F03	FAM133A	53675	LW	3	4	NULL	9542
HsVcPPIP02v1AD	VS67SM	sample_02	I_AD_AD_n_for	N_AD_term_i5	THAP1	1668	1	HsVcPPIP02v1AD1	F04	CDC37	100009829	LW	3	4	NULL	11260
HsVcPPIP02v1AD	VS67SM	sample_02	I_AD_AD_n_for	N_AD_term_i5	THAP1	1668	1	HsVcPPIP02v1AD1	F05	ZNF408	252	LW	3	4	NULL	8517
HsVcPPIP02v1AD	VS67SM	sample_02	I_AD_AD_n_for	N_AD_term_i5	THAP1	1668	1	HsVcPPIP02v1AD1	F06	TCEANC	856	LW	3	4	NULL	13415
HsVcPPIP02v1AD	VS67SM	sample_02	I_AD_AD_n_for	N_AD_term_i5	HPRT1	7982	1	HsVcPPIP02v1AD1	F07	HPRT1	7982	LW	3	4	NULL	15634
HsVcPPIP02v1AD	VS67SM	sample_02	I_AD_AD_n_for	N_AD_term_i5	QDPR	7966	1	HsVcPPIP02v1AD1	F08	ANKRD13A	14208	LW	3	4	NULL	7415
HsVcPPIP02v1AD	VS67SM	sample_02	I_AD_AD_n_for	N_AD_term_i5	KCTD1	14221	1	HsVcPPIP02v1AD1	F09	LMO3	1184	LW	3	4	NULL	6588
HsVcPPIP02v1AD	VS67SM	sample_02	I_AD_AD_n_for	N_AD_term_i5	KCTD7	70368	1	HsVcPPIP02v1AD1	F10	TRIM2	2468	LW	3	4	NULL	4012
HsVcPPIP02v1AD	VS67SM	sample_02	I_AD_AD_n_for	N_AD_term_i5	KCTD7	70368	1	HsVcPPIP02v1AD1	F11	TCEANC	856	LW	3	4	NULL	4110
HsVcPPIP02v1AD	VS67SM	sample_02	I_AD_AD_n_for	N_AD_term_i5	MAFB	2353	1	HsVcPPIP02v1AD1	F12	KRTAP4-2	56106	LW	3	4	NULL	1406
HsVcPPIP02v1AD	VS67SM	sample_02	I_AD_AD_n_for	N_AD_term_i5	TNNC1	9485	1	HsVcPPIP02v1AD1	G01	TNNI1	6326	LW	3	4	NULL	25476
HsVcPPIP02v1AD	VS67SM	sample_02	I_AD_AD_n_for	N_AD_term_i5	CDC42	399	1	HsVcPPIP02v1AD1	G02	PARD6B	10823	LW	3	4	NULL	23867
HsVcPPIP02v1AD	VS67SM	sample_02	I_AD_AD_n_for	N_AD_term_i5	THAP1	1668	1	HsVcPPIP02v1AD1	G03	RBM39	55699	LW	3	4	NULL	16966
HsVcPPIP02v1AD	VS67SM	sample_02	I_AD_AD_n_for	N_AD_term_i5	THAP1	1668	1	HsVcPPIP02v1AD1	G04	SPANXN2	100015109	LW	3	4	NULL	15655
HsVcPPIP02v1AD	VS67SM	sample_02	I_AD_AD_n_for	N_AD_term_i5	THAP1	1668	1	HsVcPPIP02v1AD1	G05	TCEA2	6195	LW	3	4	NULL	15071
HsVcPPIP02v1AD	VS67SM	sample_02	I_AD_AD_n_for	N_AD_term_i5	THAP1	1668	1	HsVcPPIP02v1AD1	G06	WDYHV1	4786	LW	3	4	NULL	12080
HsVcPPIP02v1AD	VS67SM	sample_02	I_AD_AD_n_for	N_AD_term_i5	HPRT1	7982	1	HsVcPPIP02v1AD1	G07	EEF2KMT	6860	LW	3	4	NULL	11009
HsVcPPIP02v1AD	VS67SM	sample_02	I_AD_AD_n_for	N_AD_term_i5	ETHE1	2869	1	HsVcPPIP02v1AD1	G08	ETHE1	2869	LW	3	4	NULL	6880
HsVcPPIP02v1AD	VS67SM	sample_02	I_AD_AD_n_for	N_AD_term_i5	KCTD1	14221	1	HsVcPPIP02v1AD1	G09	EXOSC1	1684	LW	3	4	NULL	9024
HsVcPPIP02v1AD	VS67SM	sample_02	I_AD_AD_n_for	N_AD_term_i5	KCTD7	70368	1	HsVcPPIP02v1AD1	G10	LNX1	8141	LW	3	4	NULL	4828
HsVcPPIP02v1AD	VS67SM	sample_02	I_AD_AD_n_for	N_AD_term_i5	KCTD7	70368	1	HsVcPPIP02v1AD1	G11	WDYHV1	4786	LW	3	4	NULL	3775
HsVcPPIP02v1AD	VS67SM	sample_02	I_AD_AD_n_for	N_AD_term_i5	PPIL1	3755	1	HsVcPPIP02v1AD1	H01	SNW1	52879	LW	3	4	NULL	18081
HsVcPPIP02v1AD	VS67SM	sample_02	I_AD_AD_n_for	N_AD_term_i5	RHOA	5810	1	HsVcPPIP02v1AD1	H02	RIPOR2	1818	LW	3	4	NULL	21755
HsVcPPIP02v1AD	VS67SM	sample_02	I_AD_AD_n_for	N_AD_term_i5	THAP1	1668	1	HsVcPPIP02v1AD1	H03	RPL22	12007	LW	3	4	NULL	12010
HsVcPPIP02v1AD	VS67SM	sample_02	I_AD_AD_n_for	N_AD_term_i5	THAP1	1668	1	HsVcPPIP02v1AD1	H04	VCX2	70095	LW	3	4	NULL	14471
HsVcPPIP02v1AD	VS67SM	sample_02	I_AD_AD_n_for	N_AD_term_i5	THAP1	1668	1	HsVcPPIP02v1AD1	H05	SERF2	724	LW	3	4	NULL	13398
HsVcPPIP02v1AD	VS67SM	sample_02	I_AD_AD_n_for	N_AD_term_i5	THAP1	1668	1	HsVcPPIP02v1AD1	H06	METTL13	2644	LW	3	4	NULL	22592
HsVcPPIP02v1AD	VS67SM	sample_02	I_AD_AD_n_for	N_AD_term_i5	HPRT1	7982	1	HsVcPPIP02v1AD1	H07	SPG21	3392	LW	3	4	NULL	16527
HsVcPPIP02v1AD	VS67SM	sample_02	I_AD_AD_n_for	N_AD_term_i5	KCTD1	14221	1	HsVcPPIP02v1AD1	H08	LNX1	8141	LW	3	4	NULL	9052
HsVcPPIP02v1AD	VS67SM	sample_02	I_AD_AD_n_for	N_AD_term_i5	KCTD1	14221	1	HsVcPPIP02v1AD1	H09	PICK1	100000407	LW	3	4	NULL	8415
HsVcPPIP02v1AD	VS67SM	sample_02	I_AD_AD_n_for	N_AD_term_i5	KCTD7	70368	1	HsVcPPIP02v1AD1	H10	PRPF18	961	LW	3	4	NULL	3974
HsVcPPIP02v1AD	VS67SM	sample_02	I_AD_AD_n_for	N_AD_term_i5	KCTD7	70368	1	HsVcPPIP02v1AD1	H11	TRIM3	70353	LW	3	4	NULL	4821
HsVcPPIP02v1AD	VS67SM	sample_03	I_AD_AD_n_for	N_AD_term_i5	VPS35	7965	1	HsVcPPIP02v1AD5	A01	VPS29	14158	3AT	3	3	NULL	0
HsVcPPIP02v1AD	VS67SM	sample_03	I_AD_AD_n_for	N_AD_term_i5	ACTN1	3798	1	HsVcPPIP02v1AD5	A02	EPM2AIP1	10812	3AT	3	4	NULL	1
HsVcPPIP02v1AD	VS67SM	sample_03	I_AD_AD_n_for	N_AD_term_i5	CASK	54148	1	HsVcPPIP02v1AD5	A03	NTN4	3050	3AT	3	3	NULL	19206
HsVcPPIP02v1AD	VS67SM	sample_03	I_AD_AD_n_for	N_AD_term_i5	TRIM37	2078	1	HsVcPPIP02v1AD5	A04	CWF19L2	55730	3AT	3	4	NULL	12340
HsVcPPIP02v1AD	VS67SM	sample_03	I_AD_AD_n_for	N_AD_term_i5	TRIM37	2078	1	HsVcPPIP02v1AD5	A05	COPB1	1909	3AT	3	4	NULL	12933
HsVcPPIP02v1AD	VS67SM	sample_03	I_AD_AD_n_for	N_AD_term_i5	SPECC1L	70259	1	HsVcPPIP02v1AD5	A06	ZNF250	525	3AT	3	4	NULL	13995
HsVcPPIP02v1AD	VS67SM	sample_03	I_AD_AD_n_for	N_AD_term_i5	AMPD2	4910	1	HsVcPPIP02v1AD5	B01	AMPD2	4910	3AT	3	4	NULL	0
HsVcPPIP02v1AD	VS67SM	sample_03	I_AD_AD_n_for	N_AD_term_i5	ACTN1	3798	1	HsVcPPIP02v1AD5	B02	USP2	3754	3AT	3	4	NULL	0
HsVcPPIP02v1AD	VS67SM	sample_03	I_AD_AD_n_for	N_AD_term_i5	CASK	54148	1	HsVcPPIP02v1AD5	B03	SH2D4A	55307	3AT	3	2	NULL	10
HsVcPPIP02v1AD	VS67SM	sample_03	I_AD_AD_n_for	N_AD_term_i5	TRIM37	2078	1	HsVcPPIP02v1AD5	B04	BYSL	11723	3AT	3	4	NULL	1
HsVcPPIP02v1AD	VS67SM	sample_03	I_AD_AD_n_for	N_AD_term_i5	TRIM37	2078	1	HsVcPPIP02v1AD5	B05	AQP1	1231	3AT	3	3	NULL	6036
HsVcPPIP02v1AD	VS67SM	sample_03	I_AD_AD_n_for	N_AD_term_i5	SMARCC2	2914	1	HsVcPPIP02v1AD5	B06	SMARCB1	53965	3AT	3	4	NULL	4685
HsVcPPIP02v1AD	VS67SM	sample_03	I_AD_AD_n_for	N_AD_term_i5	AMPD2	4910	1	HsVcPPIP02v1AD5	C01	AMPD1	100014316	3AT	3	3	NULL	4
HsVcPPIP02v1AD	VS67SM	sample_03	I_AD_AD_n_for	N_AD_term_i5	ACTN1	3798	1	HsVcPPIP02v1AD5	C02	EIF2S1	100009807	3AT	3	NA	NULL	0
HsVcPPIP02v1AD	VS67SM	sample_03	I_AD_AD_n_for	N_AD_term_i5	CASK	54148	1	HsVcPPIP02v1AD5	C03	MLX	3023	3AT	3	4	NULL	16533
HsVcPPIP02v1AD	VS67SM	sample_03	I_AD_AD_n_for	N_AD_term_i5	TRIM37	2078	1	HsVcPPIP02v1AD5	C04	CDC20B	9640	3AT	3	4	NULL	4
HsVcPPIP02v1AD	VS67SM	sample_03	I_AD_AD_n_for	N_AD_term_i5	TRIM37	2078	1	HsVcPPIP02v1AD5	C05	ELOA	4407	3AT	3	3	NULL	2
HsVcPPIP02v1AD	VS67SM	sample_03	I_AD_AD_n_for	N_AD_term_i5	ACTN1	3798	1	HsVcPPIP02v1AD5	D01	LNX1	8141	3AT	3	4	NULL	4
HsVcPPIP02v1AD	VS67SM	sample_03	I_AD_AD_n_for	N_AD_term_i5	ACTN1	3798	1	HsVcPPIP02v1AD5	D02	C14orf119	2431	3AT	3	4	NULL	2
HsVcPPIP02v1AD	VS67SM	sample_03	I_AD_AD_n_for	N_AD_term_i5	CASK	54148	1	HsVcPPIP02v1AD5	D03	LIN7A	56441	3AT	3	4	NULL	2
HsVcPPIP02v1AD	VS67SM	sample_03	I_AD_AD_n_for	N_AD_term_i5	TRIM37	2078	1	HsVcPPIP02v1AD5	D04	ZBTB24	54115	3AT	3	4	NULL	1
HsVcPPIP02v1AD	VS67SM	sample_03	I_AD_AD_n_for	N_AD_term_i5	TRIM37	2078	1	HsVcPPIP02v1AD5	D05	CDC7	56166	3AT	3	3	NULL	10912
HsVcPPIP02v1AD	VS67SM	sample_03	I_AD_AD_n_for	N_AD_term_i5	ACTN1	3798	1	HsVcPPIP02v1AD5	E01	MYOZ1	8274	3AT	3	4	NULL	2
HsVcPPIP02v1AD	VS67SM	sample_03	I_AD_AD_n_for	N_AD_term_i5	ACTN1	3798	1	HsVcPPIP02v1AD5	E02	MYOZ2	5651	3AT	3	4	NULL	0
HsVcPPIP02v1AD	VS67SM	sample_03	I_AD_AD_n_for	N_AD_term_i5	CASK	54148	1	HsVcPPIP02v1AD5	E03	LIN7B	1565	3AT	3	4	NULL	5
HsVcPPIP02v1AD	VS67SM	sample_03	I_AD_AD_n_for	N_AD_term_i5	TRIM37	2078	1	HsVcPPIP02v1AD5	E04	PNKP	9905	3AT	3	4	NULL	3
HsVcPPIP02v1AD	VS67SM	sample_03	I_AD_AD_n_for	N_AD_term_i5	SPECC1L	70259	1	HsVcPPIP02v1AD5	E05	SNW1	52879	3AT	3	3	NULL	7697
HsVcPPIP02v1AD	VS67SM	sample_03	I_AD_AD_n_for	N_AD_term_i5	ACTN1	3798	1	HsVcPPIP02v1AD5	F01	MICALL2	11190	3AT	3	4	NULL	2
HsVcPPIP02v1AD	VS67SM	sample_03	I_AD_AD_n_for	N_AD_term_i5	ACTN1	3798	1	HsVcPPIP02v1AD5	F02	ACTN3	55882	3AT	3	4	NULL	0
HsVcPPIP02v1AD	VS67SM	sample_03	I_AD_AD_n_for	N_AD_term_i5	CASK	54148	1	HsVcPPIP02v1AD5	F03	C20orf85	71240	3AT	3	3	NULL	1
HsVcPPIP02v1AD	VS67SM	sample_03	I_AD_AD_n_for	N_AD_term_i5	TRIM37	2078	1	HsVcPPIP02v1AD5	F04	TCEANC	856	3AT	3	4	NULL	7583
HsVcPPIP02v1AD	VS67SM	sample_03	I_AD_AD_n_for	N_AD_term_i5	SPECC1L	70259	1	HsVcPPIP02v1AD5	F05	EFCAB3	71841	3AT	3	3	NULL	5838
HsVcPPIP02v1AD	VS67SM	sample_03	I_AD_AD_n_for	N_AD_term_i5	ACTN1	3798	1	HsVcPPIP02v1AD5	G01	SYNPO2L	72050	3AT	3	4	NULL	1
HsVcPPIP02v1AD	VS67SM	sample_03	I_AD_AD_n_for	N_AD_term_i5	OCRL	71311	1	HsVcPPIP02v1AD5	G02	FAM109B	52977	3AT	3	4	NULL	5
HsVcPPIP02v1AD	VS67SM	sample_03	I_AD_AD_n_for	N_AD_term_i5	TRIM37	2078	1	HsVcPPIP02v1AD5	G03	DZIP1L	8114	3AT	3	3	NULL	7110
HsVcPPIP02v1AD	VS67SM	sample_03	I_AD_AD_n_for	N_AD_term_i5	TRIM37	2078	1	HsVcPPIP02v1AD5	G04	SYTL4	199	3AT	3	NA	NULL	6
HsVcPPIP02v1AD	VS67SM	sample_03	I_AD_AD_n_for	N_AD_term_i5	SPECC1L	70259	1	HsVcPPIP02v1AD5	G05	ZFHX3	9406	3AT	3	4	NULL	2816
HsVcPPIP02v1AD	VS67SM	sample_03	I_AD_AD_n_for	N_AD_term_i5	ACTN1	3798	1	HsVcPPIP02v1AD5	H01	C11orf57	14650	3AT	3	4	NULL	1
HsVcPPIP02v1AD	VS67SM	sample_03	I_AD_AD_n_for	N_AD_term_i5	OCRL	71311	1	HsVcPPIP02v1AD5	H02	FAM109A	9411	3AT	3	4	NULL	11600
HsVcPPIP02v1AD	VS67SM	sample_03	I_AD_AD_n_for	N_AD_term_i5	TRIM37	2078	1	HsVcPPIP02v1AD5	H03	ZNF587	54426	3AT	3	4	NULL	6633
HsVcPPIP02v1AD	VS67SM	sample_03	I_AD_AD_n_for	N_AD_term_i5	TRIM37	2078	1	HsVcPPIP02v1AD5	H04	DTNB	2991	3AT	3	4	NULL	9848
HsVcPPIP02v1AD	VS67SM	sample_03	I_AD_AD_n_for	N_AD_term_i5	SPECC1L	70259	1	HsVcPPIP02v1AD5	H05	ELOA	4407	3AT	3	4	NULL	0
HsVcPPIP02v1AD	VS67SM	sample_04	I_AD_AD_n_for	N_AD_term_i5	VPS35	7965	1	HsVcPPIP02v1AD5	A01	VPS29	14158	LW	3	4	NULL	0
HsVcPPIP02v1AD	VS67SM	sample_04	I_AD_AD_n_for	N_AD_term_i5	ACTN1	3798	1	HsVcPPIP02v1AD5	A02	EPM2AIP1	10812	LW	3	4	NULL	5720
HsVcPPIP02v1AD	VS67SM	sample_04	I_AD_AD_n_for	N_AD_term_i5	CASK	54148	1	HsVcPPIP02v1AD5	A03	NTN4	3050	LW	3	4	NULL	13077
HsVcPPIP02v1AD	VS67SM	sample_04	I_AD_AD_n_for	N_AD_term_i5	TRIM37	2078	1	HsVcPPIP02v1AD5	A04	CWF19L2	55730	LW	3	4	NULL	4602
HsVcPPIP02v1AD	VS67SM	sample_04	I_AD_AD_n_for	N_AD_term_i5	TRIM37	2078	1	HsVcPPIP02v1AD5	A05	COPB1	1909	LW	3	4	NULL	7073
HsVcPPIP02v1AD	VS67SM	sample_04	I_AD_AD_n_for	N_AD_term_i5	SPECC1L	70259	1	HsVcPPIP02v1AD5	A06	ZNF250	525	LW	3	4	NULL	10170
HsVcPPIP02v1AD	VS67SM	sample_04	I_AD_AD_n_for	N_AD_term_i5	AMPD2	4910	1	HsVcPPIP02v1AD5	B01	AMPD2	4910	LW	3	4	NULL	0
HsVcPPIP02v1AD	VS67SM	sample_04	I_AD_AD_n_for	N_AD_term_i5	ACTN1	3798	1	HsVcPPIP02v1AD5	B02	USP2	3754	LW	3	4	NULL	1608
HsVcPPIP02v1AD	VS67SM	sample_04	I_AD_AD_n_for	N_AD_term_i5	CASK	54148	1	HsVcPPIP02v1AD5	B03	SH2D4A	55307	LW	3	4	NULL	12631
HsVcPPIP02v1AD	VS67SM	sample_04	I_AD_AD_n_for	N_AD_term_i5	TRIM37	2078	1	HsVcPPIP02v1AD5	B04	BYSL	11723	LW	3	4	NULL	2374
HsVcPPIP02v1AD	VS67SM	sample_04	I_AD_AD_n_for	N_AD_term_i5	TRIM37	2078	1	HsVcPPIP02v1AD5	B05	AQP1	1231	LW	3	4	NULL	1976
HsVcPPIP02v1AD	VS67SM	sample_04	I_AD_AD_n_for	N_AD_term_i5	SMARCC2	2914	1	HsVcPPIP02v1AD5	B06	SMARCB1	53965	LW	3	4	NULL	4
HsVcPPIP02v1AD	VS67SM	sample_04	I_AD_AD_n_for	N_AD_term_i5	AMPD2	4910	1	HsVcPPIP02v1AD5	C01	AMPD1	100014316	LW	3	4	NULL	8137
HsVcPPIP02v1AD	VS67SM	sample_04	I_AD_AD_n_for	N_AD_term_i5	ACTN1	3798	1	HsVcPPIP02v1AD5	C02	EIF2S1	100009807	LW	3	4	NULL	0
HsVcPPIP02v1AD	VS67SM	sample_04	I_AD_AD_n_for	N_AD_term_i5	CASK	54148	1	HsVcPPIP02v1AD5	C03	MLX	3023	LW	3	4	NULL	12330
HsVcPPIP02v1AD	VS67SM	sample_04	I_AD_AD_n_for	N_AD_term_i5	TRIM37	2078	1	HsVcPPIP02v1AD5	C04	CDC20B	9640	LW	3	4	NULL	2826
HsVcPPIP02v1AD	VS67SM	sample_04	I_AD_AD_n_for	N_AD_term_i5	TRIM37	2078	1	HsVcPPIP02v1AD5	C05	ELOA	4407	LW	3	4	NULL	4574
HsVcPPIP02v1AD	VS67SM	sample_04	I_AD_AD_n_for	N_AD_term_i5	ACTN1	3798	1	HsVcPPIP02v1AD5	D01	LNX1	8141	LW	3	4	NULL	6392
HsVcPPIP02v1AD	VS67SM	sample_04	I_AD_AD_n_for	N_AD_term_i5	ACTN1	3798	1	HsVcPPIP02v1AD5	D02	C14orf119	2431	LW	3	4	NULL	3888
HsVcPPIP02v1AD	VS67SM	sample_04	I_AD_AD_n_for	N_AD_term_i5	CASK	54148	1	HsVcPPIP02v1AD5	D03	LIN7A	56441	LW	3	4	NULL	11614
HsVcPPIP02v1AD	VS67SM	sample_04	I_AD_AD_n_for	N_AD_term_i5	TRIM37	2078	1	HsVcPPIP02v1AD5	D04	ZBTB24	54115	LW	3	4	NULL	1469
HsVcPPIP02v1AD	VS67SM	sample_04	I_AD_AD_n_for	N_AD_term_i5	TRIM37	2078	1	HsVcPPIP02v1AD5	D05	CDC7	56166	LW	3	4	NULL	8
HsVcPPIP02v1AD	VS67SM	sample_04	I_AD_AD_n_for	N_AD_term_i5	ACTN1	3798	1	HsVcPPIP02v1AD5	E01	MYOZ1	8274	LW	3	4	NULL	0
HsVcPPIP02v1AD	VS67SM	sample_04	I_AD_AD_n_for	N_AD_term_i5	ACTN1	3798	1	HsVcPPIP02v1AD5	E02	MYOZ2	5651	LW	3	4	NULL	0
HsVcPPIP02v1AD	VS67SM	sample_04	I_AD_AD_n_for	N_AD_term_i5	CASK	54148	1	HsVcPPIP02v1AD5	E03	LIN7B	1565	LW	3	4	NULL	7514
HsVcPPIP02v1AD	VS67SM	sample_04	I_AD_AD_n_for	N_AD_term_i5	TRIM37	2078	1	HsVcPPIP02v1AD5	E04	PNKP	9905	LW	3	4	NULL	5312
HsVcPPIP02v1AD	VS67SM	sample_04	I_AD_AD_n_for	N_AD_term_i5	SPECC1L	70259	1	HsVcPPIP02v1AD5	E05	SNW1	52879	LW	3	4	NULL	8360
HsVcPPIP02v1AD	VS67SM	sample_04	I_AD_AD_n_for	N_AD_term_i5	ACTN1	3798	1	HsVcPPIP02v1AD5	F01	MICALL2	11190	LW	3	4	NULL	0
HsVcPPIP02v1AD	VS67SM	sample_04	I_AD_AD_n_for	N_AD_term_i5	ACTN1	3798	1	HsVcPPIP02v1AD5	F02	ACTN3	55882	LW	3	4	NULL	0
HsVcPPIP02v1AD	VS67SM	sample_04	I_AD_AD_n_for	N_AD_term_i5	CASK	54148	1	HsVcPPIP02v1AD5	F03	C20orf85	71240	LW	3	4	NULL	7858
HsVcPPIP02v1AD	VS67SM	sample_04	I_AD_AD_n_for	N_AD_term_i5	TRIM37	2078	1	HsVcPPIP02v1AD5	F04	TCEANC	856	LW	3	4	NULL	2
HsVcPPIP02v1AD	VS67SM	sample_04	I_AD_AD_n_for	N_AD_term_i5	SPECC1L	70259	1	HsVcPPIP02v1AD5	F05	EFCAB3	71841	LW	3	4	NULL	6458
HsVcPPIP02v1AD	VS67SM	sample_04	I_AD_AD_n_for	N_AD_term_i5	ACTN1	3798	1	HsVcPPIP02v1AD5	G01	SYNPO2L	72050	LW	3	4	NULL	8577
HsVcPPIP02v1AD	VS67SM	sample_04	I_AD_AD_n_for	N_AD_term_i5	OCRL	71311	1	HsVcPPIP02v1AD5	G02	FAM109B	52977	LW	3	4	NULL	12452
HsVcPPIP02v1AD	VS67SM	sample_04	I_AD_AD_n_for	N_AD_term_i5	TRIM37	2078	1	HsVcPPIP02v1AD5	G03	DZIP1L	8114	LW	3	4	NULL	7
HsVcPPIP02v1AD	VS67SM	sample_04	I_AD_AD_n_for	N_AD_term_i5	TRIM37	2078	1	HsVcPPIP02v1AD5	G04	SYTL4	199	LW	3	4	NULL	6440
HsVcPPIP02v1AD	VS67SM	sample_04	I_AD_AD_n_for	N_AD_term_i5	SPECC1L	70259	1	HsVcPPIP02v1AD5	G05	ZFHX3	9406	LW	3	4	NULL	3
HsVcPPIP02v1AD	VS67SM	sample_04	I_AD_AD_n_for	N_AD_term_i5	ACTN1	3798	1	HsVcPPIP02v1AD5	H01	C11orf57	14650	LW	3	4	NULL	963
HsVcPPIP02v1AD	VS67SM	sample_04	I_AD_AD_n_for	N_AD_term_i5	OCRL	71311	1	HsVcPPIP02v1AD5	H02	FAM109A	9411	LW	3	4	NULL	9563
HsVcPPIP02v1AD	VS67SM	sample_04	I_AD_AD_n_for	N_AD_term_i5	TRIM37	2078	1	HsVcPPIP02v1AD5	H03	ZNF587	54426	LW	3	4	NULL	3
HsVcPPIP02v1AD	VS67SM	sample_04	I_AD_AD_n_for	N_AD_term_i5	TRIM37	2078	1	HsVcPPIP02v1AD5	H04	DTNB	2991	LW	3	4	NULL	6
HsVcPPIP02v1AD	VS67SM	sample_04	I_AD_AD_n_for	N_AD_term_i5	SPECC1L	70259	1	HsVcPPIP02v1AD5	H05	ELOA	4407	LW	3	4	NULL	213
HsVcPPIP02v1AD	VS67SM	sample_01	M_AD_AD_n_for	P_AD_term_i5	CALM2	1	1	HsVcPPIP02v1AD1	A01	CAMTA2	9711	3AT	1	3	NULL	18442
HsVcPPIP02v1AD	VS67SM	sample_01	M_AD_AD_n_for	P_AD_term_i5	CRYAB	5585	1	HsVcPPIP02v1AD1	A02	FP236240.1	13813	3AT	1	3	NULL	12813
HsVcPPIP02v1AD	VS67SM	sample_01	M_AD_AD_n_for	P_AD_term_i5	THAP1	1668	1	HsVcPPIP02v1AD1	A03	GPATCH2L	13363	3AT	1	3	NULL	16832
HsVcPPIP02v1AD	VS67SM	sample_01	M_AD_AD_n_for	P_AD_term_i5	THAP1	1668	1	HsVcPPIP02v1AD1	A04	KANK2	14983	3AT	1	3	NULL	18114
HsVcPPIP02v1AD	VS67SM	sample_01	M_AD_AD_n_for	P_AD_term_i5	THAP1	1668	1	HsVcPPIP02v1AD1	A05	RIPPLY1	55999	3AT	1	3	NULL	13498
HsVcPPIP02v1AD	VS67SM	sample_01	M_AD_AD_n_for	P_AD_term_i5	THAP1	1668	1	HsVcPPIP02v1AD1	A06	FGF11	9976	3AT	1	2	NULL	9966
HsVcPPIP02v1AD	VS67SM	sample_01	M_AD_AD_n_for	P_AD_term_i5	THAP1	1668	1	HsVcPPIP02v1AD1	A07	RBM10	4573	3AT	1	3	NULL	18280
HsVcPPIP02v1AD	VS67SM	sample_01	M_AD_AD_n_for	P_AD_term_i5	HPRT1	7982	1	HsVcPPIP02v1AD1	A08	WDYHV1	4786	3AT	1	4	NULL	21666
HsVcPPIP02v1AD	VS67SM	sample_01	M_AD_AD_n_for	P_AD_term_i5	KCTD1	14221	1	HsVcPPIP02v1AD1	A09	UBASH3A	13969	3AT	1	4	NULL	11194
HsVcPPIP02v1AD	VS67SM	sample_01	M_AD_AD_n_for	P_AD_term_i5	KCTD1	14221	1	HsVcPPIP02v1AD1	A10	TRAPPC2	6935	3AT	1	4	NULL	13790
HsVcPPIP02v1AD	VS67SM	sample_01	M_AD_AD_n_for	P_AD_term_i5	KCTD7	70368	1	HsVcPPIP02v1AD1	A11	ZNF417	8400	3AT	1	3	NULL	371
HsVcPPIP02v1AD	VS67SM	sample_01	M_AD_AD_n_for	P_AD_term_i5	KCTD7	70368	1	HsVcPPIP02v1AD1	A12	NIF3L1	4562	3AT	1	3	NULL	440
HsVcPPIP02v1AD	VS67SM	sample_01	M_AD_AD_n_for	P_AD_term_i5	CALM2	1	1	HsVcPPIP02v1AD1	B01	C11orf65	2162	3AT	1	3	NULL	24937
HsVcPPIP02v1AD	VS67SM	sample_01	M_AD_AD_n_for	P_AD_term_i5	CRYAB	5585	1	HsVcPPIP02v1AD1	B02	GORASP2	4973	3AT	1	3	NULL	9281
HsVcPPIP02v1AD	VS67SM	sample_01	M_AD_AD_n_for	P_AD_term_i5	THAP1	1668	1	HsVcPPIP02v1AD1	B03	INO80B	11788	3AT	1	NA	NULL	2
HsVcPPIP02v1AD	VS67SM	sample_01	M_AD_AD_n_for	P_AD_term_i5	THAP1	1668	1	HsVcPPIP02v1AD1	B04	C11orf57	14650	3AT	1	4	NULL	17529
HsVcPPIP02v1AD	VS67SM	sample_01	M_AD_AD_n_for	P_AD_term_i5	THAP1	1668	1	HsVcPPIP02v1AD1	B05	SREK1IP1	56807	3AT	1	4	NULL	12840
HsVcPPIP02v1AD	VS67SM	sample_01	M_AD_AD_n_for	P_AD_term_i5	THAP1	1668	1	HsVcPPIP02v1AD1	B06	CSNK2A1	6699	3AT	1	3	NULL	8614
HsVcPPIP02v1AD	VS67SM	sample_01	M_AD_AD_n_for	P_AD_term_i5	THAP1	1668	1	HsVcPPIP02v1AD1	B07	THAP1	1668	3AT	1	4	NULL	17354
HsVcPPIP02v1AD	VS67SM	sample_01	M_AD_AD_n_for	P_AD_term_i5	HPRT1	7982	1	HsVcPPIP02v1AD1	B08	SDCBP	53842	3AT	1	4	NULL	18347
HsVcPPIP02v1AD	VS67SM	sample_01	M_AD_AD_n_for	P_AD_term_i5	KCTD1	14221	1	HsVcPPIP02v1AD1	B09	TGM7	100015481	3AT	1	4	NULL	10299
HsVcPPIP02v1AD	VS67SM	sample_01	M_AD_AD_n_for	P_AD_term_i5	KCTD1	14221	1	HsVcPPIP02v1AD1	B10	LMO1	14023	3AT	1	4	NULL	10736
HsVcPPIP02v1AD	VS67SM	sample_01	M_AD_AD_n_for	P_AD_term_i5	KCTD7	70368	1	HsVcPPIP02v1AD1	B11	GAS2L2	100015630	3AT	1	3	NULL	7275
HsVcPPIP02v1AD	VS67SM	sample_01	M_AD_AD_n_for	P_AD_term_i5	KCTD7	70368	1	HsVcPPIP02v1AD1	B12	DVL3	9635	3AT	1	4	NULL	6607
HsVcPPIP02v1AD	VS67SM	sample_01	M_AD_AD_n_for	P_AD_term_i5	CALM2	1	1	HsVcPPIP02v1AD1	C01	KIAA1683	56859	3AT	1	4	NULL	21185
HsVcPPIP02v1AD	VS67SM	sample_01	M_AD_AD_n_for	P_AD_term_i5	FTL	5737	1	HsVcPPIP02v1AD1	C02	WDYHV1	4786	3AT	1	3	NULL	18580
HsVcPPIP02v1AD	VS67SM	sample_01	M_AD_AD_n_for	P_AD_term_i5	THAP1	1668	1	HsVcPPIP02v1AD1	C03	BYSL	11723	3AT	1	3	NULL	14143
HsVcPPIP02v1AD	VS67SM	sample_01	M_AD_AD_n_for	P_AD_term_i5	THAP1	1668	1	HsVcPPIP02v1AD1	C04	PRR20D	56508	3AT	1	3	NULL	16893
HsVcPPIP02v1AD	VS67SM	sample_01	M_AD_AD_n_for	P_AD_term_i5	THAP1	1668	1	HsVcPPIP02v1AD1	C05	LNX1	8141	3AT	1	3	NULL	13275
HsVcPPIP02v1AD	VS67SM	sample_01	M_AD_AD_n_for	P_AD_term_i5	THAP1	1668	1	HsVcPPIP02v1AD1	C06	MRPL53	7171	3AT	1	2	NULL	10251
HsVcPPIP02v1AD	VS67SM	sample_01	M_AD_AD_n_for	P_AD_term_i5	THAP1	1668	1	HsVcPPIP02v1AD1	C07	FGF12	1161	3AT	1	2	NULL	9419
HsVcPPIP02v1AD	VS67SM	sample_01	M_AD_AD_n_for	P_AD_term_i5	PLP1	4062	1	HsVcPPIP02v1AD1	C08	PTPRN	4946	3AT	1	0	NULL	1
HsVcPPIP02v1AD	VS67SM	sample_01	M_AD_AD_n_for	P_AD_term_i5	KCTD1	14221	1	HsVcPPIP02v1AD1	C09	POLR1C	5431	3AT	1	4	NULL	11894
HsVcPPIP02v1AD	VS67SM	sample_01	M_AD_AD_n_for	P_AD_term_i5	KCTD1	14221	1	HsVcPPIP02v1AD1	C10	KCTD15	6714	3AT	1	4	NULL	11049
HsVcPPIP02v1AD	VS67SM	sample_01	M_AD_AD_n_for	P_AD_term_i5	KCTD7	70368	1	HsVcPPIP02v1AD1	C11	TCEA2	6195	3AT	1	3	NULL	5798
HsVcPPIP02v1AD	VS67SM	sample_01	M_AD_AD_n_for	P_AD_term_i5	KCTD7	70368	1	HsVcPPIP02v1AD1	C12	PIN1	4406	3AT	1	4	NULL	6472
HsVcPPIP02v1AD	VS67SM	sample_01	M_AD_AD_n_for	P_AD_term_i5	CALM3	3484	1	HsVcPPIP02v1AD1	D01	CAMTA2	9711	3AT	1	2	NULL	13446
HsVcPPIP02v1AD	VS67SM	sample_01	M_AD_AD_n_for	P_AD_term_i5	FTL	5737	1	HsVcPPIP02v1AD1	D02	SDCBP	53842	3AT	1	4	NULL	16193
HsVcPPIP02v1AD	VS67SM	sample_01	M_AD_AD_n_for	P_AD_term_i5	THAP1	1668	1	HsVcPPIP02v1AD1	D03	BAG5	11688	3AT	1	4	NULL	15051
HsVcPPIP02v1AD	VS67SM	sample_01	M_AD_AD_n_for	P_AD_term_i5	THAP1	1668	1	HsVcPPIP02v1AD1	D04	LMNB2	100067760	3AT	1	4	NULL	18508
HsVcPPIP02v1AD	VS67SM	sample_01	M_AD_AD_n_for	P_AD_term_i5	THAP1	1668	1	HsVcPPIP02v1AD1	D05	STRBP	787	3AT	1	3	NULL	14937
HsVcPPIP02v1AD	VS67SM	sample_01	M_AD_AD_n_for	P_AD_term_i5	THAP1	1668	1	HsVcPPIP02v1AD1	D06	PHF1	5002	3AT	1	3	NULL	7945
HsVcPPIP02v1AD	VS67SM	sample_01	M_AD_AD_n_for	P_AD_term_i5	CSNK2B	71965	1	HsVcPPIP02v1AD1	D07	CSNK2A1	6699	3AT	1	4	NULL	12074
HsVcPPIP02v1AD	VS67SM	sample_01	M_AD_AD_n_for	P_AD_term_i5	TPK1	14468	1	HsVcPPIP02v1AD1	D08	TPK1	14468	3AT	1	4	NULL	13111
HsVcPPIP02v1AD	VS67SM	sample_01	M_AD_AD_n_for	P_AD_term_i5	KCTD1	14221	1	HsVcPPIP02v1AD1	D09	MORF4L2	11965	3AT	1	4	NULL	10187
HsVcPPIP02v1AD	VS67SM	sample_01	M_AD_AD_n_for	P_AD_term_i5	PQBP1	7270	1	HsVcPPIP02v1AD1	D10	MAPRE1	56115	3AT	1	0	NULL	2
HsVcPPIP02v1AD	VS67SM	sample_01	M_AD_AD_n_for	P_AD_term_i5	KCTD7	70368	1	HsVcPPIP02v1AD1	D11	KAT5	53941	3AT	1	3	NULL	5943
HsVcPPIP02v1AD	VS67SM	sample_01	M_AD_AD_n_for	P_AD_term_i5	OTX2	9958	1	HsVcPPIP02v1AD1	D12	M1AP	1295	3AT	1	NA	NULL	0
HsVcPPIP02v1AD	VS67SM	sample_01	M_AD_AD_n_for	P_AD_term_i5	CALM3	3484	1	HsVcPPIP02v1AD1	E01	C11orf65	2162	3AT	1	3	NULL	20154
HsVcPPIP02v1AD	VS67SM	sample_01	M_AD_AD_n_for	P_AD_term_i5	APRT	52956	1	HsVcPPIP02v1AD1	E02	TTC19	6877	3AT	1	0	NULL	2
HsVcPPIP02v1AD	VS67SM	sample_01	M_AD_AD_n_for	P_AD_term_i5	THAP1	1668	1	HsVcPPIP02v1AD1	E03	ZCCHC10	12844	3AT	1	3	NULL	14471
HsVcPPIP02v1AD	VS67SM	sample_01	M_AD_AD_n_for	P_AD_term_i5	THAP1	1668	1	HsVcPPIP02v1AD1	E04	ZNF385C	15010	3AT	1	2	NULL	14103
HsVcPPIP02v1AD	VS67SM	sample_01	M_AD_AD_n_for	P_AD_term_i5	THAP1	1668	1	HsVcPPIP02v1AD1	E05	ZBTB48	154	3AT	1	3	NULL	12267
HsVcPPIP02v1AD	VS67SM	sample_01	M_AD_AD_n_for	P_AD_term_i5	THAP1	1668	1	HsVcPPIP02v1AD1	E06	C1orf35	4173	3AT	1	4	NULL	13733
HsVcPPIP02v1AD	VS67SM	sample_01	M_AD_AD_n_for	P_AD_term_i5	CSNK2B	71965	1	HsVcPPIP02v1AD1	E07	CSNK2A2	4887	3AT	1	4	NULL	12034
HsVcPPIP02v1AD	VS67SM	sample_01	M_AD_AD_n_for	P_AD_term_i5	TPK1	14468	1	HsVcPPIP02v1AD1	E08	OPLAH	100014361	3AT	1	4	NULL	10051
HsVcPPIP02v1AD	VS67SM	sample_01	M_AD_AD_n_for	P_AD_term_i5	KCTD1	14221	1	HsVcPPIP02v1AD1	E09	KCTD1	14221	3AT	1	4	NULL	11991
HsVcPPIP02v1AD	VS67SM	sample_01	M_AD_AD_n_for	P_AD_term_i5	KCTD7	70368	1	HsVcPPIP02v1AD1	E10	KCTD7	70368	3AT	1	4	NULL	8008
HsVcPPIP02v1AD	VS67SM	sample_01	M_AD_AD_n_for	P_AD_term_i5	KCTD7	70368	1	HsVcPPIP02v1AD1	E11	CUL3	11305	3AT	1	4	NULL	7226
HsVcPPIP02v1AD	VS67SM	sample_01	M_AD_AD_n_for	P_AD_term_i5	STUB1	5219	1	HsVcPPIP02v1AD1	E12	OLFM3	1270	3AT	1	4	NULL	5759
HsVcPPIP02v1AD	VS67SM	sample_01	M_AD_AD_n_for	P_AD_term_i5	CALM3	3484	1	HsVcPPIP02v1AD1	F01	KIAA1683	56859	3AT	1	3	NULL	20434
HsVcPPIP02v1AD	VS67SM	sample_01	M_AD_AD_n_for	P_AD_term_i5	IFT27	7972	1	HsVcPPIP02v1AD1	F02	HSPB11	5491	3AT	1	4	NULL	16420
HsVcPPIP02v1AD	VS67SM	sample_01	M_AD_AD_n_for	P_AD_term_i5	THAP1	1668	1	HsVcPPIP02v1AD1	F03	FAM133A	53675	3AT	1	4	NULL	11490
HsVcPPIP02v1AD	VS67SM	sample_01	M_AD_AD_n_for	P_AD_term_i5	THAP1	1668	1	HsVcPPIP02v1AD1	F04	CDC37	100009829	3AT	1	3	NULL	11673
HsVcPPIP02v1AD	VS67SM	sample_01	M_AD_AD_n_for	P_AD_term_i5	THAP1	1668	1	HsVcPPIP02v1AD1	F05	ZNF408	252	3AT	1	3	NULL	12743
HsVcPPIP02v1AD	VS67SM	sample_01	M_AD_AD_n_for	P_AD_term_i5	THAP1	1668	1	HsVcPPIP02v1AD1	F06	TCEANC	856	3AT	1	2	NULL	12043
HsVcPPIP02v1AD	VS67SM	sample_01	M_AD_AD_n_for	P_AD_term_i5	HPRT1	7982	1	HsVcPPIP02v1AD1	F07	HPRT1	7982	3AT	1	4	NULL	19164
HsVcPPIP02v1AD	VS67SM	sample_01	M_AD_AD_n_for	P_AD_term_i5	QDPR	7966	1	HsVcPPIP02v1AD1	F08	ANKRD13A	14208	3AT	1	4	NULL	7931
HsVcPPIP02v1AD	VS67SM	sample_01	M_AD_AD_n_for	P_AD_term_i5	KCTD1	14221	1	HsVcPPIP02v1AD1	F09	LMO3	1184	3AT	1	4	NULL	10288
HsVcPPIP02v1AD	VS67SM	sample_01	M_AD_AD_n_for	P_AD_term_i5	KCTD7	70368	1	HsVcPPIP02v1AD1	F10	TRIM2	2468	3AT	1	3	NULL	4842
HsVcPPIP02v1AD	VS67SM	sample_01	M_AD_AD_n_for	P_AD_term_i5	KCTD7	70368	1	HsVcPPIP02v1AD1	F11	TCEANC	856	3AT	1	3	NULL	4306
HsVcPPIP02v1AD	VS67SM	sample_01	M_AD_AD_n_for	P_AD_term_i5	MAFB	2353	1	HsVcPPIP02v1AD1	F12	KRTAP4-2	56106	3AT	1	4	NULL	5559
HsVcPPIP02v1AD	VS67SM	sample_01	M_AD_AD_n_for	P_AD_term_i5	TNNC1	9485	1	HsVcPPIP02v1AD1	G01	TNNI1	6326	3AT	1	4	NULL	24466
HsVcPPIP02v1AD	VS67SM	sample_01	M_AD_AD_n_for	P_AD_term_i5	CDC42	399	1	HsVcPPIP02v1AD1	G02	PARD6B	10823	3AT	1	1	NULL	4092
HsVcPPIP02v1AD	VS67SM	sample_01	M_AD_AD_n_for	P_AD_term_i5	THAP1	1668	1	HsVcPPIP02v1AD1	G03	RBM39	55699	3AT	1	3	NULL	14415
HsVcPPIP02v1AD	VS67SM	sample_01	M_AD_AD_n_for	P_AD_term_i5	THAP1	1668	1	HsVcPPIP02v1AD1	G04	SPANXN2	100015109	3AT	1	3	NULL	14074
HsVcPPIP02v1AD	VS67SM	sample_01	M_AD_AD_n_for	P_AD_term_i5	THAP1	1668	1	HsVcPPIP02v1AD1	G05	TCEA2	6195	3AT	1	3	NULL	14017
HsVcPPIP02v1AD	VS67SM	sample_01	M_AD_AD_n_for	P_AD_term_i5	THAP1	1668	1	HsVcPPIP02v1AD1	G06	WDYHV1	4786	3AT	1	4	NULL	14049
HsVcPPIP02v1AD	VS67SM	sample_01	M_AD_AD_n_for	P_AD_term_i5	HPRT1	7982	1	HsVcPPIP02v1AD1	G07	EEF2KMT	6860	3AT	1	0	NULL	17
HsVcPPIP02v1AD	VS67SM	sample_01	M_AD_AD_n_for	P_AD_term_i5	ETHE1	2869	1	HsVcPPIP02v1AD1	G08	ETHE1	2869	3AT	1	0	NULL	0
HsVcPPIP02v1AD	VS67SM	sample_01	M_AD_AD_n_for	P_AD_term_i5	KCTD1	14221	1	HsVcPPIP02v1AD1	G09	EXOSC1	1684	3AT	1	3	NULL	10087
HsVcPPIP02v1AD	VS67SM	sample_01	M_AD_AD_n_for	P_AD_term_i5	KCTD7	70368	1	HsVcPPIP02v1AD1	G10	LNX1	8141	3AT	1	4	NULL	3266
HsVcPPIP02v1AD	VS67SM	sample_01	M_AD_AD_n_for	P_AD_term_i5	KCTD7	70368	1	HsVcPPIP02v1AD1	G11	WDYHV1	4786	3AT	1	4	NULL	6233
HsVcPPIP02v1AD	VS67SM	sample_01	M_AD_AD_n_for	P_AD_term_i5	PPIL1	3755	1	HsVcPPIP02v1AD1	H01	SNW1	52879	3AT	1	4	NULL	0
HsVcPPIP02v1AD	VS67SM	sample_01	M_AD_AD_n_for	P_AD_term_i5	RHOA	5810	1	HsVcPPIP02v1AD1	H02	RIPOR2	1818	3AT	1	1	NULL	7795
HsVcPPIP02v1AD	VS67SM	sample_01	M_AD_AD_n_for	P_AD_term_i5	THAP1	1668	1	HsVcPPIP02v1AD1	H03	RPL22	12007	3AT	1	3	NULL	12748
HsVcPPIP02v1AD	VS67SM	sample_01	M_AD_AD_n_for	P_AD_term_i5	THAP1	1668	1	HsVcPPIP02v1AD1	H04	VCX2	70095	3AT	1	2	NULL	11176
HsVcPPIP02v1AD	VS67SM	sample_01	M_AD_AD_n_for	P_AD_term_i5	THAP1	1668	1	HsVcPPIP02v1AD1	H05	SERF2	724	3AT	1	3	NULL	15591
HsVcPPIP02v1AD	VS67SM	sample_01	M_AD_AD_n_for	P_AD_term_i5	THAP1	1668	1	HsVcPPIP02v1AD1	H06	METTL13	2644	3AT	1	1	NULL	52
HsVcPPIP02v1AD	VS67SM	sample_01	M_AD_AD_n_for	P_AD_term_i5	HPRT1	7982	1	HsVcPPIP02v1AD1	H07	SPG21	3392	3AT	1	3	NULL	9332
HsVcPPIP02v1AD	VS67SM	sample_01	M_AD_AD_n_for	P_AD_term_i5	KCTD1	14221	1	HsVcPPIP02v1AD1	H08	LNX1	8141	3AT	1	4	NULL	9864
HsVcPPIP02v1AD	VS67SM	sample_01	M_AD_AD_n_for	P_AD_term_i5	KCTD1	14221	1	HsVcPPIP02v1AD1	H09	PICK1	100000407	3AT	1	4	NULL	10736
HsVcPPIP02v1AD	VS67SM	sample_01	M_AD_AD_n_for	P_AD_term_i5	KCTD7	70368	1	HsVcPPIP02v1AD1	H10	PRPF18	961	3AT	1	2	NULL	5598
HsVcPPIP02v1AD	VS67SM	sample_01	M_AD_AD_n_for	P_AD_term_i5	KCTD7	70368	1	HsVcPPIP02v1AD1	H11	TRIM3	70353	3AT	1	4	NULL	6832
HsVcPPIP02v1AD	VS67SM	sample_02	M_AD_AD_n_for	P_AD_term_i5	CALM2	1	1	HsVcPPIP02v1AD1	A01	CAMTA2	9711	LW	1	4	NULL	10297
HsVcPPIP02v1AD	VS67SM	sample_02	M_AD_AD_n_for	P_AD_term_i5	CRYAB	5585	1	HsVcPPIP02v1AD1	A02	FP236240.1	13813	LW	1	4	NULL	13518
HsVcPPIP02v1AD	VS67SM	sample_02	M_AD_AD_n_for	P_AD_term_i5	THAP1	1668	1	HsVcPPIP02v1AD1	A03	GPATCH2L	13363	LW	1	4	NULL	15535
HsVcPPIP02v1AD	VS67SM	sample_02	M_AD_AD_n_for	P_AD_term_i5	THAP1	1668	1	HsVcPPIP02v1AD1	A04	KANK2	14983	LW	1	4	NULL	14230
HsVcPPIP02v1AD	VS67SM	sample_02	M_AD_AD_n_for	P_AD_term_i5	THAP1	1668	1	HsVcPPIP02v1AD1	A05	RIPPLY1	55999	LW	1	4	NULL	10906
HsVcPPIP02v1AD	VS67SM	sample_02	M_AD_AD_n_for	P_AD_term_i5	THAP1	1668	1	HsVcPPIP02v1AD1	A06	FGF11	9976	LW	1	4	NULL	13772
HsVcPPIP02v1AD	VS67SM	sample_02	M_AD_AD_n_for	P_AD_term_i5	THAP1	1668	1	HsVcPPIP02v1AD1	A07	RBM10	4573	LW	1	4	NULL	16109
HsVcPPIP02v1AD	VS67SM	sample_02	M_AD_AD_n_for	P_AD_term_i5	HPRT1	7982	1	HsVcPPIP02v1AD1	A08	WDYHV1	4786	LW	1	4	NULL	13872
HsVcPPIP02v1AD	VS67SM	sample_02	M_AD_AD_n_for	P_AD_term_i5	KCTD1	14221	1	HsVcPPIP02v1AD1	A09	UBASH3A	13969	LW	1	4	NULL	6546
HsVcPPIP02v1AD	VS67SM	sample_02	M_AD_AD_n_for	P_AD_term_i5	KCTD1	14221	1	HsVcPPIP02v1AD1	A10	TRAPPC2	6935	LW	1	4	NULL	8158
HsVcPPIP02v1AD	VS67SM	sample_02	M_AD_AD_n_for	P_AD_term_i5	KCTD7	70368	1	HsVcPPIP02v1AD1	A11	ZNF417	8400	LW	1	4	NULL	3669
HsVcPPIP02v1AD	VS67SM	sample_02	M_AD_AD_n_for	P_AD_term_i5	KCTD7	70368	1	HsVcPPIP02v1AD1	A12	NIF3L1	4562	LW	1	4	NULL	2
HsVcPPIP02v1AD	VS67SM	sample_02	M_AD_AD_n_for	P_AD_term_i5	CALM2	1	1	HsVcPPIP02v1AD1	B01	C11orf65	2162	LW	1	4	NULL	26600
HsVcPPIP02v1AD	VS67SM	sample_02	M_AD_AD_n_for	P_AD_term_i5	CRYAB	5585	1	HsVcPPIP02v1AD1	B02	GORASP2	4973	LW	1	4	NULL	9345
HsVcPPIP02v1AD	VS67SM	sample_02	M_AD_AD_n_for	P_AD_term_i5	THAP1	1668	1	HsVcPPIP02v1AD1	B03	INO80B	11788	LW	1	NA	NULL	3
HsVcPPIP02v1AD	VS67SM	sample_02	M_AD_AD_n_for	P_AD_term_i5	THAP1	1668	1	HsVcPPIP02v1AD1	B04	C11orf57	14650	LW	1	4	NULL	14411
HsVcPPIP02v1AD	VS67SM	sample_02	M_AD_AD_n_for	P_AD_term_i5	THAP1	1668	1	HsVcPPIP02v1AD1	B05	SREK1IP1	56807	LW	1	4	NULL	10699
HsVcPPIP02v1AD	VS67SM	sample_02	M_AD_AD_n_for	P_AD_term_i5	THAP1	1668	1	HsVcPPIP02v1AD1	B06	CSNK2A1	6699	LW	1	4	NULL	10976
HsVcPPIP02v1AD	VS67SM	sample_02	M_AD_AD_n_for	P_AD_term_i5	THAP1	1668	1	HsVcPPIP02v1AD1	B07	THAP1	1668	LW	1	4	NULL	11568
HsVcPPIP02v1AD	VS67SM	sample_02	M_AD_AD_n_for	P_AD_term_i5	HPRT1	7982	1	HsVcPPIP02v1AD1	B08	SDCBP	53842	LW	1	4	NULL	11486
HsVcPPIP02v1AD	VS67SM	sample_02	M_AD_AD_n_for	P_AD_term_i5	KCTD1	14221	1	HsVcPPIP02v1AD1	B09	TGM7	100015481	LW	1	4	NULL	6136
HsVcPPIP02v1AD	VS67SM	sample_02	M_AD_AD_n_for	P_AD_term_i5	KCTD1	14221	1	HsVcPPIP02v1AD1	B10	LMO1	14023	LW	1	4	NULL	6500
HsVcPPIP02v1AD	VS67SM	sample_02	M_AD_AD_n_for	P_AD_term_i5	KCTD7	70368	1	HsVcPPIP02v1AD1	B11	GAS2L2	100015630	LW	1	4	NULL	3219
HsVcPPIP02v1AD	VS67SM	sample_02	M_AD_AD_n_for	P_AD_term_i5	KCTD7	70368	1	HsVcPPIP02v1AD1	B12	DVL3	9635	LW	1	4	NULL	2131
HsVcPPIP02v1AD	VS67SM	sample_02	M_AD_AD_n_for	P_AD_term_i5	CALM2	1	1	HsVcPPIP02v1AD1	C01	KIAA1683	56859	LW	1	4	NULL	22971
HsVcPPIP02v1AD	VS67SM	sample_02	M_AD_AD_n_for	P_AD_term_i5	FTL	5737	1	HsVcPPIP02v1AD1	C02	WDYHV1	4786	LW	1	4	NULL	16224
HsVcPPIP02v1AD	VS67SM	sample_02	M_AD_AD_n_for	P_AD_term_i5	THAP1	1668	1	HsVcPPIP02v1AD1	C03	BYSL	11723	LW	1	4	NULL	12036
HsVcPPIP02v1AD	VS67SM	sample_02	M_AD_AD_n_for	P_AD_term_i5	THAP1	1668	1	HsVcPPIP02v1AD1	C04	PRR20D	56508	LW	1	4	NULL	13062
HsVcPPIP02v1AD	VS67SM	sample_02	M_AD_AD_n_for	P_AD_term_i5	THAP1	1668	1	HsVcPPIP02v1AD1	C05	LNX1	8141	LW	1	4	NULL	11678
HsVcPPIP02v1AD	VS67SM	sample_02	M_AD_AD_n_for	P_AD_term_i5	THAP1	1668	1	HsVcPPIP02v1AD1	C06	MRPL53	7171	LW	1	4	NULL	12392
HsVcPPIP02v1AD	VS67SM	sample_02	M_AD_AD_n_for	P_AD_term_i5	THAP1	1668	1	HsVcPPIP02v1AD1	C07	FGF12	1161	LW	1	4	NULL	11090
HsVcPPIP02v1AD	VS67SM	sample_02	M_AD_AD_n_for	P_AD_term_i5	PLP1	4062	1	HsVcPPIP02v1AD1	C08	PTPRN	4946	LW	1	4	NULL	8075
HsVcPPIP02v1AD	VS67SM	sample_02	M_AD_AD_n_for	P_AD_term_i5	KCTD1	14221	1	HsVcPPIP02v1AD1	C09	POLR1C	5431	LW	1	4	NULL	7384
HsVcPPIP02v1AD	VS67SM	sample_02	M_AD_AD_n_for	P_AD_term_i5	KCTD1	14221	1	HsVcPPIP02v1AD1	C10	KCTD15	6714	LW	1	4	NULL	7314
HsVcPPIP02v1AD	VS67SM	sample_02	M_AD_AD_n_for	P_AD_term_i5	KCTD7	70368	1	HsVcPPIP02v1AD1	C11	TCEA2	6195	LW	1	4	NULL	2436
HsVcPPIP02v1AD	VS67SM	sample_02	M_AD_AD_n_for	P_AD_term_i5	KCTD7	70368	1	HsVcPPIP02v1AD1	C12	PIN1	4406	LW	1	4	NULL	3301
HsVcPPIP02v1AD	VS67SM	sample_02	M_AD_AD_n_for	P_AD_term_i5	CALM3	3484	1	HsVcPPIP02v1AD1	D01	CAMTA2	9711	LW	1	4	NULL	24055
HsVcPPIP02v1AD	VS67SM	sample_02	M_AD_AD_n_for	P_AD_term_i5	FTL	5737	1	HsVcPPIP02v1AD1	D02	SDCBP	53842	LW	1	4	NULL	15934
HsVcPPIP02v1AD	VS67SM	sample_02	M_AD_AD_n_for	P_AD_term_i5	THAP1	1668	1	HsVcPPIP02v1AD1	D03	BAG5	11688	LW	1	4	NULL	15777
HsVcPPIP02v1AD	VS67SM	sample_02	M_AD_AD_n_for	P_AD_term_i5	THAP1	1668	1	HsVcPPIP02v1AD1	D04	LMNB2	100067760	LW	1	4	NULL	13741
HsVcPPIP02v1AD	VS67SM	sample_02	M_AD_AD_n_for	P_AD_term_i5	THAP1	1668	1	HsVcPPIP02v1AD1	D05	STRBP	787	LW	1	4	NULL	13721
HsVcPPIP02v1AD	VS67SM	sample_02	M_AD_AD_n_for	P_AD_term_i5	THAP1	1668	1	HsVcPPIP02v1AD1	D06	PHF1	5002	LW	1	4	NULL	12437
HsVcPPIP02v1AD	VS67SM	sample_02	M_AD_AD_n_for	P_AD_term_i5	CSNK2B	71965	1	HsVcPPIP02v1AD1	D07	CSNK2A1	6699	LW	1	4	NULL	11354
HsVcPPIP02v1AD	VS67SM	sample_02	M_AD_AD_n_for	P_AD_term_i5	TPK1	14468	1	HsVcPPIP02v1AD1	D08	TPK1	14468	LW	1	4	NULL	9491
HsVcPPIP02v1AD	VS67SM	sample_02	M_AD_AD_n_for	P_AD_term_i5	KCTD1	14221	1	HsVcPPIP02v1AD1	D09	MORF4L2	11965	LW	1	4	NULL	6051
HsVcPPIP02v1AD	VS67SM	sample_02	M_AD_AD_n_for	P_AD_term_i5	PQBP1	7270	1	HsVcPPIP02v1AD1	D10	MAPRE1	56115	LW	1	4	NULL	3891
HsVcPPIP02v1AD	VS67SM	sample_02	M_AD_AD_n_for	P_AD_term_i5	KCTD7	70368	1	HsVcPPIP02v1AD1	D11	KAT5	53941	LW	1	4	NULL	3156
HsVcPPIP02v1AD	VS67SM	sample_02	M_AD_AD_n_for	P_AD_term_i5	OTX2	9958	1	HsVcPPIP02v1AD1	D12	M1AP	1295	LW	1	4	NULL	2
HsVcPPIP02v1AD	VS67SM	sample_02	M_AD_AD_n_for	P_AD_term_i5	CALM3	3484	1	HsVcPPIP02v1AD1	E01	C11orf65	2162	LW	1	4	NULL	17458
HsVcPPIP02v1AD	VS67SM	sample_02	M_AD_AD_n_for	P_AD_term_i5	APRT	52956	1	HsVcPPIP02v1AD1	E02	TTC19	6877	LW	1	4	NULL	12731
HsVcPPIP02v1AD	VS67SM	sample_02	M_AD_AD_n_for	P_AD_term_i5	THAP1	1668	1	HsVcPPIP02v1AD1	E03	ZCCHC10	12844	LW	1	4	NULL	10284
HsVcPPIP02v1AD	VS67SM	sample_02	M_AD_AD_n_for	P_AD_term_i5	THAP1	1668	1	HsVcPPIP02v1AD1	E04	ZNF385C	15010	LW	1	4	NULL	12221
HsVcPPIP02v1AD	VS67SM	sample_02	M_AD_AD_n_for	P_AD_term_i5	THAP1	1668	1	HsVcPPIP02v1AD1	E05	ZBTB48	154	LW	1	4	NULL	10510
HsVcPPIP02v1AD	VS67SM	sample_02	M_AD_AD_n_for	P_AD_term_i5	THAP1	1668	1	HsVcPPIP02v1AD1	E06	C1orf35	4173	LW	1	4	NULL	13219
HsVcPPIP02v1AD	VS67SM	sample_02	M_AD_AD_n_for	P_AD_term_i5	CSNK2B	71965	1	HsVcPPIP02v1AD1	E07	CSNK2A2	4887	LW	1	4	NULL	6263
HsVcPPIP02v1AD	VS67SM	sample_02	M_AD_AD_n_for	P_AD_term_i5	TPK1	14468	1	HsVcPPIP02v1AD1	E08	OPLAH	100014361	LW	1	4	NULL	8065
HsVcPPIP02v1AD	VS67SM	sample_02	M_AD_AD_n_for	P_AD_term_i5	KCTD1	14221	1	HsVcPPIP02v1AD1	E09	KCTD1	14221	LW	1	4	NULL	6503
HsVcPPIP02v1AD	VS67SM	sample_02	M_AD_AD_n_for	P_AD_term_i5	KCTD7	70368	1	HsVcPPIP02v1AD1	E10	KCTD7	70368	LW	1	4	NULL	3295
HsVcPPIP02v1AD	VS67SM	sample_02	M_AD_AD_n_for	P_AD_term_i5	KCTD7	70368	1	HsVcPPIP02v1AD1	E11	CUL3	11305	LW	1	4	NULL	3501
HsVcPPIP02v1AD	VS67SM	sample_02	M_AD_AD_n_for	P_AD_term_i5	STUB1	5219	1	HsVcPPIP02v1AD1	E12	OLFM3	1270	LW	1	4	NULL	2142
HsVcPPIP02v1AD	VS67SM	sample_02	M_AD_AD_n_for	P_AD_term_i5	CALM3	3484	1	HsVcPPIP02v1AD1	F01	KIAA1683	56859	LW	1	4	NULL	26524
HsVcPPIP02v1AD	VS67SM	sample_02	M_AD_AD_n_for	P_AD_term_i5	IFT27	7972	1	HsVcPPIP02v1AD1	F02	HSPB11	5491	LW	1	4	NULL	15957
HsVcPPIP02v1AD	VS67SM	sample_02	M_AD_AD_n_for	P_AD_term_i5	THAP1	1668	1	HsVcPPIP02v1AD1	F03	FAM133A	53675	LW	1	4	NULL	9750
HsVcPPIP02v1AD	VS67SM	sample_02	M_AD_AD_n_for	P_AD_term_i5	THAP1	1668	1	HsVcPPIP02v1AD1	F04	CDC37	100009829	LW	1	4	NULL	11425
HsVcPPIP02v1AD	VS67SM	sample_02	M_AD_AD_n_for	P_AD_term_i5	THAP1	1668	1	HsVcPPIP02v1AD1	F05	ZNF408	252	LW	1	4	NULL	12371
HsVcPPIP02v1AD	VS67SM	sample_02	M_AD_AD_n_for	P_AD_term_i5	THAP1	1668	1	HsVcPPIP02v1AD1	F06	TCEANC	856	LW	1	4	NULL	8658
HsVcPPIP02v1AD	VS67SM	sample_02	M_AD_AD_n_for	P_AD_term_i5	HPRT1	7982	1	HsVcPPIP02v1AD1	F07	HPRT1	7982	LW	1	4	NULL	13448
HsVcPPIP02v1AD	VS67SM	sample_02	M_AD_AD_n_for	P_AD_term_i5	QDPR	7966	1	HsVcPPIP02v1AD1	F08	ANKRD13A	14208	LW	1	4	NULL	7511
HsVcPPIP02v1AD	VS67SM	sample_02	M_AD_AD_n_for	P_AD_term_i5	KCTD1	14221	1	HsVcPPIP02v1AD1	F09	LMO3	1184	LW	1	4	NULL	7619
HsVcPPIP02v1AD	VS67SM	sample_02	M_AD_AD_n_for	P_AD_term_i5	KCTD7	70368	1	HsVcPPIP02v1AD1	F10	TRIM2	2468	LW	1	4	NULL	3286
HsVcPPIP02v1AD	VS67SM	sample_02	M_AD_AD_n_for	P_AD_term_i5	KCTD7	70368	1	HsVcPPIP02v1AD1	F11	TCEANC	856	LW	1	4	NULL	3162
HsVcPPIP02v1AD	VS67SM	sample_02	M_AD_AD_n_for	P_AD_term_i5	MAFB	2353	1	HsVcPPIP02v1AD1	F12	KRTAP4-2	56106	LW	1	4	NULL	2235
HsVcPPIP02v1AD	VS67SM	sample_02	M_AD_AD_n_for	P_AD_term_i5	TNNC1	9485	1	HsVcPPIP02v1AD1	G01	TNNI1	6326	LW	1	4	NULL	20436
HsVcPPIP02v1AD	VS67SM	sample_02	M_AD_AD_n_for	P_AD_term_i5	CDC42	399	1	HsVcPPIP02v1AD1	G02	PARD6B	10823	LW	1	4	NULL	13741
HsVcPPIP02v1AD	VS67SM	sample_02	M_AD_AD_n_for	P_AD_term_i5	THAP1	1668	1	HsVcPPIP02v1AD1	G03	RBM39	55699	LW	1	4	NULL	13050
HsVcPPIP02v1AD	VS67SM	sample_02	M_AD_AD_n_for	P_AD_term_i5	THAP1	1668	1	HsVcPPIP02v1AD1	G04	SPANXN2	100015109	LW	1	4	NULL	11399
HsVcPPIP02v1AD	VS67SM	sample_02	M_AD_AD_n_for	P_AD_term_i5	THAP1	1668	1	HsVcPPIP02v1AD1	G05	TCEA2	6195	LW	1	4	NULL	13305
HsVcPPIP02v1AD	VS67SM	sample_02	M_AD_AD_n_for	P_AD_term_i5	THAP1	1668	1	HsVcPPIP02v1AD1	G06	WDYHV1	4786	LW	1	4	NULL	14277
HsVcPPIP02v1AD	VS67SM	sample_02	M_AD_AD_n_for	P_AD_term_i5	HPRT1	7982	1	HsVcPPIP02v1AD1	G07	EEF2KMT	6860	LW	1	4	NULL	13796
HsVcPPIP02v1AD	VS67SM	sample_02	M_AD_AD_n_for	P_AD_term_i5	ETHE1	2869	1	HsVcPPIP02v1AD1	G08	ETHE1	2869	LW	1	4	NULL	7544
HsVcPPIP02v1AD	VS67SM	sample_02	M_AD_AD_n_for	P_AD_term_i5	KCTD1	14221	1	HsVcPPIP02v1AD1	G09	EXOSC1	1684	LW	1	4	NULL	5799
HsVcPPIP02v1AD	VS67SM	sample_02	M_AD_AD_n_for	P_AD_term_i5	KCTD7	70368	1	HsVcPPIP02v1AD1	G10	LNX1	8141	LW	1	4	NULL	2945
HsVcPPIP02v1AD	VS67SM	sample_02	M_AD_AD_n_for	P_AD_term_i5	KCTD7	70368	1	HsVcPPIP02v1AD1	G11	WDYHV1	4786	LW	1	4	NULL	2961
HsVcPPIP02v1AD	VS67SM	sample_02	M_AD_AD_n_for	P_AD_term_i5	PPIL1	3755	1	HsVcPPIP02v1AD1	H01	SNW1	52879	LW	1	4	NULL	210
HsVcPPIP02v1AD	VS67SM	sample_02	M_AD_AD_n_for	P_AD_term_i5	RHOA	5810	1	HsVcPPIP02v1AD1	H02	RIPOR2	1818	LW	1	4	NULL	19774
HsVcPPIP02v1AD	VS67SM	sample_02	M_AD_AD_n_for	P_AD_term_i5	THAP1	1668	1	HsVcPPIP02v1AD1	H03	RPL22	12007	LW	1	4	NULL	12502
HsVcPPIP02v1AD	VS67SM	sample_02	M_AD_AD_n_for	P_AD_term_i5	THAP1	1668	1	HsVcPPIP02v1AD1	H04	VCX2	70095	LW	1	4	NULL	10963
HsVcPPIP02v1AD	VS67SM	sample_02	M_AD_AD_n_for	P_AD_term_i5	THAP1	1668	1	HsVcPPIP02v1AD1	H05	SERF2	724	LW	1	4	NULL	14287
HsVcPPIP02v1AD	VS67SM	sample_02	M_AD_AD_n_for	P_AD_term_i5	THAP1	1668	1	HsVcPPIP02v1AD1	H06	METTL13	2644	LW	1	4	NULL	12703
HsVcPPIP02v1AD	VS67SM	sample_02	M_AD_AD_n_for	P_AD_term_i5	HPRT1	7982	1	HsVcPPIP02v1AD1	H07	SPG21	3392	LW	1	4	NULL	14260
HsVcPPIP02v1AD	VS67SM	sample_02	M_AD_AD_n_for	P_AD_term_i5	KCTD1	14221	1	HsVcPPIP02v1AD1	H08	LNX1	8141	LW	1	4	NULL	7105
HsVcPPIP02v1AD	VS67SM	sample_02	M_AD_AD_n_for	P_AD_term_i5	KCTD1	14221	1	HsVcPPIP02v1AD1	H09	PICK1	100000407	LW	1	4	NULL	3671
HsVcPPIP02v1AD	VS67SM	sample_02	M_AD_AD_n_for	P_AD_term_i5	KCTD7	70368	1	HsVcPPIP02v1AD1	H10	PRPF18	961	LW	1	4	NULL	3173
HsVcPPIP02v1AD	VS67SM	sample_02	M_AD_AD_n_for	P_AD_term_i5	KCTD7	70368	1	HsVcPPIP02v1AD1	H11	TRIM3	70353	LW	1	4	NULL	1166
HsVcPPIP02v1AD	VS67SM	sample_03	M_AD_AD_n_for	P_AD_term_i5	VPS35	7965	1	HsVcPPIP02v1AD5	A01	VPS29	14158	3AT	1	3	NULL	15457
HsVcPPIP02v1AD	VS67SM	sample_03	M_AD_AD_n_for	P_AD_term_i5	ACTN1	3798	1	HsVcPPIP02v1AD5	A02	EPM2AIP1	10812	3AT	1	4	NULL	5256
HsVcPPIP02v1AD	VS67SM	sample_03	M_AD_AD_n_for	P_AD_term_i5	CASK	54148	1	HsVcPPIP02v1AD5	A03	NTN4	3050	3AT	1	3	NULL	16782
HsVcPPIP02v1AD	VS67SM	sample_03	M_AD_AD_n_for	P_AD_term_i5	TRIM37	2078	1	HsVcPPIP02v1AD5	A04	CWF19L2	55730	3AT	1	4	NULL	12690
HsVcPPIP02v1AD	VS67SM	sample_03	M_AD_AD_n_for	P_AD_term_i5	TRIM37	2078	1	HsVcPPIP02v1AD5	A05	COPB1	1909	3AT	1	4	NULL	9797
HsVcPPIP02v1AD	VS67SM	sample_03	M_AD_AD_n_for	P_AD_term_i5	SPECC1L	70259	1	HsVcPPIP02v1AD5	A06	ZNF250	525	3AT	1	4	NULL	3637
HsVcPPIP02v1AD	VS67SM	sample_03	M_AD_AD_n_for	P_AD_term_i5	AMPD2	4910	1	HsVcPPIP02v1AD5	B01	AMPD2	4910	3AT	1	4	NULL	13770
HsVcPPIP02v1AD	VS67SM	sample_03	M_AD_AD_n_for	P_AD_term_i5	ACTN1	3798	1	HsVcPPIP02v1AD5	B02	USP2	3754	3AT	1	4	NULL	13386
HsVcPPIP02v1AD	VS67SM	sample_03	M_AD_AD_n_for	P_AD_term_i5	CASK	54148	1	HsVcPPIP02v1AD5	B03	SH2D4A	55307	3AT	1	3	NULL	18755
HsVcPPIP02v1AD	VS67SM	sample_03	M_AD_AD_n_for	P_AD_term_i5	TRIM37	2078	1	HsVcPPIP02v1AD5	B04	BYSL	11723	3AT	1	4	NULL	12572
HsVcPPIP02v1AD	VS67SM	sample_03	M_AD_AD_n_for	P_AD_term_i5	TRIM37	2078	1	HsVcPPIP02v1AD5	B05	AQP1	1231	3AT	1	3	NULL	8956
HsVcPPIP02v1AD	VS67SM	sample_03	M_AD_AD_n_for	P_AD_term_i5	SMARCC2	2914	1	HsVcPPIP02v1AD5	B06	SMARCB1	53965	3AT	1	4	NULL	2063
HsVcPPIP02v1AD	VS67SM	sample_03	M_AD_AD_n_for	P_AD_term_i5	AMPD2	4910	1	HsVcPPIP02v1AD5	C01	AMPD1	100014316	3AT	1	3	NULL	0
HsVcPPIP02v1AD	VS67SM	sample_03	M_AD_AD_n_for	P_AD_term_i5	ACTN1	3798	1	HsVcPPIP02v1AD5	C02	EIF2S1	100009807	3AT	1	NA	NULL	6
HsVcPPIP02v1AD	VS67SM	sample_03	M_AD_AD_n_for	P_AD_term_i5	CASK	54148	1	HsVcPPIP02v1AD5	C03	MLX	3023	3AT	1	4	NULL	17219
HsVcPPIP02v1AD	VS67SM	sample_03	M_AD_AD_n_for	P_AD_term_i5	TRIM37	2078	1	HsVcPPIP02v1AD5	C04	CDC20B	9640	3AT	1	3	NULL	10144
HsVcPPIP02v1AD	VS67SM	sample_03	M_AD_AD_n_for	P_AD_term_i5	TRIM37	2078	1	HsVcPPIP02v1AD5	C05	ELOA	4407	3AT	1	3	NULL	10956
HsVcPPIP02v1AD	VS67SM	sample_03	M_AD_AD_n_for	P_AD_term_i5	ACTN1	3798	1	HsVcPPIP02v1AD5	D01	LNX1	8141	3AT	1	4	NULL	5566
HsVcPPIP02v1AD	VS67SM	sample_03	M_AD_AD_n_for	P_AD_term_i5	ACTN1	3798	1	HsVcPPIP02v1AD5	D02	C14orf119	2431	3AT	1	4	NULL	6770
HsVcPPIP02v1AD	VS67SM	sample_03	M_AD_AD_n_for	P_AD_term_i5	CASK	54148	1	HsVcPPIP02v1AD5	D03	LIN7A	56441	3AT	1	4	NULL	15864
HsVcPPIP02v1AD	VS67SM	sample_03	M_AD_AD_n_for	P_AD_term_i5	TRIM37	2078	1	HsVcPPIP02v1AD5	D04	ZBTB24	54115	3AT	1	3	NULL	11894
HsVcPPIP02v1AD	VS67SM	sample_03	M_AD_AD_n_for	P_AD_term_i5	TRIM37	2078	1	HsVcPPIP02v1AD5	D05	CDC7	56166	3AT	1	3	NULL	3626
HsVcPPIP02v1AD	VS67SM	sample_03	M_AD_AD_n_for	P_AD_term_i5	ACTN1	3798	1	HsVcPPIP02v1AD5	E01	MYOZ1	8274	3AT	1	3	NULL	8002
HsVcPPIP02v1AD	VS67SM	sample_03	M_AD_AD_n_for	P_AD_term_i5	ACTN1	3798	1	HsVcPPIP02v1AD5	E02	MYOZ2	5651	3AT	1	4	NULL	8332
HsVcPPIP02v1AD	VS67SM	sample_03	M_AD_AD_n_for	P_AD_term_i5	CASK	54148	1	HsVcPPIP02v1AD5	E03	LIN7B	1565	3AT	1	4	NULL	11717
HsVcPPIP02v1AD	VS67SM	sample_03	M_AD_AD_n_for	P_AD_term_i5	TRIM37	2078	1	HsVcPPIP02v1AD5	E04	PNKP	9905	3AT	1	4	NULL	9229
HsVcPPIP02v1AD	VS67SM	sample_03	M_AD_AD_n_for	P_AD_term_i5	SPECC1L	70259	1	HsVcPPIP02v1AD5	E05	SNW1	52879	3AT	1	3	NULL	5586
HsVcPPIP02v1AD	VS67SM	sample_03	M_AD_AD_n_for	P_AD_term_i5	ACTN1	3798	1	HsVcPPIP02v1AD5	F01	MICALL2	11190	3AT	1	4	NULL	4815
HsVcPPIP02v1AD	VS67SM	sample_03	M_AD_AD_n_for	P_AD_term_i5	ACTN1	3798	1	HsVcPPIP02v1AD5	F02	ACTN3	55882	3AT	1	4	NULL	10049
HsVcPPIP02v1AD	VS67SM	sample_03	M_AD_AD_n_for	P_AD_term_i5	CASK	54148	1	HsVcPPIP02v1AD5	F03	C20orf85	71240	3AT	1	3	NULL	9169
HsVcPPIP02v1AD	VS67SM	sample_03	M_AD_AD_n_for	P_AD_term_i5	TRIM37	2078	1	HsVcPPIP02v1AD5	F04	TCEANC	856	3AT	1	4	NULL	10926
HsVcPPIP02v1AD	VS67SM	sample_03	M_AD_AD_n_for	P_AD_term_i5	SPECC1L	70259	1	HsVcPPIP02v1AD5	F05	EFCAB3	71841	3AT	1	3	NULL	7825
HsVcPPIP02v1AD	VS67SM	sample_03	M_AD_AD_n_for	P_AD_term_i5	ACTN1	3798	1	HsVcPPIP02v1AD5	G01	SYNPO2L	72050	3AT	1	4	NULL	2651
HsVcPPIP02v1AD	VS67SM	sample_03	M_AD_AD_n_for	P_AD_term_i5	OCRL	71311	1	HsVcPPIP02v1AD5	G02	FAM109B	52977	3AT	1	4	NULL	8625
HsVcPPIP02v1AD	VS67SM	sample_03	M_AD_AD_n_for	P_AD_term_i5	TRIM37	2078	1	HsVcPPIP02v1AD5	G03	DZIP1L	8114	3AT	1	3	NULL	3
HsVcPPIP02v1AD	VS67SM	sample_03	M_AD_AD_n_for	P_AD_term_i5	TRIM37	2078	1	HsVcPPIP02v1AD5	G04	SYTL4	199	3AT	1	NA	NULL	2
HsVcPPIP02v1AD	VS67SM	sample_03	M_AD_AD_n_for	P_AD_term_i5	SPECC1L	70259	1	HsVcPPIP02v1AD5	G05	ZFHX3	9406	3AT	1	3	NULL	0
HsVcPPIP02v1AD	VS67SM	sample_03	M_AD_AD_n_for	P_AD_term_i5	ACTN1	3798	1	HsVcPPIP02v1AD5	H01	C11orf57	14650	3AT	1	4	NULL	27
HsVcPPIP02v1AD	VS67SM	sample_03	M_AD_AD_n_for	P_AD_term_i5	OCRL	71311	1	HsVcPPIP02v1AD5	H02	FAM109A	9411	3AT	1	4	NULL	14161
HsVcPPIP02v1AD	VS67SM	sample_03	M_AD_AD_n_for	P_AD_term_i5	TRIM37	2078	1	HsVcPPIP02v1AD5	H03	ZNF587	54426	3AT	1	4	NULL	9756
HsVcPPIP02v1AD	VS67SM	sample_03	M_AD_AD_n_for	P_AD_term_i5	TRIM37	2078	1	HsVcPPIP02v1AD5	H04	DTNB	2991	3AT	1	4	NULL	12
HsVcPPIP02v1AD	VS67SM	sample_03	M_AD_AD_n_for	P_AD_term_i5	SPECC1L	70259	1	HsVcPPIP02v1AD5	H05	ELOA	4407	3AT	1	3	NULL	1928
HsVcPPIP02v1AD	VS67SM	sample_04	M_AD_AD_n_for	P_AD_term_i5	VPS35	7965	1	HsVcPPIP02v1AD5	A01	VPS29	14158	LW	1	4	NULL	4
HsVcPPIP02v1AD	VS67SM	sample_04	M_AD_AD_n_for	P_AD_term_i5	ACTN1	3798	1	HsVcPPIP02v1AD5	A02	EPM2AIP1	10812	LW	1	4	NULL	8117
HsVcPPIP02v1AD	VS67SM	sample_04	M_AD_AD_n_for	P_AD_term_i5	CASK	54148	1	HsVcPPIP02v1AD5	A03	NTN4	3050	LW	1	4	NULL	11752
HsVcPPIP02v1AD	VS67SM	sample_04	M_AD_AD_n_for	P_AD_term_i5	TRIM37	2078	1	HsVcPPIP02v1AD5	A04	CWF19L2	55730	LW	1	4	NULL	6192
HsVcPPIP02v1AD	VS67SM	sample_04	M_AD_AD_n_for	P_AD_term_i5	TRIM37	2078	1	HsVcPPIP02v1AD5	A05	COPB1	1909	LW	1	4	NULL	3844
HsVcPPIP02v1AD	VS67SM	sample_04	M_AD_AD_n_for	P_AD_term_i5	SPECC1L	70259	1	HsVcPPIP02v1AD5	A06	ZNF250	525	LW	1	4	NULL	6074
HsVcPPIP02v1AD	VS67SM	sample_04	M_AD_AD_n_for	P_AD_term_i5	AMPD2	4910	1	HsVcPPIP02v1AD5	B01	AMPD2	4910	LW	1	4	NULL	6670
HsVcPPIP02v1AD	VS67SM	sample_04	M_AD_AD_n_for	P_AD_term_i5	ACTN1	3798	1	HsVcPPIP02v1AD5	B02	USP2	3754	LW	1	4	NULL	8768
HsVcPPIP02v1AD	VS67SM	sample_04	M_AD_AD_n_for	P_AD_term_i5	CASK	54148	1	HsVcPPIP02v1AD5	B03	SH2D4A	55307	LW	1	4	NULL	11033
HsVcPPIP02v1AD	VS67SM	sample_04	M_AD_AD_n_for	P_AD_term_i5	TRIM37	2078	1	HsVcPPIP02v1AD5	B04	BYSL	11723	LW	1	4	NULL	5694
HsVcPPIP02v1AD	VS67SM	sample_04	M_AD_AD_n_for	P_AD_term_i5	TRIM37	2078	1	HsVcPPIP02v1AD5	B05	AQP1	1231	LW	1	4	NULL	3824
HsVcPPIP02v1AD	VS67SM	sample_04	M_AD_AD_n_for	P_AD_term_i5	SMARCC2	2914	1	HsVcPPIP02v1AD5	B06	SMARCB1	53965	LW	1	4	NULL	1895
HsVcPPIP02v1AD	VS67SM	sample_04	M_AD_AD_n_for	P_AD_term_i5	AMPD2	4910	1	HsVcPPIP02v1AD5	C01	AMPD1	100014316	LW	1	4	NULL	0
HsVcPPIP02v1AD	VS67SM	sample_04	M_AD_AD_n_for	P_AD_term_i5	ACTN1	3798	1	HsVcPPIP02v1AD5	C02	EIF2S1	100009807	LW	1	4	NULL	9455
HsVcPPIP02v1AD	VS67SM	sample_04	M_AD_AD_n_for	P_AD_term_i5	CASK	54148	1	HsVcPPIP02v1AD5	C03	MLX	3023	LW	1	4	NULL	10231
HsVcPPIP02v1AD	VS67SM	sample_04	M_AD_AD_n_for	P_AD_term_i5	TRIM37	2078	1	HsVcPPIP02v1AD5	C04	CDC20B	9640	LW	1	4	NULL	5822
HsVcPPIP02v1AD	VS67SM	sample_04	M_AD_AD_n_for	P_AD_term_i5	TRIM37	2078	1	HsVcPPIP02v1AD5	C05	ELOA	4407	LW	1	4	NULL	4099
HsVcPPIP02v1AD	VS67SM	sample_04	M_AD_AD_n_for	P_AD_term_i5	ACTN1	3798	1	HsVcPPIP02v1AD5	D01	LNX1	8141	LW	1	4	NULL	10761
HsVcPPIP02v1AD	VS67SM	sample_04	M_AD_AD_n_for	P_AD_term_i5	ACTN1	3798	1	HsVcPPIP02v1AD5	D02	C14orf119	2431	LW	1	4	NULL	6339
HsVcPPIP02v1AD	VS67SM	sample_04	M_AD_AD_n_for	P_AD_term_i5	CASK	54148	1	HsVcPPIP02v1AD5	D03	LIN7A	56441	LW	1	4	NULL	9104
HsVcPPIP02v1AD	VS67SM	sample_04	M_AD_AD_n_for	P_AD_term_i5	TRIM37	2078	1	HsVcPPIP02v1AD5	D04	ZBTB24	54115	LW	1	4	NULL	4575
HsVcPPIP02v1AD	VS67SM	sample_04	M_AD_AD_n_for	P_AD_term_i5	TRIM37	2078	1	HsVcPPIP02v1AD5	D05	CDC7	56166	LW	1	4	NULL	2808
HsVcPPIP02v1AD	VS67SM	sample_04	M_AD_AD_n_for	P_AD_term_i5	ACTN1	3798	1	HsVcPPIP02v1AD5	E01	MYOZ1	8274	LW	1	4	NULL	1379
HsVcPPIP02v1AD	VS67SM	sample_04	M_AD_AD_n_for	P_AD_term_i5	ACTN1	3798	1	HsVcPPIP02v1AD5	E02	MYOZ2	5651	LW	1	4	NULL	9099
HsVcPPIP02v1AD	VS67SM	sample_04	M_AD_AD_n_for	P_AD_term_i5	CASK	54148	1	HsVcPPIP02v1AD5	E03	LIN7B	1565	LW	1	4	NULL	10651
HsVcPPIP02v1AD	VS67SM	sample_04	M_AD_AD_n_for	P_AD_term_i5	TRIM37	2078	1	HsVcPPIP02v1AD5	E04	PNKP	9905	LW	1	4	NULL	6025
HsVcPPIP02v1AD	VS67SM	sample_04	M_AD_AD_n_for	P_AD_term_i5	SPECC1L	70259	1	HsVcPPIP02v1AD5	E05	SNW1	52879	LW	1	4	NULL	5707
HsVcPPIP02v1AD	VS67SM	sample_04	M_AD_AD_n_for	P_AD_term_i5	ACTN1	3798	1	HsVcPPIP02v1AD5	F01	MICALL2	11190	LW	1	4	NULL	10642
HsVcPPIP02v1AD	VS67SM	sample_04	M_AD_AD_n_for	P_AD_term_i5	ACTN1	3798	1	HsVcPPIP02v1AD5	F02	ACTN3	55882	LW	1	4	NULL	8834
HsVcPPIP02v1AD	VS67SM	sample_04	M_AD_AD_n_for	P_AD_term_i5	CASK	54148	1	HsVcPPIP02v1AD5	F03	C20orf85	71240	LW	1	4	NULL	7868
HsVcPPIP02v1AD	VS67SM	sample_04	M_AD_AD_n_for	P_AD_term_i5	TRIM37	2078	1	HsVcPPIP02v1AD5	F04	TCEANC	856	LW	1	4	NULL	5399
HsVcPPIP02v1AD	VS67SM	sample_04	M_AD_AD_n_for	P_AD_term_i5	SPECC1L	70259	1	HsVcPPIP02v1AD5	F05	EFCAB3	71841	LW	1	4	NULL	7697
HsVcPPIP02v1AD	VS67SM	sample_04	M_AD_AD_n_for	P_AD_term_i5	ACTN1	3798	1	HsVcPPIP02v1AD5	G01	SYNPO2L	72050	LW	1	4	NULL	9117
HsVcPPIP02v1AD	VS67SM	sample_04	M_AD_AD_n_for	P_AD_term_i5	OCRL	71311	1	HsVcPPIP02v1AD5	G02	FAM109B	52977	LW	1	4	NULL	7478
HsVcPPIP02v1AD	VS67SM	sample_04	M_AD_AD_n_for	P_AD_term_i5	TRIM37	2078	1	HsVcPPIP02v1AD5	G03	DZIP1L	8114	LW	1	4	NULL	2920
HsVcPPIP02v1AD	VS67SM	sample_04	M_AD_AD_n_for	P_AD_term_i5	TRIM37	2078	1	HsVcPPIP02v1AD5	G04	SYTL4	199	LW	1	4	NULL	3888
HsVcPPIP02v1AD	VS67SM	sample_04	M_AD_AD_n_for	P_AD_term_i5	SPECC1L	70259	1	HsVcPPIP02v1AD5	G05	ZFHX3	9406	LW	1	4	NULL	1
HsVcPPIP02v1AD	VS67SM	sample_04	M_AD_AD_n_for	P_AD_term_i5	ACTN1	3798	1	HsVcPPIP02v1AD5	H01	C11orf57	14650	LW	1	4	NULL	6002
HsVcPPIP02v1AD	VS67SM	sample_04	M_AD_AD_n_for	P_AD_term_i5	OCRL	71311	1	HsVcPPIP02v1AD5	H02	FAM109A	9411	LW	1	4	NULL	12767
HsVcPPIP02v1AD	VS67SM	sample_04	M_AD_AD_n_for	P_AD_term_i5	TRIM37	2078	1	HsVcPPIP02v1AD5	H03	ZNF587	54426	LW	1	4	NULL	4895
HsVcPPIP02v1AD	VS67SM	sample_04	M_AD_AD_n_for	P_AD_term_i5	TRIM37	2078	1	HsVcPPIP02v1AD5	H04	DTNB	2991	LW	1	4	NULL	4258
HsVcPPIP02v1AD	VS67SM	sample_04	M_AD_AD_n_for	P_AD_term_i5	SPECC1L	70259	1	HsVcPPIP02v1AD5	H05	ELOA	4407	LW	1	4	NULL	7258
