experiment	sequence_project_id	sample_name	primerset_5	primerset_3	symbol	orf_id	pool_id	well	interactor_symbol	interactor_id	media	repeat_id	y2h_score	well_read_cnt	mapped_read_cnt
HsVcPillar2a1	XPKLWH	XPKLWH_sample_01	J_DB	F_AD	ACTG1	3123	1	A01	ACTB	955	3AT	1	4	NULL	24025
HsVcPillar2a1	XPKLWH	XPKLWH_sample_01	C_DB	D_AD	ITGB2	4765	3	A01	KRTAP10-8	56717	3AT	1	0	NULL	0
HsVcPillar2a1	XPKLWH	XPKLWH_sample_01	C_DB	D_AD	ITGB2	4765	3	B01	empty_AD	0	3AT	1	0	NULL	0
HsVcPillar2a1	XPKLWH	XPKLWH_sample_01	J_DB	F_AD	ACTG1	3123	1	B01	CFL2	6329	3AT	1	3	NULL	39443
HsVcPillar2a1	XPKLWH	XPKLWH_sample_01	J_DB	F_AD	ACTG1	3123	1	C01	CFL1	371	3AT	1	0	NULL	0
HsVcPillar2a1	XPKLWH	XPKLWH_sample_01	C_DB	D_AD	KCNJ2	100016069	1	C01	KCNJ2	100016069	3AT	1	4	NULL	45396
HsVcPillar2a1	XPKLWH	XPKLWH_sample_01	C_DB	D_AD	KCNJ2	100016069	1	D01	empty_AD	0	3AT	1	0	NULL	24
HsVcPillar2a1	XPKLWH	XPKLWH_sample_01	J_DB	F_AD	ACTG1	3123	1	D01	CAP2	5807	3AT	1	3	NULL	61017
HsVcPillar2a1	XPKLWH	XPKLWH_sample_01	J_DB	F_AD	ACTG1	3123	1	E01	empty_AD	0	3AT	1	0	NULL	0
HsVcPillar2a1	XPKLWH	XPKLWH_sample_01	C_DB	D_AD	KCNJ2	100016069	2	E01	KCNJ2	100016069	3AT	1	4	NULL	49728
HsVcPillar2a1	XPKLWH	XPKLWH_sample_01	J_DB	F_AD	ACTG1	3123	2	F01	ACTB	955	3AT	1	4	NULL	45067
HsVcPillar2a1	XPKLWH	XPKLWH_sample_01	C_DB	D_AD	KCNJ2	100016069	2	F01	empty_AD	0	3AT	1	0	NULL	1
HsVcPillar2a1	XPKLWH	XPKLWH_sample_01	J_DB	F_AD	ACTG1	3123	2	G01	CFL2	6329	3AT	1	3	NULL	40748
HsVcPillar2a1	XPKLWH	XPKLWH_sample_01	C_DB	D_AD	KCNJ2	100016069	3	G01	KCNJ2	100016069	3AT	1	4	NULL	30585
HsVcPillar2a1	XPKLWH	XPKLWH_sample_01	J_DB	F_AD	ACTG1	3123	2	H01	CFL1	371	3AT	1	0	NULL	0
HsVcPillar2a1	XPKLWH	XPKLWH_sample_01	C_DB	D_AD	KCNJ2	100016069	3	H01	empty_AD	0	3AT	1	0	NULL	0
HsVcPillar2a1	XPKLWH	XPKLWH_sample_01	C_DB	D_AD	MSH2	7918	1	A02	APPBP2	820	3AT	1	0	NULL	0
HsVcPillar2a1	XPKLWH	XPKLWH_sample_01	J_DB	F_AD	ACTG1	3123	2	A02	CAP2	5807	3AT	1	3	NULL	29831
HsVcPillar2a1	XPKLWH	XPKLWH_sample_01	C_DB	D_AD	MSH2	7918	1	B02	empty_AD	0	3AT	1	0	NULL	0
HsVcPillar2a1	XPKLWH	XPKLWH_sample_01	J_DB	F_AD	ACTG1	3123	2	B02	empty_AD	0	3AT	1	0	NULL	1
HsVcPillar2a1	XPKLWH	XPKLWH_sample_01	J_DB	F_AD	CTCF	6173	1	C02	TRAF2	9637	3AT	1	4	NULL	0
HsVcPillar2a1	XPKLWH	XPKLWH_sample_01	C_DB	D_AD	MSH2	7918	2	C02	APPBP2	820	3AT	1	0	NULL	0
HsVcPillar2a1	XPKLWH	XPKLWH_sample_01	J_DB	F_AD	CTCF	6173	1	D02	empty_AD	0	3AT	1	2	NULL	21
HsVcPillar2a1	XPKLWH	XPKLWH_sample_01	C_DB	D_AD	MSH2	7918	2	D02	empty_AD	0	3AT	1	0	NULL	0
HsVcPillar2a1	XPKLWH	XPKLWH_sample_01	J_DB	F_AD	CTCF	6173	2	E02	TRAF2	9637	3AT	1	4	NULL	1556
HsVcPillar2a1	XPKLWH	XPKLWH_sample_01	C_DB	D_AD	MSH2	7918	3	E02	APPBP2	820	3AT	1	0	NULL	0
HsVcPillar2a1	XPKLWH	XPKLWH_sample_01	C_DB	D_AD	MSH2	7918	3	F02	empty_AD	0	3AT	1	0	NULL	0
HsVcPillar2a1	XPKLWH	XPKLWH_sample_01	J_DB	F_AD	CTCF	6173	2	F02	empty_AD	0	3AT	1	0	NULL	0
HsVcPillar2a1	XPKLWH	XPKLWH_sample_01	C_DB	D_AD	PRF1	12025	1	G02	CYSRT1	13662	3AT	1	0	NULL	0
HsVcPillar2a1	XPKLWH	XPKLWH_sample_01	J_DB	F_AD	DES	12573	1	G02	NEFL	13227	3AT	1	4	NULL	28857
HsVcPillar2a1	XPKLWH	XPKLWH_sample_01	J_DB	F_AD	DES	12573	1	H02	VIM	69	3AT	1	4	NULL	29385
HsVcPillar2a1	XPKLWH	XPKLWH_sample_01	C_DB	D_AD	PRF1	12025	1	H02	empty_AD	0	3AT	1	0	NULL	0
HsVcPillar2a1	XPKLWH	XPKLWH_sample_01	C_DB	D_AD	PRF1	12025	2	A03	CYSRT1	13662	3AT	1	0	NULL	0
HsVcPillar2a1	XPKLWH	XPKLWH_sample_01	J_DB	F_AD	DES	12573	1	A03	GOLGA6L9	10460	3AT	1	4	NULL	12172
HsVcPillar2a1	XPKLWH	XPKLWH_sample_01	C_DB	D_AD	PRF1	12025	2	B03	empty_AD	0	3AT	1	0	NULL	0
HsVcPillar2a1	XPKLWH	XPKLWH_sample_01	J_DB	F_AD	DES	12573	1	B03	TFIP11	5894	3AT	1	4	NULL	17061
HsVcPillar2a1	XPKLWH	XPKLWH_sample_01	C_DB	D_AD	VHL	13320	1	C03	HSF2BP	100070143	3AT	1	4	NULL	143950
HsVcPillar2a1	XPKLWH	XPKLWH_sample_01	J_DB	F_AD	DES	12573	1	C03	DES	12573	3AT	1	4	NULL	17203
HsVcPillar2a1	XPKLWH	XPKLWH_sample_01	J_DB	F_AD	DES	12573	1	D03	GFAP	2920	3AT	1	4	NULL	23214
HsVcPillar2a1	XPKLWH	XPKLWH_sample_01	C_DB	D_AD	VHL	13320	1	D03	empty_AD	0	3AT	1	0	NULL	0
HsVcPillar2a1	XPKLWH	XPKLWH_sample_01	C_DB	D_AD	VHL	13320	2	E03	HSF2BP	100070143	3AT	1	4	NULL	133182
HsVcPillar2a1	XPKLWH	XPKLWH_sample_01	J_DB	F_AD	DES	12573	1	E03	KRT15	4105	3AT	1	4	NULL	19185
HsVcPillar2a1	XPKLWH	XPKLWH_sample_01	C_DB	D_AD	VHL	13320	2	F03	empty_AD	0	3AT	1	0	NULL	0
HsVcPillar2a1	XPKLWH	XPKLWH_sample_01	J_DB	F_AD	DES	12573	1	F03	PRPH	9926	3AT	1	4	NULL	25441
HsVcPillar2a1	XPKLWH	XPKLWH_sample_01	J_DB	F_AD	DES	12573	1	G03	empty_AD	0	3AT	1	0	NULL	2
HsVcPillar2a1	XPKLWH	XPKLWH_sample_01	J_DB	F_AD	DES	12573	2	H03	NEFL	13227	3AT	1	4	NULL	29596
HsVcPillar2a1	XPKLWH	XPKLWH_sample_01	J_DB	F_AD	DES	12573	2	A04	VIM	69	3AT	1	4	NULL	5
HsVcPillar2a1	XPKLWH	XPKLWH_sample_01	J_DB	F_AD	DES	12573	2	B04	GOLGA6L9	10460	3AT	1	4	NULL	15867
HsVcPillar2a1	XPKLWH	XPKLWH_sample_01	J_DB	F_AD	DES	12573	2	C04	TFIP11	5894	3AT	1	4	NULL	19339
HsVcPillar2a1	XPKLWH	XPKLWH_sample_01	J_DB	F_AD	DES	12573	2	D04	DES	12573	3AT	1	4	NULL	24111
HsVcPillar2a1	XPKLWH	XPKLWH_sample_01	J_DB	F_AD	DES	12573	2	E04	GFAP	2920	3AT	1	4	NULL	16607
HsVcPillar2a1	XPKLWH	XPKLWH_sample_01	J_DB	F_AD	DES	12573	2	F04	KRT15	4105	3AT	1	4	NULL	33522
HsVcPillar2a1	XPKLWH	XPKLWH_sample_01	J_DB	F_AD	DES	12573	2	G04	PRPH	9926	3AT	1	4	NULL	30727
HsVcPillar2a1	XPKLWH	XPKLWH_sample_01	J_DB	F_AD	DES	12573	2	H04	empty_AD	0	3AT	1	0	NULL	5
HsVcPillar2a1	XPKLWH	XPKLWH_sample_01	J_DB	F_AD	DES	12573	3	A05	NEFL	13227	3AT	1	4	NULL	19838
HsVcPillar2a1	XPKLWH	XPKLWH_sample_01	J_DB	F_AD	DES	12573	3	B05	VIM	69	3AT	1	4	NULL	20986
HsVcPillar2a1	XPKLWH	XPKLWH_sample_01	J_DB	F_AD	DES	12573	3	C05	GOLGA6L9	10460	3AT	1	4	NULL	22034
HsVcPillar2a1	XPKLWH	XPKLWH_sample_01	J_DB	F_AD	DES	12573	3	D05	TFIP11	5894	3AT	1	4	NULL	24655
HsVcPillar2a1	XPKLWH	XPKLWH_sample_01	J_DB	F_AD	DES	12573	3	E05	DES	12573	3AT	1	4	NULL	25409
HsVcPillar2a1	XPKLWH	XPKLWH_sample_01	J_DB	F_AD	DES	12573	3	F05	GFAP	2920	3AT	1	4	NULL	19732
HsVcPillar2a1	XPKLWH	XPKLWH_sample_01	J_DB	F_AD	DES	12573	3	G05	KRT15	4105	3AT	1	4	NULL	29651
HsVcPillar2a1	XPKLWH	XPKLWH_sample_01	J_DB	F_AD	DES	12573	3	H05	PRPH	9926	3AT	1	4	NULL	39358
HsVcPillar2a1	XPKLWH	XPKLWH_sample_01	J_DB	F_AD	DES	12573	3	A06	empty_AD	0	3AT	1	0	NULL	24
HsVcPillar2a1	XPKLWH	XPKLWH_sample_01	J_DB	F_AD	DES	12573	4	B06	NEFL	13227	3AT	1	4	NULL	20749
HsVcPillar2a1	XPKLWH	XPKLWH_sample_01	J_DB	F_AD	DES	12573	4	C06	VIM	69	3AT	1	4	NULL	23201
HsVcPillar2a1	XPKLWH	XPKLWH_sample_01	J_DB	F_AD	DES	12573	4	D06	GOLGA6L9	10460	3AT	1	4	NULL	26277
HsVcPillar2a1	XPKLWH	XPKLWH_sample_01	J_DB	F_AD	DES	12573	4	E06	TFIP11	5894	3AT	1	4	NULL	38027
HsVcPillar2a1	XPKLWH	XPKLWH_sample_01	J_DB	F_AD	DES	12573	4	F06	DES	12573	3AT	1	4	NULL	21795
HsVcPillar2a1	XPKLWH	XPKLWH_sample_01	J_DB	F_AD	DES	12573	4	G06	GFAP	2920	3AT	1	4	NULL	32590
HsVcPillar2a1	XPKLWH	XPKLWH_sample_01	J_DB	F_AD	DES	12573	4	H06	KRT15	4105	3AT	1	4	NULL	28377
HsVcPillar2a1	XPKLWH	XPKLWH_sample_01	J_DB	F_AD	DES	12573	4	A07	PRPH	9926	3AT	1	4	NULL	31324
HsVcPillar2a1	XPKLWH	XPKLWH_sample_01	J_DB	F_AD	DES	12573	4	B07	empty_AD	0	3AT	1	0	NULL	1
HsVcPillar2a1	XPKLWH	XPKLWH_sample_01	J_DB	F_AD	DES	12573	5	C07	NEFL	13227	3AT	1	4	NULL	32299
HsVcPillar2a1	XPKLWH	XPKLWH_sample_01	J_DB	F_AD	DES	12573	5	D07	VIM	69	3AT	1	4	NULL	20588
HsVcPillar2a1	XPKLWH	XPKLWH_sample_01	J_DB	F_AD	DES	12573	5	E07	GOLGA6L9	10460	3AT	1	4	NULL	25365
HsVcPillar2a1	XPKLWH	XPKLWH_sample_01	J_DB	F_AD	DES	12573	5	F07	TFIP11	5894	3AT	1	4	NULL	36724
HsVcPillar2a1	XPKLWH	XPKLWH_sample_01	J_DB	F_AD	DES	12573	5	G07	DES	12573	3AT	1	4	NULL	16855
HsVcPillar2a1	XPKLWH	XPKLWH_sample_01	J_DB	F_AD	DES	12573	5	H07	GFAP	2920	3AT	1	4	NULL	31592
HsVcPillar2a1	XPKLWH	XPKLWH_sample_01	J_DB	F_AD	DES	12573	5	A08	KRT15	4105	3AT	1	4	NULL	27439
HsVcPillar2a1	XPKLWH	XPKLWH_sample_01	J_DB	F_AD	DES	12573	5	B08	PRPH	9926	3AT	1	4	NULL	22885
HsVcPillar2a1	XPKLWH	XPKLWH_sample_01	J_DB	F_AD	DES	12573	5	C08	empty_AD	0	3AT	1	0	NULL	5
HsVcPillar2a1	XPKLWH	XPKLWH_sample_01	J_DB	F_AD	GALT	300	1	D08	NQO1	100010599	3AT	1	0	NULL	0
HsVcPillar2a1	XPKLWH	XPKLWH_sample_01	J_DB	F_AD	GALT	300	1	E08	empty_AD	0	3AT	1	0	NULL	1
HsVcPillar2a1	XPKLWH	XPKLWH_sample_01	J_DB	F_AD	GALT	300	2	F08	NQO1	100010599	3AT	1	0	NULL	0
HsVcPillar2a1	XPKLWH	XPKLWH_sample_01	J_DB	F_AD	GALT	300	2	G08	empty_AD	0	3AT	1	0	NULL	72
HsVcPillar2a1	XPKLWH	XPKLWH_sample_01	J_DB	F_AD	GALT	300	3	H08	NQO1	100010599	3AT	1	0	NULL	0
HsVcPillar2a1	XPKLWH	XPKLWH_sample_01	J_DB	F_AD	GALT	300	3	A09	empty_AD	0	3AT	1	0	NULL	0
HsVcPillar2a1	XPKLWH	XPKLWH_sample_01	J_DB	F_AD	GALT	300	4	B09	NQO1	100010599	3AT	1	0	NULL	0
HsVcPillar2a1	XPKLWH	XPKLWH_sample_01	J_DB	F_AD	GALT	300	4	C09	empty_AD	0	3AT	1	0	NULL	0
HsVcPillar2a1	XPKLWH	XPKLWH_sample_01	J_DB	F_AD	GALT	300	5	D09	NQO1	100010599	3AT	1	0	NULL	0
HsVcPillar2a1	XPKLWH	XPKLWH_sample_01	J_DB	F_AD	GALT	300	5	E09	empty_AD	0	3AT	1	0	NULL	2
HsVcPillar2a1	XPKLWH	XPKLWH_sample_01	J_DB	F_AD	GALT	300	6	F09	NQO1	100010599	3AT	1	0	NULL	0
HsVcPillar2a1	XPKLWH	XPKLWH_sample_01	J_DB	F_AD	GALT	300	6	G09	empty_AD	0	3AT	1	0	NULL	0
HsVcPillar2a1	XPKLWH	XPKLWH_sample_01	J_DB	F_AD	GALT	300	7	H09	NQO1	100010599	3AT	1	0	NULL	0
HsVcPillar2a1	XPKLWH	XPKLWH_sample_01	J_DB	F_AD	GALT	300	7	A10	empty_AD	0	3AT	1	0	NULL	0
HsVcPillar2a1	XPKLWH	XPKLWH_sample_01	J_DB	F_AD	GCK	3689	1	B10	SPDYE4	70835	3AT	1	4	NULL	34376
HsVcPillar2a1	XPKLWH	XPKLWH_sample_01	J_DB	F_AD	GCK	3689	1	C10	empty_AD	0	3AT	1	0	NULL	0
HsVcPillar2a1	XPKLWH	XPKLWH_sample_01	J_DB	F_AD	GCK	3689	2	D10	SPDYE4	70835	3AT	1	4	NULL	28786
HsVcPillar2a1	XPKLWH	XPKLWH_sample_01	J_DB	F_AD	GCK	3689	2	E10	empty_AD	0	3AT	1	0	NULL	0
HsVcPillar2a1	XPKLWH	XPKLWH_sample_01	J_DB	F_AD	HMBS	2803	1	F10	PICK1	100000407	3AT	1	4	NULL	78021
HsVcPillar2a1	XPKLWH	XPKLWH_sample_01	J_DB	F_AD	HMBS	2803	1	G10	empty_AD	0	3AT	1	0	NULL	0
HsVcPillar2a1	XPKLWH	XPKLWH_sample_01	J_DB	F_AD	HMBS	2803	2	H10	PICK1	100000407	3AT	1	4	NULL	63431
HsVcPillar2a1	XPKLWH	XPKLWH_sample_01	J_DB	F_AD	HMBS	2803	2	A11	empty_AD	0	3AT	1	0	NULL	0
HsVcPillar2a1	XPKLWH	XPKLWH_sample_01	J_DB	F_AD	ITGB2	4765	1	B11	APOL2	4309	3AT	1	3	NULL	12
HsVcPillar2a1	XPKLWH	XPKLWH_sample_01	J_DB	F_AD	ITGB2	4765	1	C11	CYSRT1	13662	3AT	1	0	NULL	0
HsVcPillar2a1	XPKLWH	XPKLWH_sample_01	J_DB	F_AD	ITGB2	4765	1	D11	NOTCH2NL	55237	3AT	1	0	NULL	0
HsVcPillar2a1	XPKLWH	XPKLWH_sample_01	J_DB	F_AD	ITGB2	4765	1	E11	KRTAP10-8	56717	3AT	1	0	NULL	0
HsVcPillar2a1	XPKLWH	XPKLWH_sample_01	J_DB	F_AD	ITGB2	4765	1	F11	empty_AD	0	3AT	1	0	NULL	0
HsVcPillar2a1	XPKLWH	XPKLWH_sample_01	J_DB	F_AD	ITGB2	4765	2	G11	APOL2	4309	3AT	1	3	NULL	4
HsVcPillar2a1	XPKLWH	XPKLWH_sample_01	J_DB	F_AD	ITGB2	4765	2	H11	CYSRT1	13662	3AT	1	0	NULL	0
HsVcPillar2a1	XPKLWH	XPKLWH_sample_01	J_DB	F_AD	ITGB2	4765	2	A12	NOTCH2NL	55237	3AT	1	0	NULL	0
HsVcPillar2a1	XPKLWH	XPKLWH_sample_01	J_DB	F_AD	ITGB2	4765	2	B12	KRTAP10-8	56717	3AT	1	0	NULL	0
HsVcPillar2a1	XPKLWH	XPKLWH_sample_01	J_DB	F_AD	ITGB2	4765	2	C12	empty_AD	0	3AT	1	0	NULL	0
HsVcPillar2a1	XPKLWH	XPKLWH_sample_01	J_DB	F_AD	ITGB2	4765	3	D12	APOL2	4309	3AT	1	0	NULL	0
HsVcPillar2a1	XPKLWH	XPKLWH_sample_01	J_DB	F_AD	ITGB2	4765	3	E12	CYSRT1	13662	3AT	1	0	NULL	0
HsVcPillar2a1	XPKLWH	XPKLWH_sample_01	J_DB	F_AD	ITGB2	4765	3	F12	NOTCH2NL	55237	3AT	1	0	NULL	0
HsVcPillar2a1	XPKLWH	XPKLWH_sample_01	N_DB	O_AD	ITGB2	4765	3	A01	KRTAP10-8	56717	LW	1	4	NULL	38
HsVcPillar2a1	XPKLWH	XPKLWH_sample_01	K_DB	E_AD	ACTG1	3123	1	A01	ACTB	955	LW	1	4	NULL	11808
HsVcPillar2a1	XPKLWH	XPKLWH_sample_01	N_DB	O_AD	ITGB2	4765	3	B01	empty_AD	0	LW	1	4	NULL	3554
HsVcPillar2a1	XPKLWH	XPKLWH_sample_01	K_DB	E_AD	ACTG1	3123	1	B01	CFL2	6329	LW	1	4	NULL	35196
HsVcPillar2a1	XPKLWH	XPKLWH_sample_01	K_DB	E_AD	ACTG1	3123	1	C01	CFL1	371	LW	1	4	NULL	31758
HsVcPillar2a1	XPKLWH	XPKLWH_sample_01	N_DB	O_AD	KCNJ2	100016069	1	C01	KCNJ2	100016069	LW	1	4	NULL	28003
HsVcPillar2a1	XPKLWH	XPKLWH_sample_01	N_DB	O_AD	KCNJ2	100016069	1	D01	empty_AD	0	LW	1	4	NULL	21213
HsVcPillar2a1	XPKLWH	XPKLWH_sample_01	K_DB	E_AD	ACTG1	3123	1	D01	CAP2	5807	LW	1	4	NULL	41358
HsVcPillar2a1	XPKLWH	XPKLWH_sample_01	K_DB	E_AD	ACTG1	3123	1	E01	empty_AD	0	LW	1	4	NULL	44285
HsVcPillar2a1	XPKLWH	XPKLWH_sample_01	N_DB	O_AD	KCNJ2	100016069	2	E01	KCNJ2	100016069	LW	1	4	NULL	28932
HsVcPillar2a1	XPKLWH	XPKLWH_sample_01	K_DB	E_AD	ACTG1	3123	2	F01	ACTB	955	LW	1	4	NULL	31811
HsVcPillar2a1	XPKLWH	XPKLWH_sample_01	N_DB	O_AD	KCNJ2	100016069	2	F01	empty_AD	0	LW	1	4	NULL	28108
HsVcPillar2a1	XPKLWH	XPKLWH_sample_01	K_DB	E_AD	ACTG1	3123	2	G01	CFL2	6329	LW	1	4	NULL	36189
HsVcPillar2a1	XPKLWH	XPKLWH_sample_01	N_DB	O_AD	KCNJ2	100016069	3	G01	KCNJ2	100016069	LW	1	4	NULL	32553
HsVcPillar2a1	XPKLWH	XPKLWH_sample_01	K_DB	E_AD	ACTG1	3123	2	H01	CFL1	371	LW	1	4	NULL	486
HsVcPillar2a1	XPKLWH	XPKLWH_sample_01	N_DB	O_AD	KCNJ2	100016069	3	H01	empty_AD	0	LW	1	4	NULL	21704
HsVcPillar2a1	XPKLWH	XPKLWH_sample_01	K_DB	E_AD	ACTG1	3123	2	A02	CAP2	5807	LW	1	4	NULL	33779
HsVcPillar2a1	XPKLWH	XPKLWH_sample_01	N_DB	O_AD	MSH2	7918	1	A02	APPBP2	820	LW	1	4	NULL	7555
HsVcPillar2a1	XPKLWH	XPKLWH_sample_01	K_DB	E_AD	ACTG1	3123	2	B02	empty_AD	0	LW	1	4	NULL	34242
HsVcPillar2a1	XPKLWH	XPKLWH_sample_01	N_DB	O_AD	MSH2	7918	1	B02	empty_AD	0	LW	1	4	NULL	8190
HsVcPillar2a1	XPKLWH	XPKLWH_sample_01	N_DB	O_AD	MSH2	7918	2	C02	APPBP2	820	LW	1	4	NULL	2973
HsVcPillar2a1	XPKLWH	XPKLWH_sample_01	K_DB	E_AD	CTCF	6173	1	C02	TRAF2	9637	LW	1	4	NULL	8551
HsVcPillar2a1	XPKLWH	XPKLWH_sample_01	N_DB	O_AD	MSH2	7918	2	D02	empty_AD	0	LW	1	4	NULL	2675
HsVcPillar2a1	XPKLWH	XPKLWH_sample_01	K_DB	E_AD	CTCF	6173	1	D02	empty_AD	0	LW	1	4	NULL	9232
HsVcPillar2a1	XPKLWH	XPKLWH_sample_01	N_DB	O_AD	MSH2	7918	3	E02	APPBP2	820	LW	1	4	NULL	4671
HsVcPillar2a1	XPKLWH	XPKLWH_sample_01	K_DB	E_AD	CTCF	6173	2	E02	TRAF2	9637	LW	1	4	NULL	10279
HsVcPillar2a1	XPKLWH	XPKLWH_sample_01	N_DB	O_AD	MSH2	7918	3	F02	empty_AD	0	LW	1	4	NULL	6962
HsVcPillar2a1	XPKLWH	XPKLWH_sample_01	K_DB	E_AD	CTCF	6173	2	F02	empty_AD	0	LW	1	4	NULL	11392
HsVcPillar2a1	XPKLWH	XPKLWH_sample_01	N_DB	O_AD	PRF1	12025	1	G02	CYSRT1	13662	LW	1	4	NULL	8009
HsVcPillar2a1	XPKLWH	XPKLWH_sample_01	K_DB	E_AD	DES	12573	1	G02	NEFL	13227	LW	1	4	NULL	29086
HsVcPillar2a1	XPKLWH	XPKLWH_sample_01	N_DB	O_AD	PRF1	12025	1	H02	empty_AD	0	LW	1	4	NULL	6413
HsVcPillar2a1	XPKLWH	XPKLWH_sample_01	K_DB	E_AD	DES	12573	1	H02	VIM	69	LW	1	4	NULL	12851
HsVcPillar2a1	XPKLWH	XPKLWH_sample_01	N_DB	O_AD	PRF1	12025	2	A03	CYSRT1	13662	LW	1	4	NULL	18145
HsVcPillar2a1	XPKLWH	XPKLWH_sample_01	K_DB	E_AD	DES	12573	1	A03	GOLGA6L9	10460	LW	1	4	NULL	22185
HsVcPillar2a1	XPKLWH	XPKLWH_sample_01	K_DB	E_AD	DES	12573	1	B03	TFIP11	5894	LW	1	4	NULL	24298
HsVcPillar2a1	XPKLWH	XPKLWH_sample_01	N_DB	O_AD	PRF1	12025	2	B03	empty_AD	0	LW	1	4	NULL	18050
HsVcPillar2a1	XPKLWH	XPKLWH_sample_01	K_DB	E_AD	DES	12573	1	C03	DES	12573	LW	1	4	NULL	21164
HsVcPillar2a1	XPKLWH	XPKLWH_sample_01	N_DB	O_AD	VHL	13320	1	C03	HSF2BP	100070143	LW	1	4	NULL	78777
HsVcPillar2a1	XPKLWH	XPKLWH_sample_01	K_DB	E_AD	DES	12573	1	D03	GFAP	2920	LW	1	4	NULL	23079
HsVcPillar2a1	XPKLWH	XPKLWH_sample_01	N_DB	O_AD	VHL	13320	1	D03	empty_AD	0	LW	1	4	NULL	79527
HsVcPillar2a1	XPKLWH	XPKLWH_sample_01	N_DB	O_AD	VHL	13320	2	E03	HSF2BP	100070143	LW	1	4	NULL	88507
HsVcPillar2a1	XPKLWH	XPKLWH_sample_01	K_DB	E_AD	DES	12573	1	E03	KRT15	4105	LW	1	4	NULL	33584
HsVcPillar2a1	XPKLWH	XPKLWH_sample_01	N_DB	O_AD	VHL	13320	2	F03	empty_AD	0	LW	1	4	NULL	100482
HsVcPillar2a1	XPKLWH	XPKLWH_sample_01	K_DB	E_AD	DES	12573	1	F03	PRPH	9926	LW	1	4	NULL	29669
HsVcPillar2a1	XPKLWH	XPKLWH_sample_01	K_DB	E_AD	DES	12573	1	G03	empty_AD	0	LW	1	4	NULL	33659
HsVcPillar2a1	XPKLWH	XPKLWH_sample_01	K_DB	E_AD	DES	12573	2	H03	NEFL	13227	LW	1	4	NULL	20979
HsVcPillar2a1	XPKLWH	XPKLWH_sample_01	K_DB	E_AD	DES	12573	2	A04	VIM	69	LW	1	4	NULL	34297
HsVcPillar2a1	XPKLWH	XPKLWH_sample_01	K_DB	E_AD	DES	12573	2	B04	GOLGA6L9	10460	LW	1	4	NULL	24412
HsVcPillar2a1	XPKLWH	XPKLWH_sample_01	K_DB	E_AD	DES	12573	2	C04	TFIP11	5894	LW	1	4	NULL	29509
HsVcPillar2a1	XPKLWH	XPKLWH_sample_01	K_DB	E_AD	DES	12573	2	D04	DES	12573	LW	1	4	NULL	24374
HsVcPillar2a1	XPKLWH	XPKLWH_sample_01	K_DB	E_AD	DES	12573	2	E04	GFAP	2920	LW	1	4	NULL	28234
HsVcPillar2a1	XPKLWH	XPKLWH_sample_01	K_DB	E_AD	DES	12573	2	F04	KRT15	4105	LW	1	4	NULL	21008
HsVcPillar2a1	XPKLWH	XPKLWH_sample_01	K_DB	E_AD	DES	12573	2	G04	PRPH	9926	LW	1	4	NULL	25919
HsVcPillar2a1	XPKLWH	XPKLWH_sample_01	K_DB	E_AD	DES	12573	2	H04	empty_AD	0	LW	1	4	NULL	22498
HsVcPillar2a1	XPKLWH	XPKLWH_sample_01	K_DB	E_AD	DES	12573	3	A05	NEFL	13227	LW	1	4	NULL	30096
HsVcPillar2a1	XPKLWH	XPKLWH_sample_01	K_DB	E_AD	DES	12573	3	B05	VIM	69	LW	1	4	NULL	27979
HsVcPillar2a1	XPKLWH	XPKLWH_sample_01	K_DB	E_AD	DES	12573	3	C05	GOLGA6L9	10460	LW	1	4	NULL	27581
HsVcPillar2a1	XPKLWH	XPKLWH_sample_01	K_DB	E_AD	DES	12573	3	D05	TFIP11	5894	LW	1	4	NULL	19288
HsVcPillar2a1	XPKLWH	XPKLWH_sample_01	K_DB	E_AD	DES	12573	3	E05	DES	12573	LW	1	4	NULL	25845
HsVcPillar2a1	XPKLWH	XPKLWH_sample_01	K_DB	E_AD	DES	12573	3	F05	GFAP	2920	LW	1	4	NULL	29449
HsVcPillar2a1	XPKLWH	XPKLWH_sample_01	K_DB	E_AD	DES	12573	3	G05	KRT15	4105	LW	1	4	NULL	21878
HsVcPillar2a1	XPKLWH	XPKLWH_sample_01	K_DB	E_AD	DES	12573	3	H05	PRPH	9926	LW	1	4	NULL	25399
HsVcPillar2a1	XPKLWH	XPKLWH_sample_01	K_DB	E_AD	DES	12573	3	A06	empty_AD	0	LW	1	4	NULL	33111
HsVcPillar2a1	XPKLWH	XPKLWH_sample_01	K_DB	E_AD	DES	12573	4	B06	NEFL	13227	LW	1	4	NULL	22496
HsVcPillar2a1	XPKLWH	XPKLWH_sample_01	K_DB	E_AD	DES	12573	4	C06	VIM	69	LW	1	4	NULL	28344
HsVcPillar2a1	XPKLWH	XPKLWH_sample_01	K_DB	E_AD	DES	12573	4	D06	GOLGA6L9	10460	LW	1	4	NULL	26134
HsVcPillar2a1	XPKLWH	XPKLWH_sample_01	K_DB	E_AD	DES	12573	4	E06	TFIP11	5894	LW	1	4	NULL	26612
HsVcPillar2a1	XPKLWH	XPKLWH_sample_01	K_DB	E_AD	DES	12573	4	F06	DES	12573	LW	1	4	NULL	28776
HsVcPillar2a1	XPKLWH	XPKLWH_sample_01	K_DB	E_AD	DES	12573	4	G06	GFAP	2920	LW	1	4	NULL	32724
HsVcPillar2a1	XPKLWH	XPKLWH_sample_01	K_DB	E_AD	DES	12573	4	H06	KRT15	4105	LW	1	4	NULL	23716
HsVcPillar2a1	XPKLWH	XPKLWH_sample_01	K_DB	E_AD	DES	12573	4	A07	PRPH	9926	LW	1	4	NULL	26335
HsVcPillar2a1	XPKLWH	XPKLWH_sample_01	K_DB	E_AD	DES	12573	4	B07	empty_AD	0	LW	1	4	NULL	24486
HsVcPillar2a1	XPKLWH	XPKLWH_sample_01	K_DB	E_AD	DES	12573	5	C07	NEFL	13227	LW	1	4	NULL	28650
HsVcPillar2a1	XPKLWH	XPKLWH_sample_01	K_DB	E_AD	DES	12573	5	D07	VIM	69	LW	1	4	NULL	25879
HsVcPillar2a1	XPKLWH	XPKLWH_sample_01	K_DB	E_AD	DES	12573	5	E07	GOLGA6L9	10460	LW	1	4	NULL	31372
HsVcPillar2a1	XPKLWH	XPKLWH_sample_01	K_DB	E_AD	DES	12573	5	F07	TFIP11	5894	LW	1	4	NULL	22784
HsVcPillar2a1	XPKLWH	XPKLWH_sample_01	K_DB	E_AD	DES	12573	5	G07	DES	12573	LW	1	4	NULL	32073
HsVcPillar2a1	XPKLWH	XPKLWH_sample_01	K_DB	E_AD	DES	12573	5	H07	GFAP	2920	LW	1	4	NULL	28574
HsVcPillar2a1	XPKLWH	XPKLWH_sample_01	K_DB	E_AD	DES	12573	5	A08	KRT15	4105	LW	1	4	NULL	532
HsVcPillar2a1	XPKLWH	XPKLWH_sample_01	K_DB	E_AD	DES	12573	5	B08	PRPH	9926	LW	1	4	NULL	24142
HsVcPillar2a1	XPKLWH	XPKLWH_sample_01	K_DB	E_AD	DES	12573	5	C08	empty_AD	0	LW	1	4	NULL	24439
HsVcPillar2a1	XPKLWH	XPKLWH_sample_01	K_DB	E_AD	GALT	300	1	D08	NQO1	100010599	LW	1	4	NULL	29024
HsVcPillar2a1	XPKLWH	XPKLWH_sample_01	K_DB	E_AD	GALT	300	1	E08	empty_AD	0	LW	1	4	NULL	27034
HsVcPillar2a1	XPKLWH	XPKLWH_sample_01	K_DB	E_AD	GALT	300	2	F08	NQO1	100010599	LW	1	4	NULL	29964
HsVcPillar2a1	XPKLWH	XPKLWH_sample_01	K_DB	E_AD	GALT	300	2	G08	empty_AD	0	LW	1	4	NULL	41819
HsVcPillar2a1	XPKLWH	XPKLWH_sample_01	K_DB	E_AD	GALT	300	3	H08	NQO1	100010599	LW	1	4	NULL	32326
HsVcPillar2a1	XPKLWH	XPKLWH_sample_01	K_DB	E_AD	GALT	300	3	A09	empty_AD	0	LW	1	4	NULL	32920
HsVcPillar2a1	XPKLWH	XPKLWH_sample_01	K_DB	E_AD	GALT	300	4	B09	NQO1	100010599	LW	1	4	NULL	25702
HsVcPillar2a1	XPKLWH	XPKLWH_sample_01	K_DB	E_AD	GALT	300	4	C09	empty_AD	0	LW	1	4	NULL	30128
HsVcPillar2a1	XPKLWH	XPKLWH_sample_01	K_DB	E_AD	GALT	300	5	D09	NQO1	100010599	LW	1	4	NULL	35830
HsVcPillar2a1	XPKLWH	XPKLWH_sample_01	K_DB	E_AD	GALT	300	5	E09	empty_AD	0	LW	1	4	NULL	41620
HsVcPillar2a1	XPKLWH	XPKLWH_sample_01	K_DB	E_AD	GALT	300	6	F09	NQO1	100010599	LW	1	4	NULL	25868
HsVcPillar2a1	XPKLWH	XPKLWH_sample_01	K_DB	E_AD	GALT	300	6	G09	empty_AD	0	LW	1	4	NULL	34728
HsVcPillar2a1	XPKLWH	XPKLWH_sample_01	K_DB	E_AD	GALT	300	7	H09	NQO1	100010599	LW	1	4	NULL	41270
HsVcPillar2a1	XPKLWH	XPKLWH_sample_01	K_DB	E_AD	GALT	300	7	A10	empty_AD	0	LW	1	4	NULL	43024
HsVcPillar2a1	XPKLWH	XPKLWH_sample_01	K_DB	E_AD	GCK	3689	1	B10	SPDYE4	70835	LW	1	4	NULL	24938
HsVcPillar2a1	XPKLWH	XPKLWH_sample_01	K_DB	E_AD	GCK	3689	1	C10	empty_AD	0	LW	1	4	NULL	28821
HsVcPillar2a1	XPKLWH	XPKLWH_sample_01	K_DB	E_AD	GCK	3689	2	D10	SPDYE4	70835	LW	1	4	NULL	23948
HsVcPillar2a1	XPKLWH	XPKLWH_sample_01	K_DB	E_AD	GCK	3689	2	E10	empty_AD	0	LW	1	4	NULL	29199
HsVcPillar2a1	XPKLWH	XPKLWH_sample_01	K_DB	E_AD	HMBS	2803	1	F10	PICK1	100000407	LW	1	4	NULL	39948
HsVcPillar2a1	XPKLWH	XPKLWH_sample_01	K_DB	E_AD	HMBS	2803	1	G10	empty_AD	0	LW	1	4	NULL	32839
HsVcPillar2a1	XPKLWH	XPKLWH_sample_01	K_DB	E_AD	HMBS	2803	2	H10	PICK1	100000407	LW	1	4	NULL	30700
HsVcPillar2a1	XPKLWH	XPKLWH_sample_01	K_DB	E_AD	HMBS	2803	2	A11	empty_AD	0	LW	1	4	NULL	47157
HsVcPillar2a1	XPKLWH	XPKLWH_sample_01	K_DB	E_AD	ITGB2	4765	1	B11	APOL2	4309	LW	1	4	NULL	4586
HsVcPillar2a1	XPKLWH	XPKLWH_sample_01	K_DB	E_AD	ITGB2	4765	1	C11	CYSRT1	13662	LW	1	4	NULL	4566
HsVcPillar2a1	XPKLWH	XPKLWH_sample_01	K_DB	E_AD	ITGB2	4765	1	D11	NOTCH2NL	55237	LW	1	4	NULL	4203
HsVcPillar2a1	XPKLWH	XPKLWH_sample_01	K_DB	E_AD	ITGB2	4765	1	E11	KRTAP10-8	56717	LW	1	4	NULL	2895
HsVcPillar2a1	XPKLWH	XPKLWH_sample_01	K_DB	E_AD	ITGB2	4765	1	F11	empty_AD	0	LW	1	4	NULL	4631
HsVcPillar2a1	XPKLWH	XPKLWH_sample_01	K_DB	E_AD	ITGB2	4765	2	G11	APOL2	4309	LW	1	4	NULL	1225
HsVcPillar2a1	XPKLWH	XPKLWH_sample_01	K_DB	E_AD	ITGB2	4765	2	H11	CYSRT1	13662	LW	1	4	NULL	1182
HsVcPillar2a1	XPKLWH	XPKLWH_sample_01	K_DB	E_AD	ITGB2	4765	2	A12	NOTCH2NL	55237	LW	1	4	NULL	2209
HsVcPillar2a1	XPKLWH	XPKLWH_sample_01	K_DB	E_AD	ITGB2	4765	2	B12	KRTAP10-8	56717	LW	1	4	NULL	1
HsVcPillar2a1	XPKLWH	XPKLWH_sample_01	K_DB	E_AD	ITGB2	4765	2	C12	empty_AD	0	LW	1	4	NULL	1716
HsVcPillar2a1	XPKLWH	XPKLWH_sample_01	K_DB	E_AD	ITGB2	4765	3	D12	APOL2	4309	LW	1	4	NULL	3944
HsVcPillar2a1	XPKLWH	XPKLWH_sample_01	K_DB	E_AD	ITGB2	4765	3	E12	CYSRT1	13662	LW	1	4	NULL	210
HsVcPillar2a1	XPKLWH	XPKLWH_sample_01	K_DB	E_AD	ITGB2	4765	3	F12	NOTCH2NL	55237	LW	1	4	NULL	4782
HsVcPillar2a1	XPKLWH	XPKLWH_sample_02	O_DB	N_AD	ITGB2	4765	3	A01	KRTAP10-8	56717	3AT	2	0	NULL	0
HsVcPillar2a1	XPKLWH	XPKLWH_sample_02	C_DB	D_AD	ACTG1	3123	1	A01	ACTB	955	3AT	2	4	NULL	46133
HsVcPillar2a1	XPKLWH	XPKLWH_sample_02	C_DB	D_AD	ACTG1	3123	1	B01	CFL2	6329	3AT	2	3	NULL	57849
HsVcPillar2a1	XPKLWH	XPKLWH_sample_02	O_DB	N_AD	ITGB2	4765	3	B01	empty_AD	0	3AT	2	0	NULL	0
HsVcPillar2a1	XPKLWH	XPKLWH_sample_02	O_DB	N_AD	KCNJ2	100016069	1	C01	KCNJ2	100016069	3AT	2	4	NULL	46310
HsVcPillar2a1	XPKLWH	XPKLWH_sample_02	C_DB	D_AD	ACTG1	3123	1	C01	CFL1	371	3AT	2	0	NULL	0
HsVcPillar2a1	XPKLWH	XPKLWH_sample_02	C_DB	D_AD	ACTG1	3123	1	D01	CAP2	5807	3AT	2	3	NULL	67581
HsVcPillar2a1	XPKLWH	XPKLWH_sample_02	O_DB	N_AD	KCNJ2	100016069	1	D01	empty_AD	0	3AT	2	0	NULL	2
HsVcPillar2a1	XPKLWH	XPKLWH_sample_02	O_DB	N_AD	KCNJ2	100016069	2	E01	KCNJ2	100016069	3AT	2	4	NULL	46548
HsVcPillar2a1	XPKLWH	XPKLWH_sample_02	C_DB	D_AD	ACTG1	3123	1	E01	empty_AD	0	3AT	2	0	NULL	0
HsVcPillar2a1	XPKLWH	XPKLWH_sample_02	O_DB	N_AD	KCNJ2	100016069	2	F01	empty_AD	0	3AT	2	0	NULL	4
HsVcPillar2a1	XPKLWH	XPKLWH_sample_02	C_DB	D_AD	ACTG1	3123	2	F01	ACTB	955	3AT	2	4	NULL	58600
HsVcPillar2a1	XPKLWH	XPKLWH_sample_02	C_DB	D_AD	ACTG1	3123	2	G01	CFL2	6329	3AT	2	3	NULL	23575
HsVcPillar2a1	XPKLWH	XPKLWH_sample_02	O_DB	N_AD	KCNJ2	100016069	3	G01	KCNJ2	100016069	3AT	2	4	NULL	45204
HsVcPillar2a1	XPKLWH	XPKLWH_sample_02	C_DB	D_AD	ACTG1	3123	2	H01	CFL1	371	3AT	2	0	NULL	0
HsVcPillar2a1	XPKLWH	XPKLWH_sample_02	O_DB	N_AD	KCNJ2	100016069	3	H01	empty_AD	0	3AT	2	0	NULL	0
HsVcPillar2a1	XPKLWH	XPKLWH_sample_02	C_DB	D_AD	ACTG1	3123	2	A02	CAP2	5807	3AT	2	3	NULL	36789
HsVcPillar2a1	XPKLWH	XPKLWH_sample_02	O_DB	N_AD	MSH2	7918	1	A02	APPBP2	820	3AT	2	0	NULL	0
HsVcPillar2a1	XPKLWH	XPKLWH_sample_02	C_DB	D_AD	ACTG1	3123	2	B02	empty_AD	0	3AT	2	0	NULL	0
HsVcPillar2a1	XPKLWH	XPKLWH_sample_02	O_DB	N_AD	MSH2	7918	1	B02	empty_AD	0	3AT	2	0	NULL	1
HsVcPillar2a1	XPKLWH	XPKLWH_sample_02	O_DB	N_AD	MSH2	7918	2	C02	APPBP2	820	3AT	2	0	NULL	0
HsVcPillar2a1	XPKLWH	XPKLWH_sample_02	C_DB	D_AD	CTCF	6173	1	C02	TRAF2	9637	3AT	2	4	NULL	2385
HsVcPillar2a1	XPKLWH	XPKLWH_sample_02	O_DB	N_AD	MSH2	7918	2	D02	empty_AD	0	3AT	2	0	NULL	0
HsVcPillar2a1	XPKLWH	XPKLWH_sample_02	C_DB	D_AD	CTCF	6173	1	D02	empty_AD	0	3AT	2	2	NULL	12276
HsVcPillar2a1	XPKLWH	XPKLWH_sample_02	O_DB	N_AD	MSH2	7918	3	E02	APPBP2	820	3AT	2	0	NULL	0
HsVcPillar2a1	XPKLWH	XPKLWH_sample_02	C_DB	D_AD	CTCF	6173	2	E02	TRAF2	9637	3AT	2	4	NULL	23770
HsVcPillar2a1	XPKLWH	XPKLWH_sample_02	O_DB	N_AD	MSH2	7918	3	F02	empty_AD	0	3AT	2	0	NULL	2
HsVcPillar2a1	XPKLWH	XPKLWH_sample_02	C_DB	D_AD	CTCF	6173	2	F02	empty_AD	0	3AT	2	0	NULL	0
HsVcPillar2a1	XPKLWH	XPKLWH_sample_02	C_DB	D_AD	DES	12573	1	G02	NEFL	13227	3AT	2	4	NULL	40539
HsVcPillar2a1	XPKLWH	XPKLWH_sample_02	O_DB	N_AD	PRF1	12025	1	G02	CYSRT1	13662	3AT	2	2	NULL	27
HsVcPillar2a1	XPKLWH	XPKLWH_sample_02	O_DB	N_AD	PRF1	12025	1	H02	empty_AD	0	3AT	2	0	NULL	0
HsVcPillar2a1	XPKLWH	XPKLWH_sample_02	C_DB	D_AD	DES	12573	1	H02	VIM	69	3AT	2	4	NULL	24133
HsVcPillar2a1	XPKLWH	XPKLWH_sample_02	C_DB	D_AD	DES	12573	1	A03	GOLGA6L9	10460	3AT	2	4	NULL	35887
HsVcPillar2a1	XPKLWH	XPKLWH_sample_02	O_DB	N_AD	PRF1	12025	2	A03	CYSRT1	13662	3AT	2	0	NULL	0
HsVcPillar2a1	XPKLWH	XPKLWH_sample_02	O_DB	N_AD	PRF1	12025	2	B03	empty_AD	0	3AT	2	0	NULL	0
HsVcPillar2a1	XPKLWH	XPKLWH_sample_02	C_DB	D_AD	DES	12573	1	B03	TFIP11	5894	3AT	2	4	NULL	30833
HsVcPillar2a1	XPKLWH	XPKLWH_sample_02	O_DB	N_AD	VHL	13320	1	C03	HSF2BP	100070143	3AT	2	4	NULL	225111
HsVcPillar2a1	XPKLWH	XPKLWH_sample_02	C_DB	D_AD	DES	12573	1	C03	DES	12573	3AT	2	4	NULL	25676
HsVcPillar2a1	XPKLWH	XPKLWH_sample_02	O_DB	N_AD	VHL	13320	1	D03	empty_AD	0	3AT	2	0	NULL	0
HsVcPillar2a1	XPKLWH	XPKLWH_sample_02	C_DB	D_AD	DES	12573	1	D03	GFAP	2920	3AT	2	4	NULL	40219
HsVcPillar2a1	XPKLWH	XPKLWH_sample_02	O_DB	N_AD	VHL	13320	2	E03	HSF2BP	100070143	3AT	2	4	NULL	161137
HsVcPillar2a1	XPKLWH	XPKLWH_sample_02	C_DB	D_AD	DES	12573	1	E03	KRT15	4105	3AT	2	4	NULL	32431
HsVcPillar2a1	XPKLWH	XPKLWH_sample_02	O_DB	N_AD	VHL	13320	2	F03	empty_AD	0	3AT	2	0	NULL	0
HsVcPillar2a1	XPKLWH	XPKLWH_sample_02	C_DB	D_AD	DES	12573	1	F03	PRPH	9926	3AT	2	4	NULL	30516
HsVcPillar2a1	XPKLWH	XPKLWH_sample_02	C_DB	D_AD	DES	12573	1	G03	empty_AD	0	3AT	2	0	NULL	5
HsVcPillar2a1	XPKLWH	XPKLWH_sample_02	C_DB	D_AD	DES	12573	2	H03	NEFL	13227	3AT	2	4	NULL	18268
HsVcPillar2a1	XPKLWH	XPKLWH_sample_02	C_DB	D_AD	DES	12573	2	A04	VIM	69	3AT	2	4	NULL	35538
HsVcPillar2a1	XPKLWH	XPKLWH_sample_02	C_DB	D_AD	DES	12573	2	B04	GOLGA6L9	10460	3AT	2	4	NULL	48275
HsVcPillar2a1	XPKLWH	XPKLWH_sample_02	C_DB	D_AD	DES	12573	2	C04	TFIP11	5894	3AT	2	4	NULL	37290
HsVcPillar2a1	XPKLWH	XPKLWH_sample_02	C_DB	D_AD	DES	12573	2	D04	DES	12573	3AT	2	4	NULL	31083
HsVcPillar2a1	XPKLWH	XPKLWH_sample_02	C_DB	D_AD	DES	12573	2	E04	GFAP	2920	3AT	2	4	NULL	28674
HsVcPillar2a1	XPKLWH	XPKLWH_sample_02	C_DB	D_AD	DES	12573	2	F04	KRT15	4105	3AT	2	4	NULL	34404
HsVcPillar2a1	XPKLWH	XPKLWH_sample_02	C_DB	D_AD	DES	12573	2	G04	PRPH	9926	3AT	2	4	NULL	34112
HsVcPillar2a1	XPKLWH	XPKLWH_sample_02	C_DB	D_AD	DES	12573	2	H04	empty_AD	0	3AT	2	0	NULL	2
HsVcPillar2a1	XPKLWH	XPKLWH_sample_02	C_DB	D_AD	DES	12573	3	A05	NEFL	13227	3AT	2	4	NULL	17219
HsVcPillar2a1	XPKLWH	XPKLWH_sample_02	C_DB	D_AD	DES	12573	3	B05	VIM	69	3AT	2	4	NULL	28193
HsVcPillar2a1	XPKLWH	XPKLWH_sample_02	C_DB	D_AD	DES	12573	3	C05	GOLGA6L9	10460	3AT	2	4	NULL	28082
HsVcPillar2a1	XPKLWH	XPKLWH_sample_02	C_DB	D_AD	DES	12573	3	D05	TFIP11	5894	3AT	2	4	NULL	37330
HsVcPillar2a1	XPKLWH	XPKLWH_sample_02	C_DB	D_AD	DES	12573	3	E05	DES	12573	3AT	2	4	NULL	42230
HsVcPillar2a1	XPKLWH	XPKLWH_sample_02	C_DB	D_AD	DES	12573	3	F05	GFAP	2920	3AT	2	4	NULL	33501
HsVcPillar2a1	XPKLWH	XPKLWH_sample_02	C_DB	D_AD	DES	12573	3	G05	KRT15	4105	3AT	2	4	NULL	36151
HsVcPillar2a1	XPKLWH	XPKLWH_sample_02	C_DB	D_AD	DES	12573	3	H05	PRPH	9926	3AT	2	4	NULL	36478
HsVcPillar2a1	XPKLWH	XPKLWH_sample_02	C_DB	D_AD	DES	12573	3	A06	empty_AD	0	3AT	2	0	NULL	0
HsVcPillar2a1	XPKLWH	XPKLWH_sample_02	C_DB	D_AD	DES	12573	4	B06	NEFL	13227	3AT	2	4	NULL	7996
HsVcPillar2a1	XPKLWH	XPKLWH_sample_02	C_DB	D_AD	DES	12573	4	C06	VIM	69	3AT	2	4	NULL	34599
HsVcPillar2a1	XPKLWH	XPKLWH_sample_02	C_DB	D_AD	DES	12573	4	D06	GOLGA6L9	10460	3AT	2	4	NULL	47912
HsVcPillar2a1	XPKLWH	XPKLWH_sample_02	C_DB	D_AD	DES	12573	4	E06	TFIP11	5894	3AT	2	4	NULL	32924
HsVcPillar2a1	XPKLWH	XPKLWH_sample_02	C_DB	D_AD	DES	12573	4	F06	DES	12573	3AT	2	4	NULL	37248
HsVcPillar2a1	XPKLWH	XPKLWH_sample_02	C_DB	D_AD	DES	12573	4	G06	GFAP	2920	3AT	2	4	NULL	34289
HsVcPillar2a1	XPKLWH	XPKLWH_sample_02	C_DB	D_AD	DES	12573	4	H06	KRT15	4105	3AT	2	4	NULL	46069
HsVcPillar2a1	XPKLWH	XPKLWH_sample_02	C_DB	D_AD	DES	12573	4	A07	PRPH	9926	3AT	2	4	NULL	36729
HsVcPillar2a1	XPKLWH	XPKLWH_sample_02	C_DB	D_AD	DES	12573	4	B07	empty_AD	0	3AT	2	0	NULL	4
HsVcPillar2a1	XPKLWH	XPKLWH_sample_02	C_DB	D_AD	DES	12573	5	C07	NEFL	13227	3AT	2	4	NULL	50502
HsVcPillar2a1	XPKLWH	XPKLWH_sample_02	C_DB	D_AD	DES	12573	5	D07	VIM	69	3AT	2	4	NULL	44251
HsVcPillar2a1	XPKLWH	XPKLWH_sample_02	C_DB	D_AD	DES	12573	5	E07	GOLGA6L9	10460	3AT	2	4	NULL	55941
HsVcPillar2a1	XPKLWH	XPKLWH_sample_02	C_DB	D_AD	DES	12573	5	F07	TFIP11	5894	3AT	2	4	NULL	43112
HsVcPillar2a1	XPKLWH	XPKLWH_sample_02	C_DB	D_AD	DES	12573	5	G07	DES	12573	3AT	2	4	NULL	35705
HsVcPillar2a1	XPKLWH	XPKLWH_sample_02	C_DB	D_AD	DES	12573	5	H07	GFAP	2920	3AT	2	4	NULL	35480
HsVcPillar2a1	XPKLWH	XPKLWH_sample_02	C_DB	D_AD	DES	12573	5	A08	KRT15	4105	3AT	2	4	NULL	34247
HsVcPillar2a1	XPKLWH	XPKLWH_sample_02	C_DB	D_AD	DES	12573	5	B08	PRPH	9926	3AT	2	4	NULL	28373
HsVcPillar2a1	XPKLWH	XPKLWH_sample_02	C_DB	D_AD	DES	12573	5	C08	empty_AD	0	3AT	2	0	NULL	0
HsVcPillar2a1	XPKLWH	XPKLWH_sample_02	C_DB	D_AD	GALT	300	1	D08	NQO1	100010599	3AT	2	0	NULL	0
HsVcPillar2a1	XPKLWH	XPKLWH_sample_02	C_DB	D_AD	GALT	300	1	E08	empty_AD	0	3AT	2	0	NULL	0
HsVcPillar2a1	XPKLWH	XPKLWH_sample_02	C_DB	D_AD	GALT	300	2	F08	NQO1	100010599	3AT	2	0	NULL	69
HsVcPillar2a1	XPKLWH	XPKLWH_sample_02	C_DB	D_AD	GALT	300	2	G08	empty_AD	0	3AT	2	0	NULL	0
HsVcPillar2a1	XPKLWH	XPKLWH_sample_02	C_DB	D_AD	GALT	300	3	H08	NQO1	100010599	3AT	2	0	NULL	9
HsVcPillar2a1	XPKLWH	XPKLWH_sample_02	C_DB	D_AD	GALT	300	3	A09	empty_AD	0	3AT	2	0	NULL	17
HsVcPillar2a1	XPKLWH	XPKLWH_sample_02	C_DB	D_AD	GALT	300	4	B09	NQO1	100010599	3AT	2	0	NULL	1
HsVcPillar2a1	XPKLWH	XPKLWH_sample_02	C_DB	D_AD	GALT	300	4	C09	empty_AD	0	3AT	2	0	NULL	31
HsVcPillar2a1	XPKLWH	XPKLWH_sample_02	C_DB	D_AD	GALT	300	5	D09	NQO1	100010599	3AT	2	0	NULL	1
HsVcPillar2a1	XPKLWH	XPKLWH_sample_02	C_DB	D_AD	GALT	300	5	E09	empty_AD	0	3AT	2	0	NULL	1
HsVcPillar2a1	XPKLWH	XPKLWH_sample_02	C_DB	D_AD	GALT	300	6	F09	NQO1	100010599	3AT	2	0	NULL	2
HsVcPillar2a1	XPKLWH	XPKLWH_sample_02	C_DB	D_AD	GALT	300	6	G09	empty_AD	0	3AT	2	0	NULL	0
HsVcPillar2a1	XPKLWH	XPKLWH_sample_02	C_DB	D_AD	GALT	300	7	H09	NQO1	100010599	3AT	2	0	NULL	1
HsVcPillar2a1	XPKLWH	XPKLWH_sample_02	C_DB	D_AD	GALT	300	7	A10	empty_AD	0	3AT	2	0	NULL	1
HsVcPillar2a1	XPKLWH	XPKLWH_sample_02	C_DB	D_AD	GCK	3689	1	B10	SPDYE4	70835	3AT	2	4	NULL	51312
HsVcPillar2a1	XPKLWH	XPKLWH_sample_02	C_DB	D_AD	GCK	3689	1	C10	empty_AD	0	3AT	2	0	NULL	3
HsVcPillar2a1	XPKLWH	XPKLWH_sample_02	C_DB	D_AD	GCK	3689	2	D10	SPDYE4	70835	3AT	2	4	NULL	67229
HsVcPillar2a1	XPKLWH	XPKLWH_sample_02	C_DB	D_AD	GCK	3689	2	E10	empty_AD	0	3AT	2	0	NULL	1
HsVcPillar2a1	XPKLWH	XPKLWH_sample_02	C_DB	D_AD	HMBS	2803	1	F10	PICK1	100000407	3AT	2	4	NULL	69748
HsVcPillar2a1	XPKLWH	XPKLWH_sample_02	C_DB	D_AD	HMBS	2803	1	G10	empty_AD	0	3AT	2	0	NULL	4
HsVcPillar2a1	XPKLWH	XPKLWH_sample_02	C_DB	D_AD	HMBS	2803	2	H10	PICK1	100000407	3AT	2	4	NULL	90484
HsVcPillar2a1	XPKLWH	XPKLWH_sample_02	C_DB	D_AD	HMBS	2803	2	A11	empty_AD	0	3AT	2	0	NULL	0
HsVcPillar2a1	XPKLWH	XPKLWH_sample_02	C_DB	D_AD	ITGB2	4765	1	B11	APOL2	4309	3AT	2	3	NULL	56
HsVcPillar2a1	XPKLWH	XPKLWH_sample_02	C_DB	D_AD	ITGB2	4765	1	C11	CYSRT1	13662	3AT	2	0	NULL	0
HsVcPillar2a1	XPKLWH	XPKLWH_sample_02	C_DB	D_AD	ITGB2	4765	1	D11	NOTCH2NL	55237	3AT	2	0	NULL	1
HsVcPillar2a1	XPKLWH	XPKLWH_sample_02	C_DB	D_AD	ITGB2	4765	1	E11	KRTAP10-8	56717	3AT	2	1	NULL	24
HsVcPillar2a1	XPKLWH	XPKLWH_sample_02	C_DB	D_AD	ITGB2	4765	1	F11	empty_AD	0	3AT	2	0	NULL	0
HsVcPillar2a1	XPKLWH	XPKLWH_sample_02	C_DB	D_AD	ITGB2	4765	2	G11	APOL2	4309	3AT	2	3	NULL	42
HsVcPillar2a1	XPKLWH	XPKLWH_sample_02	C_DB	D_AD	ITGB2	4765	2	H11	CYSRT1	13662	3AT	2	0	NULL	0
HsVcPillar2a1	XPKLWH	XPKLWH_sample_02	C_DB	D_AD	ITGB2	4765	2	A12	NOTCH2NL	55237	3AT	2	0	NULL	0
HsVcPillar2a1	XPKLWH	XPKLWH_sample_02	C_DB	D_AD	ITGB2	4765	2	B12	KRTAP10-8	56717	3AT	2	0	NULL	0
HsVcPillar2a1	XPKLWH	XPKLWH_sample_02	C_DB	D_AD	ITGB2	4765	2	C12	empty_AD	0	3AT	2	0	NULL	0
HsVcPillar2a1	XPKLWH	XPKLWH_sample_02	C_DB	D_AD	ITGB2	4765	3	D12	APOL2	4309	3AT	2	0	NULL	0
HsVcPillar2a1	XPKLWH	XPKLWH_sample_02	C_DB	D_AD	ITGB2	4765	3	E12	CYSRT1	13662	3AT	2	0	NULL	0
HsVcPillar2a1	XPKLWH	XPKLWH_sample_02	C_DB	D_AD	ITGB2	4765	3	F12	NOTCH2NL	55237	3AT	2	0	NULL	0
HsVcPillar2a1	XPKLWH	XPKLWH_sample_02	N_DB	O_AD	ACTG1	3123	1	A01	ACTB	955	LW	2	4	NULL	1097
HsVcPillar2a1	XPKLWH	XPKLWH_sample_02	D_DB	P_AD	ITGB2	4765	3	A01	KRTAP10-8	56717	LW	2	4	NULL	419
HsVcPillar2a1	XPKLWH	XPKLWH_sample_02	N_DB	O_AD	ACTG1	3123	1	B01	CFL2	6329	LW	2	4	NULL	25054
HsVcPillar2a1	XPKLWH	XPKLWH_sample_02	D_DB	P_AD	ITGB2	4765	3	B01	empty_AD	0	LW	2	4	NULL	2472
HsVcPillar2a1	XPKLWH	XPKLWH_sample_02	N_DB	O_AD	ACTG1	3123	1	C01	CFL1	371	LW	2	4	NULL	14586
HsVcPillar2a1	XPKLWH	XPKLWH_sample_02	D_DB	P_AD	KCNJ2	100016069	1	C01	KCNJ2	100016069	LW	2	4	NULL	17863
HsVcPillar2a1	XPKLWH	XPKLWH_sample_02	N_DB	O_AD	ACTG1	3123	1	D01	CAP2	5807	LW	2	4	NULL	26198
HsVcPillar2a1	XPKLWH	XPKLWH_sample_02	D_DB	P_AD	KCNJ2	100016069	1	D01	empty_AD	0	LW	2	4	NULL	34910
HsVcPillar2a1	XPKLWH	XPKLWH_sample_02	N_DB	O_AD	ACTG1	3123	1	E01	empty_AD	0	LW	2	4	NULL	24477
HsVcPillar2a1	XPKLWH	XPKLWH_sample_02	D_DB	P_AD	KCNJ2	100016069	2	E01	KCNJ2	100016069	LW	2	4	NULL	42531
HsVcPillar2a1	XPKLWH	XPKLWH_sample_02	D_DB	P_AD	KCNJ2	100016069	2	F01	empty_AD	0	LW	2	4	NULL	36068
HsVcPillar2a1	XPKLWH	XPKLWH_sample_02	N_DB	O_AD	ACTG1	3123	2	F01	ACTB	955	LW	2	4	NULL	17490
HsVcPillar2a1	XPKLWH	XPKLWH_sample_02	D_DB	P_AD	KCNJ2	100016069	3	G01	KCNJ2	100016069	LW	2	4	NULL	42883
HsVcPillar2a1	XPKLWH	XPKLWH_sample_02	N_DB	O_AD	ACTG1	3123	2	G01	CFL2	6329	LW	2	4	NULL	13907
HsVcPillar2a1	XPKLWH	XPKLWH_sample_02	D_DB	P_AD	KCNJ2	100016069	3	H01	empty_AD	0	LW	2	4	NULL	0
HsVcPillar2a1	XPKLWH	XPKLWH_sample_02	N_DB	O_AD	ACTG1	3123	2	H01	CFL1	371	LW	2	4	NULL	17
HsVcPillar2a1	XPKLWH	XPKLWH_sample_02	N_DB	O_AD	ACTG1	3123	2	A02	CAP2	5807	LW	2	4	NULL	28905
HsVcPillar2a1	XPKLWH	XPKLWH_sample_02	D_DB	P_AD	MSH2	7918	1	A02	APPBP2	820	LW	2	4	NULL	1270
HsVcPillar2a1	XPKLWH	XPKLWH_sample_02	N_DB	O_AD	ACTG1	3123	2	B02	empty_AD	0	LW	2	4	NULL	25529
HsVcPillar2a1	XPKLWH	XPKLWH_sample_02	D_DB	P_AD	MSH2	7918	1	B02	empty_AD	0	LW	2	4	NULL	8831
HsVcPillar2a1	XPKLWH	XPKLWH_sample_02	D_DB	P_AD	MSH2	7918	2	C02	APPBP2	820	LW	2	4	NULL	2275
HsVcPillar2a1	XPKLWH	XPKLWH_sample_02	N_DB	O_AD	CTCF	6173	1	C02	TRAF2	9637	LW	2	4	NULL	5763
HsVcPillar2a1	XPKLWH	XPKLWH_sample_02	D_DB	P_AD	MSH2	7918	2	D02	empty_AD	0	LW	2	4	NULL	3150
HsVcPillar2a1	XPKLWH	XPKLWH_sample_02	N_DB	O_AD	CTCF	6173	1	D02	empty_AD	0	LW	2	4	NULL	6724
HsVcPillar2a1	XPKLWH	XPKLWH_sample_02	N_DB	O_AD	CTCF	6173	2	E02	TRAF2	9637	LW	2	4	NULL	2555
HsVcPillar2a1	XPKLWH	XPKLWH_sample_02	D_DB	P_AD	MSH2	7918	3	E02	APPBP2	820	LW	2	4	NULL	6508
HsVcPillar2a1	XPKLWH	XPKLWH_sample_02	N_DB	O_AD	CTCF	6173	2	F02	empty_AD	0	LW	2	4	NULL	8639
HsVcPillar2a1	XPKLWH	XPKLWH_sample_02	D_DB	P_AD	MSH2	7918	3	F02	empty_AD	0	LW	2	4	NULL	7244
HsVcPillar2a1	XPKLWH	XPKLWH_sample_02	D_DB	P_AD	PRF1	12025	1	G02	CYSRT1	13662	LW	2	4	NULL	11395
HsVcPillar2a1	XPKLWH	XPKLWH_sample_02	N_DB	O_AD	DES	12573	1	G02	NEFL	13227	LW	2	4	NULL	11910
HsVcPillar2a1	XPKLWH	XPKLWH_sample_02	D_DB	P_AD	PRF1	12025	1	H02	empty_AD	0	LW	2	4	NULL	8721
HsVcPillar2a1	XPKLWH	XPKLWH_sample_02	N_DB	O_AD	DES	12573	1	H02	VIM	69	LW	2	4	NULL	16623
HsVcPillar2a1	XPKLWH	XPKLWH_sample_02	D_DB	P_AD	PRF1	12025	2	A03	CYSRT1	13662	LW	2	4	NULL	16453
HsVcPillar2a1	XPKLWH	XPKLWH_sample_02	N_DB	O_AD	DES	12573	1	A03	GOLGA6L9	10460	LW	2	4	NULL	21090
HsVcPillar2a1	XPKLWH	XPKLWH_sample_02	N_DB	O_AD	DES	12573	1	B03	TFIP11	5894	LW	2	4	NULL	10179
HsVcPillar2a1	XPKLWH	XPKLWH_sample_02	D_DB	P_AD	PRF1	12025	2	B03	empty_AD	0	LW	2	4	NULL	14924
HsVcPillar2a1	XPKLWH	XPKLWH_sample_02	N_DB	O_AD	DES	12573	1	C03	DES	12573	LW	2	4	NULL	15844
HsVcPillar2a1	XPKLWH	XPKLWH_sample_02	D_DB	P_AD	VHL	13320	1	C03	HSF2BP	100070143	LW	2	4	NULL	81792
HsVcPillar2a1	XPKLWH	XPKLWH_sample_02	N_DB	O_AD	DES	12573	1	D03	GFAP	2920	LW	2	4	NULL	24223
HsVcPillar2a1	XPKLWH	XPKLWH_sample_02	D_DB	P_AD	VHL	13320	1	D03	empty_AD	0	LW	2	4	NULL	86776
HsVcPillar2a1	XPKLWH	XPKLWH_sample_02	N_DB	O_AD	DES	12573	1	E03	KRT15	4105	LW	2	4	NULL	18457
HsVcPillar2a1	XPKLWH	XPKLWH_sample_02	D_DB	P_AD	VHL	13320	2	E03	HSF2BP	100070143	LW	2	4	NULL	53802
HsVcPillar2a1	XPKLWH	XPKLWH_sample_02	D_DB	P_AD	VHL	13320	2	F03	empty_AD	0	LW	2	4	NULL	80542
HsVcPillar2a1	XPKLWH	XPKLWH_sample_02	N_DB	O_AD	DES	12573	1	F03	PRPH	9926	LW	2	4	NULL	22296
HsVcPillar2a1	XPKLWH	XPKLWH_sample_02	N_DB	O_AD	DES	12573	1	G03	empty_AD	0	LW	2	4	NULL	22314
HsVcPillar2a1	XPKLWH	XPKLWH_sample_02	N_DB	O_AD	DES	12573	2	H03	NEFL	13227	LW	2	4	NULL	20981
HsVcPillar2a1	XPKLWH	XPKLWH_sample_02	N_DB	O_AD	DES	12573	2	A04	VIM	69	LW	2	4	NULL	15131
HsVcPillar2a1	XPKLWH	XPKLWH_sample_02	N_DB	O_AD	DES	12573	2	B04	GOLGA6L9	10460	LW	2	4	NULL	14992
HsVcPillar2a1	XPKLWH	XPKLWH_sample_02	N_DB	O_AD	DES	12573	2	C04	TFIP11	5894	LW	2	4	NULL	14625
HsVcPillar2a1	XPKLWH	XPKLWH_sample_02	N_DB	O_AD	DES	12573	2	D04	DES	12573	LW	2	4	NULL	18859
HsVcPillar2a1	XPKLWH	XPKLWH_sample_02	N_DB	O_AD	DES	12573	2	E04	GFAP	2920	LW	2	4	NULL	21562
HsVcPillar2a1	XPKLWH	XPKLWH_sample_02	N_DB	O_AD	DES	12573	2	F04	KRT15	4105	LW	2	4	NULL	19891
HsVcPillar2a1	XPKLWH	XPKLWH_sample_02	N_DB	O_AD	DES	12573	2	G04	PRPH	9926	LW	2	4	NULL	21332
HsVcPillar2a1	XPKLWH	XPKLWH_sample_02	N_DB	O_AD	DES	12573	2	H04	empty_AD	0	LW	2	4	NULL	24441
HsVcPillar2a1	XPKLWH	XPKLWH_sample_02	N_DB	O_AD	DES	12573	3	A05	NEFL	13227	LW	2	4	NULL	23181
HsVcPillar2a1	XPKLWH	XPKLWH_sample_02	N_DB	O_AD	DES	12573	3	B05	VIM	69	LW	2	4	NULL	19426
HsVcPillar2a1	XPKLWH	XPKLWH_sample_02	N_DB	O_AD	DES	12573	3	C05	GOLGA6L9	10460	LW	2	4	NULL	15422
HsVcPillar2a1	XPKLWH	XPKLWH_sample_02	N_DB	O_AD	DES	12573	3	D05	TFIP11	5894	LW	2	4	NULL	16050
HsVcPillar2a1	XPKLWH	XPKLWH_sample_02	N_DB	O_AD	DES	12573	3	E05	DES	12573	LW	2	4	NULL	20828
HsVcPillar2a1	XPKLWH	XPKLWH_sample_02	N_DB	O_AD	DES	12573	3	F05	GFAP	2920	LW	2	4	NULL	24584
HsVcPillar2a1	XPKLWH	XPKLWH_sample_02	N_DB	O_AD	DES	12573	3	G05	KRT15	4105	LW	2	4	NULL	23645
HsVcPillar2a1	XPKLWH	XPKLWH_sample_02	N_DB	O_AD	DES	12573	3	H05	PRPH	9926	LW	2	4	NULL	21624
HsVcPillar2a1	XPKLWH	XPKLWH_sample_02	N_DB	O_AD	DES	12573	3	A06	empty_AD	0	LW	2	4	NULL	17213
HsVcPillar2a1	XPKLWH	XPKLWH_sample_02	N_DB	O_AD	DES	12573	4	B06	NEFL	13227	LW	2	4	NULL	19323
HsVcPillar2a1	XPKLWH	XPKLWH_sample_02	N_DB	O_AD	DES	12573	4	C06	VIM	69	LW	2	4	NULL	15510
HsVcPillar2a1	XPKLWH	XPKLWH_sample_02	N_DB	O_AD	DES	12573	4	D06	GOLGA6L9	10460	LW	2	4	NULL	16919
HsVcPillar2a1	XPKLWH	XPKLWH_sample_02	N_DB	O_AD	DES	12573	4	E06	TFIP11	5894	LW	2	4	NULL	25610
HsVcPillar2a1	XPKLWH	XPKLWH_sample_02	N_DB	O_AD	DES	12573	4	F06	DES	12573	LW	2	4	NULL	4482
HsVcPillar2a1	XPKLWH	XPKLWH_sample_02	N_DB	O_AD	DES	12573	4	G06	GFAP	2920	LW	2	4	NULL	26576
HsVcPillar2a1	XPKLWH	XPKLWH_sample_02	N_DB	O_AD	DES	12573	4	H06	KRT15	4105	LW	2	4	NULL	21163
HsVcPillar2a1	XPKLWH	XPKLWH_sample_02	N_DB	O_AD	DES	12573	4	A07	PRPH	9926	LW	2	4	NULL	23843
HsVcPillar2a1	XPKLWH	XPKLWH_sample_02	N_DB	O_AD	DES	12573	4	B07	empty_AD	0	LW	2	4	NULL	15410
HsVcPillar2a1	XPKLWH	XPKLWH_sample_02	N_DB	O_AD	DES	12573	5	C07	NEFL	13227	LW	2	4	NULL	19720
HsVcPillar2a1	XPKLWH	XPKLWH_sample_02	N_DB	O_AD	DES	12573	5	D07	VIM	69	LW	2	4	NULL	23134
HsVcPillar2a1	XPKLWH	XPKLWH_sample_02	N_DB	O_AD	DES	12573	5	E07	GOLGA6L9	10460	LW	2	4	NULL	9190
HsVcPillar2a1	XPKLWH	XPKLWH_sample_02	N_DB	O_AD	DES	12573	5	F07	TFIP11	5894	LW	2	4	NULL	17434
HsVcPillar2a1	XPKLWH	XPKLWH_sample_02	N_DB	O_AD	DES	12573	5	G07	DES	12573	LW	2	4	NULL	19471
HsVcPillar2a1	XPKLWH	XPKLWH_sample_02	N_DB	O_AD	DES	12573	5	H07	GFAP	2920	LW	2	4	NULL	24363
HsVcPillar2a1	XPKLWH	XPKLWH_sample_02	N_DB	O_AD	DES	12573	5	A08	KRT15	4105	LW	2	4	NULL	23326
HsVcPillar2a1	XPKLWH	XPKLWH_sample_02	N_DB	O_AD	DES	12573	5	B08	PRPH	9926	LW	2	4	NULL	13231
HsVcPillar2a1	XPKLWH	XPKLWH_sample_02	N_DB	O_AD	DES	12573	5	C08	empty_AD	0	LW	2	4	NULL	18098
HsVcPillar2a1	XPKLWH	XPKLWH_sample_02	N_DB	O_AD	GALT	300	1	D08	NQO1	100010599	LW	2	4	NULL	27245
HsVcPillar2a1	XPKLWH	XPKLWH_sample_02	N_DB	O_AD	GALT	300	1	E08	empty_AD	0	LW	2	4	NULL	32695
HsVcPillar2a1	XPKLWH	XPKLWH_sample_02	N_DB	O_AD	GALT	300	2	F08	NQO1	100010599	LW	2	4	NULL	24275
HsVcPillar2a1	XPKLWH	XPKLWH_sample_02	N_DB	O_AD	GALT	300	2	G08	empty_AD	0	LW	2	4	NULL	35434
HsVcPillar2a1	XPKLWH	XPKLWH_sample_02	N_DB	O_AD	GALT	300	3	H08	NQO1	100010599	LW	2	4	NULL	27688
HsVcPillar2a1	XPKLWH	XPKLWH_sample_02	N_DB	O_AD	GALT	300	3	A09	empty_AD	0	LW	2	4	NULL	28928
HsVcPillar2a1	XPKLWH	XPKLWH_sample_02	N_DB	O_AD	GALT	300	4	B09	NQO1	100010599	LW	2	4	NULL	32481
HsVcPillar2a1	XPKLWH	XPKLWH_sample_02	N_DB	O_AD	GALT	300	4	C09	empty_AD	0	LW	2	4	NULL	26834
HsVcPillar2a1	XPKLWH	XPKLWH_sample_02	N_DB	O_AD	GALT	300	5	D09	NQO1	100010599	LW	2	4	NULL	28632
HsVcPillar2a1	XPKLWH	XPKLWH_sample_02	N_DB	O_AD	GALT	300	5	E09	empty_AD	0	LW	2	4	NULL	31473
HsVcPillar2a1	XPKLWH	XPKLWH_sample_02	N_DB	O_AD	GALT	300	6	F09	NQO1	100010599	LW	2	4	NULL	22589
HsVcPillar2a1	XPKLWH	XPKLWH_sample_02	N_DB	O_AD	GALT	300	6	G09	empty_AD	0	LW	2	4	NULL	27814
HsVcPillar2a1	XPKLWH	XPKLWH_sample_02	N_DB	O_AD	GALT	300	7	H09	NQO1	100010599	LW	2	4	NULL	20546
HsVcPillar2a1	XPKLWH	XPKLWH_sample_02	N_DB	O_AD	GALT	300	7	A10	empty_AD	0	LW	2	4	NULL	11588
HsVcPillar2a1	XPKLWH	XPKLWH_sample_02	N_DB	O_AD	GCK	3689	1	B10	SPDYE4	70835	LW	2	4	NULL	17287
HsVcPillar2a1	XPKLWH	XPKLWH_sample_02	N_DB	O_AD	GCK	3689	1	C10	empty_AD	0	LW	2	4	NULL	19696
HsVcPillar2a1	XPKLWH	XPKLWH_sample_02	N_DB	O_AD	GCK	3689	2	D10	SPDYE4	70835	LW	2	4	NULL	21745
HsVcPillar2a1	XPKLWH	XPKLWH_sample_02	N_DB	O_AD	GCK	3689	2	E10	empty_AD	0	LW	2	4	NULL	23082
HsVcPillar2a1	XPKLWH	XPKLWH_sample_02	N_DB	O_AD	HMBS	2803	1	F10	PICK1	100000407	LW	2	4	NULL	30011
HsVcPillar2a1	XPKLWH	XPKLWH_sample_02	N_DB	O_AD	HMBS	2803	1	G10	empty_AD	0	LW	2	4	NULL	28659
HsVcPillar2a1	XPKLWH	XPKLWH_sample_02	N_DB	O_AD	HMBS	2803	2	H10	PICK1	100000407	LW	2	4	NULL	24723
HsVcPillar2a1	XPKLWH	XPKLWH_sample_02	N_DB	O_AD	HMBS	2803	2	A11	empty_AD	0	LW	2	4	NULL	35131
HsVcPillar2a1	XPKLWH	XPKLWH_sample_02	N_DB	O_AD	ITGB2	4765	1	B11	APOL2	4309	LW	2	4	NULL	3474
HsVcPillar2a1	XPKLWH	XPKLWH_sample_02	N_DB	O_AD	ITGB2	4765	1	C11	CYSRT1	13662	LW	2	4	NULL	1985
HsVcPillar2a1	XPKLWH	XPKLWH_sample_02	N_DB	O_AD	ITGB2	4765	1	D11	NOTCH2NL	55237	LW	2	4	NULL	3144
HsVcPillar2a1	XPKLWH	XPKLWH_sample_02	N_DB	O_AD	ITGB2	4765	1	E11	KRTAP10-8	56717	LW	2	4	NULL	3063
HsVcPillar2a1	XPKLWH	XPKLWH_sample_02	N_DB	O_AD	ITGB2	4765	1	F11	empty_AD	0	LW	2	4	NULL	2968
HsVcPillar2a1	XPKLWH	XPKLWH_sample_02	N_DB	O_AD	ITGB2	4765	2	G11	APOL2	4309	LW	2	4	NULL	897
HsVcPillar2a1	XPKLWH	XPKLWH_sample_02	N_DB	O_AD	ITGB2	4765	2	H11	CYSRT1	13662	LW	2	4	NULL	478
HsVcPillar2a1	XPKLWH	XPKLWH_sample_02	N_DB	O_AD	ITGB2	4765	2	A12	NOTCH2NL	55237	LW	2	4	NULL	615
HsVcPillar2a1	XPKLWH	XPKLWH_sample_02	N_DB	O_AD	ITGB2	4765	2	B12	KRTAP10-8	56717	LW	2	4	NULL	568
HsVcPillar2a1	XPKLWH	XPKLWH_sample_02	N_DB	O_AD	ITGB2	4765	2	C12	empty_AD	0	LW	2	4	NULL	998
HsVcPillar2a1	XPKLWH	XPKLWH_sample_02	N_DB	O_AD	ITGB2	4765	3	D12	APOL2	4309	LW	2	4	NULL	2780
HsVcPillar2a1	XPKLWH	XPKLWH_sample_02	N_DB	O_AD	ITGB2	4765	3	E12	CYSRT1	13662	LW	2	4	NULL	3268
HsVcPillar2a1	XPKLWH	XPKLWH_sample_02	N_DB	O_AD	ITGB2	4765	3	F12	NOTCH2NL	55237	LW	2	4	NULL	1317
HsVcPillar2a1	XPKLWH	XPKLWH_sample_04	J_DB	F_AD	ITGB2	4765	3	A01	KRTAP10-8	56717	3AT	3	0	NULL	1
HsVcPillar2a1	XPKLWH	XPKLWH_sample_04	J_DB	F_AD	ITGB2	4765	3	B01	empty_AD	0	3AT	3	0	NULL	0
HsVcPillar2a1	XPKLWH	XPKLWH_sample_04	J_DB	F_AD	KCNJ2	100016069	1	C01	KCNJ2	100016069	3AT	3	4	NULL	28
HsVcPillar2a1	XPKLWH	XPKLWH_sample_04	J_DB	F_AD	KCNJ2	100016069	1	D01	empty_AD	0	3AT	3	0	NULL	4
HsVcPillar2a1	XPKLWH	XPKLWH_sample_04	J_DB	F_AD	KCNJ2	100016069	2	E01	KCNJ2	100016069	3AT	3	4	NULL	1
HsVcPillar2a1	XPKLWH	XPKLWH_sample_04	J_DB	F_AD	KCNJ2	100016069	2	F01	empty_AD	0	3AT	3	0	NULL	3
HsVcPillar2a1	XPKLWH	XPKLWH_sample_04	J_DB	F_AD	KCNJ2	100016069	3	G01	KCNJ2	100016069	3AT	3	4	NULL	0
HsVcPillar2a1	XPKLWH	XPKLWH_sample_04	J_DB	F_AD	KCNJ2	100016069	3	H01	empty_AD	0	3AT	3	0	NULL	0
HsVcPillar2a1	XPKLWH	XPKLWH_sample_04	J_DB	F_AD	MSH2	7918	1	A02	APPBP2	820	3AT	3	0	NULL	0
HsVcPillar2a1	XPKLWH	XPKLWH_sample_04	J_DB	F_AD	MSH2	7918	1	B02	empty_AD	0	3AT	3	0	NULL	0
HsVcPillar2a1	XPKLWH	XPKLWH_sample_04	J_DB	F_AD	MSH2	7918	2	C02	APPBP2	820	3AT	3	0	NULL	0
HsVcPillar2a1	XPKLWH	XPKLWH_sample_04	J_DB	F_AD	MSH2	7918	2	D02	empty_AD	0	3AT	3	0	NULL	0
HsVcPillar2a1	XPKLWH	XPKLWH_sample_04	J_DB	F_AD	MSH2	7918	3	E02	APPBP2	820	3AT	3	0	NULL	1
HsVcPillar2a1	XPKLWH	XPKLWH_sample_04	J_DB	F_AD	MSH2	7918	3	F02	empty_AD	0	3AT	3	0	NULL	0
HsVcPillar2a1	XPKLWH	XPKLWH_sample_04	J_DB	F_AD	PRF1	12025	1	G02	CYSRT1	13662	3AT	3	0	NULL	0
HsVcPillar2a1	XPKLWH	XPKLWH_sample_04	J_DB	F_AD	PRF1	12025	1	H02	empty_AD	0	3AT	3	0	NULL	3
HsVcPillar2a1	XPKLWH	XPKLWH_sample_04	J_DB	F_AD	PRF1	12025	2	A03	CYSRT1	13662	3AT	3	0	NULL	0
HsVcPillar2a1	XPKLWH	XPKLWH_sample_04	J_DB	F_AD	PRF1	12025	2	B03	empty_AD	0	3AT	3	0	NULL	0
HsVcPillar2a1	XPKLWH	XPKLWH_sample_04	J_DB	F_AD	VHL	13320	1	C03	HSF2BP	100070143	3AT	3	4	NULL	0
HsVcPillar2a1	XPKLWH	XPKLWH_sample_04	J_DB	F_AD	VHL	13320	1	D03	empty_AD	0	3AT	3	0	NULL	0
HsVcPillar2a1	XPKLWH	XPKLWH_sample_04	J_DB	F_AD	VHL	13320	2	E03	HSF2BP	100070143	3AT	3	4	NULL	1
HsVcPillar2a1	XPKLWH	XPKLWH_sample_04	J_DB	F_AD	VHL	13320	2	F03	empty_AD	0	3AT	3	0	NULL	1
HsVcPillar2a1	XPKLWH	XPKLWH_sample_04	K_DB	E_AD	ITGB2	4765	3	A01	KRTAP10-8	56717	LW	3	4	NULL	0
HsVcPillar2a1	XPKLWH	XPKLWH_sample_04	K_DB	E_AD	ITGB2	4765	3	B01	empty_AD	0	LW	3	4	NULL	29
HsVcPillar2a1	XPKLWH	XPKLWH_sample_04	K_DB	E_AD	KCNJ2	100016069	1	C01	KCNJ2	100016069	LW	3	4	NULL	14708
HsVcPillar2a1	XPKLWH	XPKLWH_sample_04	K_DB	E_AD	KCNJ2	100016069	1	D01	empty_AD	0	LW	3	4	NULL	10550
HsVcPillar2a1	XPKLWH	XPKLWH_sample_04	K_DB	E_AD	KCNJ2	100016069	2	E01	KCNJ2	100016069	LW	3	4	NULL	18272
HsVcPillar2a1	XPKLWH	XPKLWH_sample_04	K_DB	E_AD	KCNJ2	100016069	2	F01	empty_AD	0	LW	3	4	NULL	13046
HsVcPillar2a1	XPKLWH	XPKLWH_sample_04	K_DB	E_AD	KCNJ2	100016069	3	G01	KCNJ2	100016069	LW	3	4	NULL	12128
HsVcPillar2a1	XPKLWH	XPKLWH_sample_04	K_DB	E_AD	KCNJ2	100016069	3	H01	empty_AD	0	LW	3	4	NULL	958
HsVcPillar2a1	XPKLWH	XPKLWH_sample_04	K_DB	E_AD	MSH2	7918	1	A02	APPBP2	820	LW	3	4	NULL	3425
HsVcPillar2a1	XPKLWH	XPKLWH_sample_04	K_DB	E_AD	MSH2	7918	1	B02	empty_AD	0	LW	3	4	NULL	634
HsVcPillar2a1	XPKLWH	XPKLWH_sample_04	K_DB	E_AD	MSH2	7918	2	C02	APPBP2	820	LW	3	4	NULL	34
HsVcPillar2a1	XPKLWH	XPKLWH_sample_04	K_DB	E_AD	MSH2	7918	2	D02	empty_AD	0	LW	3	4	NULL	573
HsVcPillar2a1	XPKLWH	XPKLWH_sample_04	K_DB	E_AD	MSH2	7918	3	E02	APPBP2	820	LW	3	4	NULL	1
HsVcPillar2a1	XPKLWH	XPKLWH_sample_04	K_DB	E_AD	MSH2	7918	3	F02	empty_AD	0	LW	3	4	NULL	1588
HsVcPillar2a1	XPKLWH	XPKLWH_sample_04	K_DB	E_AD	PRF1	12025	1	G02	CYSRT1	13662	LW	3	4	NULL	2320
HsVcPillar2a1	XPKLWH	XPKLWH_sample_04	K_DB	E_AD	PRF1	12025	1	H02	empty_AD	0	LW	3	4	NULL	33
HsVcPillar2a1	XPKLWH	XPKLWH_sample_04	K_DB	E_AD	PRF1	12025	2	A03	CYSRT1	13662	LW	3	4	NULL	5649
HsVcPillar2a1	XPKLWH	XPKLWH_sample_04	K_DB	E_AD	PRF1	12025	2	B03	empty_AD	0	LW	3	4	NULL	7848
HsVcPillar2a1	XPKLWH	XPKLWH_sample_04	K_DB	E_AD	VHL	13320	1	C03	HSF2BP	100070143	LW	3	4	NULL	58017
HsVcPillar2a1	XPKLWH	XPKLWH_sample_04	K_DB	E_AD	VHL	13320	1	D03	empty_AD	0	LW	3	4	NULL	40833
HsVcPillar2a1	XPKLWH	XPKLWH_sample_04	K_DB	E_AD	VHL	13320	2	E03	HSF2BP	100070143	LW	3	4	NULL	45872
HsVcPillar2a1	XPKLWH	XPKLWH_sample_04	K_DB	E_AD	VHL	13320	2	F03	empty_AD	0	LW	3	4	NULL	23175
HsVcPillar2a1	YGPG5S	YGPG5S	O_DB	N_AD	ACTG1	3123	1	A01	ACTB	955	3AT	3	4	NULL	36051
HsVcPillar2a1	YGPG5S	YGPG5S	O_DB	N_AD	ACTG1	3123	1	B01	CFL2	6329	3AT	3	3	NULL	33183
HsVcPillar2a1	YGPG5S	YGPG5S	O_DB	N_AD	ACTG1	3123	1	C01	CFL1	371	3AT	3	0	NULL	0
HsVcPillar2a1	YGPG5S	YGPG5S	O_DB	N_AD	ACTG1	3123	1	D01	CAP2	5807	3AT	3	3	NULL	30815
HsVcPillar2a1	YGPG5S	YGPG5S	O_DB	N_AD	ACTG1	3123	1	E01	empty_AD	0	3AT	3	0	NULL	0
HsVcPillar2a1	YGPG5S	YGPG5S	O_DB	N_AD	ACTG1	3123	2	F01	ACTB	955	3AT	3	4	NULL	34777
HsVcPillar2a1	YGPG5S	YGPG5S	O_DB	N_AD	ACTG1	3123	2	G01	CFL2	6329	3AT	3	3	NULL	33935
HsVcPillar2a1	YGPG5S	YGPG5S	O_DB	N_AD	ACTG1	3123	2	H01	CFL1	371	3AT	3	0	NULL	0
HsVcPillar2a1	YGPG5S	YGPG5S	O_DB	N_AD	ACTG1	3123	2	A02	CAP2	5807	3AT	3	3	NULL	52683
HsVcPillar2a1	YGPG5S	YGPG5S	O_DB	N_AD	ACTG1	3123	2	B02	empty_AD	0	3AT	3	0	NULL	0
HsVcPillar2a1	YGPG5S	YGPG5S	O_DB	N_AD	CTCF	6173	1	C02	TRAF2	9637	3AT	3	4	NULL	7738
HsVcPillar2a1	YGPG5S	YGPG5S	O_DB	N_AD	CTCF	6173	1	D02	empty_AD	0	3AT	3	2	NULL	15833
HsVcPillar2a1	YGPG5S	YGPG5S	O_DB	N_AD	CTCF	6173	2	E02	TRAF2	9637	3AT	3	4	NULL	14157
HsVcPillar2a1	YGPG5S	YGPG5S	O_DB	N_AD	CTCF	6173	2	F02	empty_AD	0	3AT	3	0	NULL	0
HsVcPillar2a1	YGPG5S	YGPG5S	O_DB	N_AD	DES	12573	1	G02	NEFL	13227	3AT	3	4	NULL	22926
HsVcPillar2a1	YGPG5S	YGPG5S	O_DB	N_AD	DES	12573	1	H02	VIM	69	3AT	3	4	NULL	23977
HsVcPillar2a1	YGPG5S	YGPG5S	O_DB	N_AD	DES	12573	1	A03	GOLGA6L9	10460	3AT	3	4	NULL	46370
HsVcPillar2a1	YGPG5S	YGPG5S	O_DB	N_AD	DES	12573	1	B03	TFIP11	5894	3AT	3	4	NULL	28772
HsVcPillar2a1	YGPG5S	YGPG5S	O_DB	N_AD	DES	12573	1	C03	DES	12573	3AT	3	4	NULL	25476
HsVcPillar2a1	YGPG5S	YGPG5S	O_DB	N_AD	DES	12573	1	D03	GFAP	2920	3AT	3	4	NULL	21502
HsVcPillar2a1	YGPG5S	YGPG5S	O_DB	N_AD	DES	12573	1	E03	KRT15	4105	3AT	3	4	NULL	16547
HsVcPillar2a1	YGPG5S	YGPG5S	O_DB	N_AD	DES	12573	1	F03	PRPH	9926	3AT	3	4	NULL	21797
HsVcPillar2a1	YGPG5S	YGPG5S	O_DB	N_AD	DES	12573	1	G03	empty_AD	0	3AT	3	0	NULL	1
HsVcPillar2a1	YGPG5S	YGPG5S	O_DB	N_AD	DES	12573	2	H03	NEFL	13227	3AT	3	4	NULL	26880
HsVcPillar2a1	YGPG5S	YGPG5S	O_DB	N_AD	DES	12573	2	A04	VIM	69	3AT	3	4	NULL	37182
HsVcPillar2a1	YGPG5S	YGPG5S	O_DB	N_AD	DES	12573	2	B04	GOLGA6L9	10460	3AT	3	4	NULL	19029
HsVcPillar2a1	YGPG5S	YGPG5S	O_DB	N_AD	DES	12573	2	C04	TFIP11	5894	3AT	3	4	NULL	17201
HsVcPillar2a1	YGPG5S	YGPG5S	O_DB	N_AD	DES	12573	2	D04	DES	12573	3AT	3	4	NULL	24005
HsVcPillar2a1	YGPG5S	YGPG5S	O_DB	N_AD	DES	12573	2	E04	GFAP	2920	3AT	3	4	NULL	19498
HsVcPillar2a1	YGPG5S	YGPG5S	O_DB	N_AD	DES	12573	2	F04	KRT15	4105	3AT	3	4	NULL	25878
HsVcPillar2a1	YGPG5S	YGPG5S	O_DB	N_AD	DES	12573	2	G04	PRPH	9926	3AT	3	4	NULL	30028
HsVcPillar2a1	YGPG5S	YGPG5S	O_DB	N_AD	DES	12573	2	H04	empty_AD	0	3AT	3	0	NULL	2
HsVcPillar2a1	YGPG5S	YGPG5S	O_DB	N_AD	DES	12573	3	A05	NEFL	13227	3AT	3	4	NULL	41709
HsVcPillar2a1	YGPG5S	YGPG5S	O_DB	N_AD	DES	12573	3	B05	VIM	69	3AT	3	4	NULL	24990
HsVcPillar2a1	YGPG5S	YGPG5S	O_DB	N_AD	DES	12573	3	C05	GOLGA6L9	10460	3AT	3	4	NULL	26011
HsVcPillar2a1	YGPG5S	YGPG5S	O_DB	N_AD	DES	12573	3	D05	TFIP11	5894	3AT	3	4	NULL	21220
HsVcPillar2a1	YGPG5S	YGPG5S	O_DB	N_AD	DES	12573	3	E05	DES	12573	3AT	3	4	NULL	27051
HsVcPillar2a1	YGPG5S	YGPG5S	O_DB	N_AD	DES	12573	3	F05	GFAP	2920	3AT	3	4	NULL	24260
HsVcPillar2a1	YGPG5S	YGPG5S	O_DB	N_AD	DES	12573	3	G05	KRT15	4105	3AT	3	4	NULL	27299
HsVcPillar2a1	YGPG5S	YGPG5S	O_DB	N_AD	DES	12573	3	H05	PRPH	9926	3AT	3	4	NULL	27807
HsVcPillar2a1	YGPG5S	YGPG5S	O_DB	N_AD	DES	12573	3	A06	empty_AD	0	3AT	3	0	NULL	9
HsVcPillar2a1	YGPG5S	YGPG5S	O_DB	N_AD	DES	12573	4	B06	NEFL	13227	3AT	3	4	NULL	25223
HsVcPillar2a1	YGPG5S	YGPG5S	O_DB	N_AD	DES	12573	4	C06	VIM	69	3AT	3	4	NULL	27601
HsVcPillar2a1	YGPG5S	YGPG5S	O_DB	N_AD	DES	12573	4	D06	GOLGA6L9	10460	3AT	3	4	NULL	3032
HsVcPillar2a1	YGPG5S	YGPG5S	O_DB	N_AD	DES	12573	4	E06	TFIP11	5894	3AT	3	4	NULL	25153
HsVcPillar2a1	YGPG5S	YGPG5S	O_DB	N_AD	DES	12573	4	F06	DES	12573	3AT	3	4	NULL	24127
HsVcPillar2a1	YGPG5S	YGPG5S	O_DB	N_AD	DES	12573	4	G06	GFAP	2920	3AT	3	4	NULL	26883
HsVcPillar2a1	YGPG5S	YGPG5S	O_DB	N_AD	DES	12573	4	H06	KRT15	4105	3AT	3	4	NULL	23044
HsVcPillar2a1	YGPG5S	YGPG5S	O_DB	N_AD	DES	12573	4	A07	PRPH	9926	3AT	3	4	NULL	25943
HsVcPillar2a1	YGPG5S	YGPG5S	O_DB	N_AD	DES	12573	4	B07	empty_AD	0	3AT	3	0	NULL	0
HsVcPillar2a1	YGPG5S	YGPG5S	O_DB	N_AD	DES	12573	5	C07	NEFL	13227	3AT	3	4	NULL	32455
HsVcPillar2a1	YGPG5S	YGPG5S	O_DB	N_AD	DES	12573	5	D07	VIM	69	3AT	3	4	NULL	33537
HsVcPillar2a1	YGPG5S	YGPG5S	O_DB	N_AD	DES	12573	5	E07	GOLGA6L9	10460	3AT	3	4	NULL	36101
HsVcPillar2a1	YGPG5S	YGPG5S	O_DB	N_AD	DES	12573	5	F07	TFIP11	5894	3AT	3	4	NULL	27105
HsVcPillar2a1	YGPG5S	YGPG5S	O_DB	N_AD	DES	12573	5	G07	DES	12573	3AT	3	4	NULL	27650
HsVcPillar2a1	YGPG5S	YGPG5S	O_DB	N_AD	DES	12573	5	H07	GFAP	2920	3AT	3	4	NULL	28622
HsVcPillar2a1	YGPG5S	YGPG5S	O_DB	N_AD	DES	12573	5	A08	KRT15	4105	3AT	3	4	NULL	12642
HsVcPillar2a1	YGPG5S	YGPG5S	O_DB	N_AD	DES	12573	5	B08	PRPH	9926	3AT	3	4	NULL	27425
HsVcPillar2a1	YGPG5S	YGPG5S	O_DB	N_AD	DES	12573	5	C08	empty_AD	0	3AT	3	0	NULL	3
HsVcPillar2a1	YGPG5S	YGPG5S	O_DB	N_AD	GALT	300	1	D08	NQO1	100010599	3AT	3	0	NULL	0
HsVcPillar2a1	YGPG5S	YGPG5S	O_DB	N_AD	GALT	300	1	E08	empty_AD	0	3AT	3	0	NULL	30
HsVcPillar2a1	YGPG5S	YGPG5S	O_DB	N_AD	GALT	300	2	F08	NQO1	100010599	3AT	3	0	NULL	0
HsVcPillar2a1	YGPG5S	YGPG5S	O_DB	N_AD	GALT	300	2	G08	empty_AD	0	3AT	3	0	NULL	0
HsVcPillar2a1	YGPG5S	YGPG5S	O_DB	N_AD	GALT	300	3	H08	NQO1	100010599	3AT	3	0	NULL	0
HsVcPillar2a1	YGPG5S	YGPG5S	O_DB	N_AD	GALT	300	3	A09	empty_AD	0	3AT	3	0	NULL	2
HsVcPillar2a1	YGPG5S	YGPG5S	O_DB	N_AD	GALT	300	4	B09	NQO1	100010599	3AT	3	0	NULL	84
HsVcPillar2a1	YGPG5S	YGPG5S	O_DB	N_AD	GALT	300	4	C09	empty_AD	0	3AT	3	0	NULL	0
HsVcPillar2a1	YGPG5S	YGPG5S	O_DB	N_AD	GALT	300	5	D09	NQO1	100010599	3AT	3	0	NULL	0
HsVcPillar2a1	YGPG5S	YGPG5S	O_DB	N_AD	GALT	300	5	E09	empty_AD	0	3AT	3	0	NULL	3
HsVcPillar2a1	YGPG5S	YGPG5S	O_DB	N_AD	GALT	300	6	F09	NQO1	100010599	3AT	3	0	NULL	0
HsVcPillar2a1	YGPG5S	YGPG5S	O_DB	N_AD	GALT	300	6	G09	empty_AD	0	3AT	3	0	NULL	1
HsVcPillar2a1	YGPG5S	YGPG5S	O_DB	N_AD	GALT	300	7	H09	NQO1	100010599	3AT	3	0	NULL	0
HsVcPillar2a1	YGPG5S	YGPG5S	O_DB	N_AD	GALT	300	7	A10	empty_AD	0	3AT	3	0	NULL	0
HsVcPillar2a1	YGPG5S	YGPG5S	O_DB	N_AD	GCK	3689	1	B10	SPDYE4	70835	3AT	3	4	NULL	30280
HsVcPillar2a1	YGPG5S	YGPG5S	O_DB	N_AD	GCK	3689	1	C10	empty_AD	0	3AT	3	0	NULL	0
HsVcPillar2a1	YGPG5S	YGPG5S	O_DB	N_AD	GCK	3689	2	D10	SPDYE4	70835	3AT	3	4	NULL	25974
HsVcPillar2a1	YGPG5S	YGPG5S	O_DB	N_AD	GCK	3689	2	E10	empty_AD	0	3AT	3	0	NULL	3
HsVcPillar2a1	YGPG5S	YGPG5S	O_DB	N_AD	HMBS	2803	1	F10	PICK1	100000407	3AT	3	4	NULL	48164
HsVcPillar2a1	YGPG5S	YGPG5S	O_DB	N_AD	HMBS	2803	1	G10	empty_AD	0	3AT	3	0	NULL	1
HsVcPillar2a1	YGPG5S	YGPG5S	O_DB	N_AD	HMBS	2803	2	H10	PICK1	100000407	3AT	3	4	NULL	38581
HsVcPillar2a1	YGPG5S	YGPG5S	O_DB	N_AD	HMBS	2803	2	A11	empty_AD	0	3AT	3	0	NULL	0
HsVcPillar2a1	YGPG5S	YGPG5S	O_DB	N_AD	ITGB2	4765	1	B11	APOL2	4309	3AT	3	3	NULL	6
HsVcPillar2a1	YGPG5S	YGPG5S	O_DB	N_AD	ITGB2	4765	1	C11	CYSRT1	13662	3AT	3	0	NULL	0
HsVcPillar2a1	YGPG5S	YGPG5S	O_DB	N_AD	ITGB2	4765	1	D11	NOTCH2NL	55237	3AT	3	0	NULL	0
HsVcPillar2a1	YGPG5S	YGPG5S	O_DB	N_AD	ITGB2	4765	1	E11	KRTAP10-8	56717	3AT	3	2	NULL	2
HsVcPillar2a1	YGPG5S	YGPG5S	O_DB	N_AD	ITGB2	4765	1	F11	empty_AD	0	3AT	3	0	NULL	0
HsVcPillar2a1	YGPG5S	YGPG5S	O_DB	N_AD	ITGB2	4765	2	G11	APOL2	4309	3AT	3	3	NULL	3
HsVcPillar2a1	YGPG5S	YGPG5S	O_DB	N_AD	ITGB2	4765	2	H11	CYSRT1	13662	3AT	3	0	NULL	0
HsVcPillar2a1	YGPG5S	YGPG5S	O_DB	N_AD	ITGB2	4765	2	A12	NOTCH2NL	55237	3AT	3	0	NULL	0
HsVcPillar2a1	YGPG5S	YGPG5S	O_DB	N_AD	ITGB2	4765	2	B12	KRTAP10-8	56717	3AT	3	0	NULL	0
HsVcPillar2a1	YGPG5S	YGPG5S	O_DB	N_AD	ITGB2	4765	2	C12	empty_AD	0	3AT	3	0	NULL	0
HsVcPillar2a1	YGPG5S	YGPG5S	O_DB	N_AD	ITGB2	4765	3	D12	APOL2	4309	3AT	3	0	NULL	0
HsVcPillar2a1	YGPG5S	YGPG5S	O_DB	N_AD	ITGB2	4765	3	E12	CYSRT1	13662	3AT	3	0	NULL	0
HsVcPillar2a1	YGPG5S	YGPG5S	O_DB	N_AD	ITGB2	4765	3	F12	NOTCH2NL	55237	3AT	3	0	NULL	0
HsVcPillar2a1	YGPG5S	YGPG5S	D_DB	P_AD	ACTG1	3123	1	A01	ACTB	955	LW	3	4	NULL	961
HsVcPillar2a1	YGPG5S	YGPG5S	D_DB	P_AD	ACTG1	3123	1	B01	CFL2	6329	LW	3	4	NULL	17476
HsVcPillar2a1	YGPG5S	YGPG5S	D_DB	P_AD	ACTG1	3123	1	C01	CFL1	371	LW	3	4	NULL	21213
HsVcPillar2a1	YGPG5S	YGPG5S	D_DB	P_AD	ACTG1	3123	1	D01	CAP2	5807	LW	3	4	NULL	20242
HsVcPillar2a1	YGPG5S	YGPG5S	D_DB	P_AD	ACTG1	3123	1	E01	empty_AD	0	LW	3	4	NULL	26281
HsVcPillar2a1	YGPG5S	YGPG5S	D_DB	P_AD	ACTG1	3123	2	F01	ACTB	955	LW	3	4	NULL	12724
HsVcPillar2a1	YGPG5S	YGPG5S	D_DB	P_AD	ACTG1	3123	2	G01	CFL2	6329	LW	3	4	NULL	20508
HsVcPillar2a1	YGPG5S	YGPG5S	D_DB	P_AD	ACTG1	3123	2	H01	CFL1	371	LW	3	4	NULL	4491
HsVcPillar2a1	YGPG5S	YGPG5S	D_DB	P_AD	ACTG1	3123	2	A02	CAP2	5807	LW	3	4	NULL	15671
HsVcPillar2a1	YGPG5S	YGPG5S	D_DB	P_AD	ACTG1	3123	2	B02	empty_AD	0	LW	3	4	NULL	16913
HsVcPillar2a1	YGPG5S	YGPG5S	D_DB	P_AD	CTCF	6173	1	C02	TRAF2	9637	LW	3	4	NULL	3820
HsVcPillar2a1	YGPG5S	YGPG5S	D_DB	P_AD	CTCF	6173	1	D02	empty_AD	0	LW	3	4	NULL	3532
HsVcPillar2a1	YGPG5S	YGPG5S	D_DB	P_AD	CTCF	6173	2	E02	TRAF2	9637	LW	3	4	NULL	5257
HsVcPillar2a1	YGPG5S	YGPG5S	D_DB	P_AD	CTCF	6173	2	F02	empty_AD	0	LW	3	4	NULL	6722
HsVcPillar2a1	YGPG5S	YGPG5S	D_DB	P_AD	DES	12573	1	G02	NEFL	13227	LW	3	4	NULL	14956
HsVcPillar2a1	YGPG5S	YGPG5S	D_DB	P_AD	DES	12573	1	H02	VIM	69	LW	3	4	NULL	17176
HsVcPillar2a1	YGPG5S	YGPG5S	D_DB	P_AD	DES	12573	1	A03	GOLGA6L9	10460	LW	3	4	NULL	12048
HsVcPillar2a1	YGPG5S	YGPG5S	D_DB	P_AD	DES	12573	1	B03	TFIP11	5894	LW	3	4	NULL	9607
HsVcPillar2a1	YGPG5S	YGPG5S	D_DB	P_AD	DES	12573	1	C03	DES	12573	LW	3	4	NULL	13449
HsVcPillar2a1	YGPG5S	YGPG5S	D_DB	P_AD	DES	12573	1	D03	GFAP	2920	LW	3	4	NULL	13216
HsVcPillar2a1	YGPG5S	YGPG5S	D_DB	P_AD	DES	12573	1	E03	KRT15	4105	LW	3	4	NULL	2177
HsVcPillar2a1	YGPG5S	YGPG5S	D_DB	P_AD	DES	12573	1	F03	PRPH	9926	LW	3	4	NULL	9574
HsVcPillar2a1	YGPG5S	YGPG5S	D_DB	P_AD	DES	12573	1	G03	empty_AD	0	LW	3	4	NULL	19039
HsVcPillar2a1	YGPG5S	YGPG5S	D_DB	P_AD	DES	12573	2	H03	NEFL	13227	LW	3	4	NULL	14900
HsVcPillar2a1	YGPG5S	YGPG5S	D_DB	P_AD	DES	12573	2	A04	VIM	69	LW	3	4	NULL	15093
HsVcPillar2a1	YGPG5S	YGPG5S	D_DB	P_AD	DES	12573	2	B04	GOLGA6L9	10460	LW	3	4	NULL	16444
HsVcPillar2a1	YGPG5S	YGPG5S	D_DB	P_AD	DES	12573	2	C04	TFIP11	5894	LW	3	4	NULL	15359
HsVcPillar2a1	YGPG5S	YGPG5S	D_DB	P_AD	DES	12573	2	D04	DES	12573	LW	3	4	NULL	16486
HsVcPillar2a1	YGPG5S	YGPG5S	D_DB	P_AD	DES	12573	2	E04	GFAP	2920	LW	3	4	NULL	12612
HsVcPillar2a1	YGPG5S	YGPG5S	D_DB	P_AD	DES	12573	2	F04	KRT15	4105	LW	3	4	NULL	14686
HsVcPillar2a1	YGPG5S	YGPG5S	D_DB	P_AD	DES	12573	2	G04	PRPH	9926	LW	3	4	NULL	14260
HsVcPillar2a1	YGPG5S	YGPG5S	D_DB	P_AD	DES	12573	2	H04	empty_AD	0	LW	3	4	NULL	17454
HsVcPillar2a1	YGPG5S	YGPG5S	D_DB	P_AD	DES	12573	3	A05	NEFL	13227	LW	3	4	NULL	17715
HsVcPillar2a1	YGPG5S	YGPG5S	D_DB	P_AD	DES	12573	3	B05	VIM	69	LW	3	4	NULL	13752
HsVcPillar2a1	YGPG5S	YGPG5S	D_DB	P_AD	DES	12573	3	C05	GOLGA6L9	10460	LW	3	4	NULL	17566
HsVcPillar2a1	YGPG5S	YGPG5S	D_DB	P_AD	DES	12573	3	D05	TFIP11	5894	LW	3	4	NULL	13445
HsVcPillar2a1	YGPG5S	YGPG5S	D_DB	P_AD	DES	12573	3	E05	DES	12573	LW	3	4	NULL	15436
HsVcPillar2a1	YGPG5S	YGPG5S	D_DB	P_AD	DES	12573	3	F05	GFAP	2920	LW	3	4	NULL	13206
HsVcPillar2a1	YGPG5S	YGPG5S	D_DB	P_AD	DES	12573	3	G05	KRT15	4105	LW	3	4	NULL	18516
HsVcPillar2a1	YGPG5S	YGPG5S	D_DB	P_AD	DES	12573	3	H05	PRPH	9926	LW	3	4	NULL	15285
HsVcPillar2a1	YGPG5S	YGPG5S	D_DB	P_AD	DES	12573	3	A06	empty_AD	0	LW	3	4	NULL	15467
HsVcPillar2a1	YGPG5S	YGPG5S	D_DB	P_AD	DES	12573	4	B06	NEFL	13227	LW	3	4	NULL	14183
HsVcPillar2a1	YGPG5S	YGPG5S	D_DB	P_AD	DES	12573	4	C06	VIM	69	LW	3	4	NULL	13271
HsVcPillar2a1	YGPG5S	YGPG5S	D_DB	P_AD	DES	12573	4	D06	GOLGA6L9	10460	LW	3	4	NULL	12333
HsVcPillar2a1	YGPG5S	YGPG5S	D_DB	P_AD	DES	12573	4	E06	TFIP11	5894	LW	3	4	NULL	15585
HsVcPillar2a1	YGPG5S	YGPG5S	D_DB	P_AD	DES	12573	4	F06	DES	12573	LW	3	4	NULL	14461
HsVcPillar2a1	YGPG5S	YGPG5S	D_DB	P_AD	DES	12573	4	G06	GFAP	2920	LW	3	4	NULL	18210
HsVcPillar2a1	YGPG5S	YGPG5S	D_DB	P_AD	DES	12573	4	H06	KRT15	4105	LW	3	4	NULL	14757
HsVcPillar2a1	YGPG5S	YGPG5S	D_DB	P_AD	DES	12573	4	A07	PRPH	9926	LW	3	4	NULL	6085
HsVcPillar2a1	YGPG5S	YGPG5S	D_DB	P_AD	DES	12573	4	B07	empty_AD	0	LW	3	4	NULL	13108
HsVcPillar2a1	YGPG5S	YGPG5S	D_DB	P_AD	DES	12573	5	C07	NEFL	13227	LW	3	4	NULL	14576
HsVcPillar2a1	YGPG5S	YGPG5S	D_DB	P_AD	DES	12573	5	D07	VIM	69	LW	3	4	NULL	10295
HsVcPillar2a1	YGPG5S	YGPG5S	D_DB	P_AD	DES	12573	5	E07	GOLGA6L9	10460	LW	3	4	NULL	15483
HsVcPillar2a1	YGPG5S	YGPG5S	D_DB	P_AD	DES	12573	5	F07	TFIP11	5894	LW	3	4	NULL	14340
HsVcPillar2a1	YGPG5S	YGPG5S	D_DB	P_AD	DES	12573	5	G07	DES	12573	LW	3	4	NULL	16911
HsVcPillar2a1	YGPG5S	YGPG5S	D_DB	P_AD	DES	12573	5	H07	GFAP	2920	LW	3	4	NULL	14011
HsVcPillar2a1	YGPG5S	YGPG5S	D_DB	P_AD	DES	12573	5	A08	KRT15	4105	LW	3	4	NULL	16649
HsVcPillar2a1	YGPG5S	YGPG5S	D_DB	P_AD	DES	12573	5	B08	PRPH	9926	LW	3	4	NULL	14762
HsVcPillar2a1	YGPG5S	YGPG5S	D_DB	P_AD	DES	12573	5	C08	empty_AD	0	LW	3	4	NULL	14135
HsVcPillar2a1	YGPG5S	YGPG5S	D_DB	P_AD	GALT	300	1	D08	NQO1	100010599	LW	3	4	NULL	18430
HsVcPillar2a1	YGPG5S	YGPG5S	D_DB	P_AD	GALT	300	1	E08	empty_AD	0	LW	3	4	NULL	16202
HsVcPillar2a1	YGPG5S	YGPG5S	D_DB	P_AD	GALT	300	2	F08	NQO1	100010599	LW	3	4	NULL	22082
HsVcPillar2a1	YGPG5S	YGPG5S	D_DB	P_AD	GALT	300	2	G08	empty_AD	0	LW	3	4	NULL	21076
HsVcPillar2a1	YGPG5S	YGPG5S	D_DB	P_AD	GALT	300	3	H08	NQO1	100010599	LW	3	4	NULL	19093
HsVcPillar2a1	YGPG5S	YGPG5S	D_DB	P_AD	GALT	300	3	A09	empty_AD	0	LW	3	4	NULL	22705
HsVcPillar2a1	YGPG5S	YGPG5S	D_DB	P_AD	GALT	300	4	B09	NQO1	100010599	LW	3	4	NULL	24439
HsVcPillar2a1	YGPG5S	YGPG5S	D_DB	P_AD	GALT	300	4	C09	empty_AD	0	LW	3	4	NULL	19879
HsVcPillar2a1	YGPG5S	YGPG5S	D_DB	P_AD	GALT	300	5	D09	NQO1	100010599	LW	3	4	NULL	14864
HsVcPillar2a1	YGPG5S	YGPG5S	D_DB	P_AD	GALT	300	5	E09	empty_AD	0	LW	3	4	NULL	23842
HsVcPillar2a1	YGPG5S	YGPG5S	D_DB	P_AD	GALT	300	6	F09	NQO1	100010599	LW	3	4	NULL	20118
HsVcPillar2a1	YGPG5S	YGPG5S	D_DB	P_AD	GALT	300	6	G09	empty_AD	0	LW	3	4	NULL	21521
HsVcPillar2a1	YGPG5S	YGPG5S	D_DB	P_AD	GALT	300	7	H09	NQO1	100010599	LW	3	4	NULL	24457
HsVcPillar2a1	YGPG5S	YGPG5S	D_DB	P_AD	GALT	300	7	A10	empty_AD	0	LW	3	4	NULL	24236
HsVcPillar2a1	YGPG5S	YGPG5S	D_DB	P_AD	GCK	3689	1	B10	SPDYE4	70835	LW	3	4	NULL	18931
HsVcPillar2a1	YGPG5S	YGPG5S	D_DB	P_AD	GCK	3689	1	C10	empty_AD	0	LW	3	4	NULL	21425
HsVcPillar2a1	YGPG5S	YGPG5S	D_DB	P_AD	GCK	3689	2	D10	SPDYE4	70835	LW	3	4	NULL	11969
HsVcPillar2a1	YGPG5S	YGPG5S	D_DB	P_AD	GCK	3689	2	E10	empty_AD	0	LW	3	4	NULL	16553
HsVcPillar2a1	YGPG5S	YGPG5S	D_DB	P_AD	HMBS	2803	1	F10	PICK1	100000407	LW	3	4	NULL	24794
HsVcPillar2a1	YGPG5S	YGPG5S	D_DB	P_AD	HMBS	2803	1	G10	empty_AD	0	LW	3	4	NULL	28351
HsVcPillar2a1	YGPG5S	YGPG5S	D_DB	P_AD	HMBS	2803	2	H10	PICK1	100000407	LW	3	4	NULL	32238
HsVcPillar2a1	YGPG5S	YGPG5S	D_DB	P_AD	HMBS	2803	2	A11	empty_AD	0	LW	3	4	NULL	25051
HsVcPillar2a1	YGPG5S	YGPG5S	D_DB	P_AD	ITGB2	4765	1	B11	APOL2	4309	LW	3	4	NULL	344
HsVcPillar2a1	YGPG5S	YGPG5S	D_DB	P_AD	ITGB2	4765	1	C11	CYSRT1	13662	LW	3	4	NULL	1266
HsVcPillar2a1	YGPG5S	YGPG5S	D_DB	P_AD	ITGB2	4765	1	D11	NOTCH2NL	55237	LW	3	4	NULL	1381
HsVcPillar2a1	YGPG5S	YGPG5S	D_DB	P_AD	ITGB2	4765	1	E11	KRTAP10-8	56717	LW	3	4	NULL	1235
HsVcPillar2a1	YGPG5S	YGPG5S	D_DB	P_AD	ITGB2	4765	1	F11	empty_AD	0	LW	3	4	NULL	1005
HsVcPillar2a1	YGPG5S	YGPG5S	D_DB	P_AD	ITGB2	4765	2	G11	APOL2	4309	LW	3	4	NULL	436
HsVcPillar2a1	YGPG5S	YGPG5S	D_DB	P_AD	ITGB2	4765	2	H11	CYSRT1	13662	LW	3	4	NULL	413
HsVcPillar2a1	YGPG5S	YGPG5S	D_DB	P_AD	ITGB2	4765	2	A12	NOTCH2NL	55237	LW	3	4	NULL	219
HsVcPillar2a1	YGPG5S	YGPG5S	D_DB	P_AD	ITGB2	4765	2	B12	KRTAP10-8	56717	LW	3	4	NULL	0
HsVcPillar2a1	YGPG5S	YGPG5S	D_DB	P_AD	ITGB2	4765	2	C12	empty_AD	0	LW	3	4	NULL	415
HsVcPillar2a1	YGPG5S	YGPG5S	D_DB	P_AD	ITGB2	4765	3	D12	APOL2	4309	LW	3	4	NULL	1393
HsVcPillar2a1	YGPG5S	YGPG5S	D_DB	P_AD	ITGB2	4765	3	E12	CYSRT1	13662	LW	3	4	NULL	1649
HsVcPillar2a1	YGPG5S	YGPG5S	D_DB	P_AD	ITGB2	4765	3	F12	NOTCH2NL	55237	LW	3	4	NULL	1275
