spdi	symbol	ensembl_gene_id	ccsb_mutation_id	ccsb_orf_id_reference	hgvs_protein	nt_change	ccsb_orf_id_interactor	interactor_symbol	log2FC_combined	error_log2FC_combined
NC_000017.11:70175270:G:T	KCNJ2	ENSG00000123700	CCSBVarC035501	CCSBORF100016069	ENSP00000243457.2:p.Asp78Tyr	232G>T	CCSBORF6281	KCNJ15	-0.01264013819804663	0.9253400693843665
NC_000017.11:70175282:C:T	KCNJ2	ENSG00000123700	CCSBVarC035503	CCSBORF100016069	ENSP00000243457.2:p.Arg82Trp	244C>T	CCSBORF6281	KCNJ15	0.46851386305136683	0.9243414476459033
NC_000017.11:70175463:C:T	KCNJ2	ENSG00000123700	CCSBVarC035507	CCSBORF100016069	ENSP00000243457.2:p.Thr142Ile	425C>T	CCSBORF6281	KCNJ15	0.11977196013476729	0.9246086336806909
NC_000017.11:70175468:G:A	KCNJ2	ENSG00000123700	CCSBVarC035510	CCSBORF100016069	ENSP00000243457.2:p.Gly144Ser	430G>A	CCSBORF6281	KCNJ15	-0.006664294502333662	0.9261090635606987
NC_000017.11:70175612:A:G	KCNJ2	ENSG00000123700	CCSBVarC035585	CCSBORF100016069	ENSP00000243457.2:p.Thr192Ala	574A>G	CCSBORF6281	KCNJ15	0.5327452578935874	0.9276522446492036
NC_000017.11:70175883:T:G	KCNJ2	ENSG00000123700	CCSBVarC035624	CCSBORF100016069	ENSP00000243457.2:p.Leu282Trp	845T>G	CCSBORF6281	KCNJ15	-1.5154485128403494	0.9351226046280315
NC_000017.11:70175934:A:G	KCNJ2	ENSG00000123700	CCSBVarC035626	CCSBORF100016069	ENSP00000243457.2:p.Glu299Gly	896A>G	CCSBORF6281	KCNJ15	-0.5886823216175657	0.9245037462143342
NC_000017.11:70175951:A:C	KCNJ2	ENSG00000123700	CCSBVarC035629	CCSBORF100016069	ENSP00000243457.2:p.Thr305Pro	913A>C	CCSBORF6281	KCNJ15	0.1173727730075285	0.9242606225727786
NC_000017.11:70175951:A:G	KCNJ2	ENSG00000123700	CCSBVarC035631	CCSBORF100016069	ENSP00000243457.2:p.Thr305Ala	913A>G	CCSBORF6281	KCNJ15	-0.29680897792256344	0.9239243407306054
NC_000017.11:70175957:A:G	KCNJ2	ENSG00000123700	CCSBVarC035633	CCSBORF100016069	ENSP00000243457.2:p.Met307Val	919A>G	CCSBORF6281	KCNJ15	-0.20122198254679707	0.9239508817872679
NC_000017.11:70175972:C:T	KCNJ2	ENSG00000123700	CCSBVarC035638	CCSBORF100016069	ENSP00000243457.2:p.Arg312Cys	934C>T	CCSBORF6281	KCNJ15	-0.022827291454168674	0.9238576827190721
NC_000017.11:70176083:G:A	KCNJ2	ENSG00000123700	CCSBVarC008354	CCSBORF100016069	ENSP00000243457.2:p.Glu349Lys	1045G>A	CCSBORF6281	KCNJ15	-3.246576891581645	2.1928441279543653
NC_000017.11:70176129:A:G	KCNJ2	ENSG00000123700	CCSBVarC008355	CCSBORF100016069	ENSP00000243457.2:p.Lys364Arg	1091A>G	CCSBORF6281	KCNJ15	-6.947837331491159	1.5484993198794126
NC_000017.11:70176237:C:T	KCNJ2	ENSG00000123700	CCSBVarC008356	CCSBORF100016069	ENSP00000243457.2:p.Thr400Met	1199C>T	CCSBORF6281	KCNJ15	-6.61664601814638	1.551824422798247
NC_000017.11:70176297:C:T	KCNJ2	ENSG00000123700	CCSBVarC008359	CCSBORF100016069	ENSP00000243457.2:p.Pro420Leu	1259C>T	CCSBORF6281	KCNJ15	-7.878037076692287	1.6077658441514353
NC_000017.11:70175249:G:A	KCNJ2	ENSG00000123700	CCSBVarC008315	CCSBORF100016069	ENSP00000243457.2:p.Asp71Asn	211G>A	CCSBORF6281	KCNJ15	-6.314833680342554	1.5626134114433263
NC_000017.11:70175250:A:T	KCNJ2	ENSG00000123700	CCSBVarC008317	CCSBORF100016069	ENSP00000243457.2:p.Asp71Val	212A>T	CCSBORF6281	KCNJ15	-8.05033746475816	1.659403623274509
NC_000017.11:70175262:C:G	KCNJ2	ENSG00000123700	CCSBVarC008318	CCSBORF100016069	ENSP00000243457.2:p.Thr75Arg	224C>G	CCSBORF6281	KCNJ15	-8.32992653171248	1.6168324311951496
NC_000017.11:70175262:C:T	KCNJ2	ENSG00000123700	CCSBVarC008319	CCSBORF100016069	ENSP00000243457.2:p.Thr75Met	224C>T	CCSBORF6281	KCNJ15	-8.632337714188516	1.563574859489606
NC_000017.11:70175274:T:C	KCNJ2	ENSG00000123700	CCSBVarC008322	CCSBORF100016069	ENSP00000243457.2:p.Ile79Thr	236T>C	CCSBORF6281	KCNJ15	-8.666988900976447	1.6792410408458236
NC_000017.11:70175283:G:A	KCNJ2	ENSG00000123700	CCSBVarC008323	CCSBORF100016069	ENSP00000243457.2:p.Arg82Gln	245G>A	CCSBORF6281	KCNJ15	-6.791795717933007	1.5672475400802464
NC_000017.11:70175366:C:T	KCNJ2	ENSG00000123700	CCSBVarC008326	CCSBORF100016069	ENSP00000243457.2:p.His110Tyr	328C>T	CCSBORF6281	KCNJ15	-9.215189864236796	1.570501438005046
NC_000017.11:70175382:C:T	KCNJ2	ENSG00000123700	CCSBVarC008327	CCSBORF100016069	ENSP00000243457.2:p.Ala115Val	344C>T	CCSBORF6281	KCNJ15	-5.695664269686839	1.5538405518869132
NC_000017.11:70175454:C:T	KCNJ2	ENSG00000123700	CCSBVarC008328	CCSBORF100016069	ENSP00000243457.2:p.Thr139Ile	416C>T	CCSBORF6281	KCNJ15	-7.634992634090796	1.5501907754891593
NC_000017.11:70175463:C:T	KCNJ2	ENSG00000123700	CCSBVarC035507	CCSBORF100016069	ENSP00000243457.2:p.Thr142Ile	425C>T	CCSBORF6281	KCNJ15	2.280730304732508	1.5354436537181386
NC_000017.11:70175552:G:A	KCNJ2	ENSG00000123700	CCSBVarC008329	CCSBORF100016069	ENSP00000243457.2:p.Asp172Asn	514G>A	CCSBORF6281	KCNJ15	-7.425835297368367	1.5445891709051798
NC_000017.11:70175603:A:G	KCNJ2	ENSG00000123700	CCSBVarC008331	CCSBORF100016069	ENSP00000243457.2:p.Arg189Gly	565A>G	CCSBORF6281	KCNJ15	-8.964814758546654	1.5995097671574607
NC_000017.11:70175682:G:A	KCNJ2	ENSG00000123700	CCSBVarC008335	CCSBORF100016069	ENSP00000243457.2:p.Gly215Asp	644G>A	CCSBORF6281	KCNJ15	-8.325947352097591	1.5579862290908508
NC_000017.11:70175859:A:T	KCNJ2	ENSG00000123700	CCSBVarC008340	CCSBORF100016069	ENSP00000243457.2:p.Asp274Val	821A>T	CCSBORF6281	KCNJ15	-9.338598489306811	1.6159971995354356
NC_000017.11:70175922:T:C	KCNJ2	ENSG00000123700	CCSBVarC008341	CCSBORF100016069	ENSP00000243457.2:p.Val295Ala	884T>C	CCSBORF6281	KCNJ15	-8.860716132443685	1.5783775127198352
NC_000017.11:70175934:A:T	KCNJ2	ENSG00000123700	CCSBVarC008342	CCSBORF100016069	ENSP00000243457.2:p.Glu299Val	896A>T	CCSBORF6281	KCNJ15	-8.913444206303435	1.9087421278890557
NC_000017.11:70175937:G:A	KCNJ2	ENSG00000123700	CCSBVarC008343	CCSBORF100016069	ENSP00000243457.2:p.Gly300Asp	899G>A	CCSBORF6281	KCNJ15	-8.30234009778874	1.564230407208156
NC_000017.11:70175937:G:T	KCNJ2	ENSG00000123700	CCSBVarC008344	CCSBORF100016069	ENSP00000243457.2:p.Gly300Val	899G>T	CCSBORF6281	KCNJ15	-9.129765033274737	1.6375756845084675
NC_000017.11:70175939:A:C	KCNJ2	ENSG00000123700	CCSBVarC008345	CCSBORF100016069	ENSP00000243457.2:p.Met301Leu	901A>C	CCSBORF6281	KCNJ15	-6.898207050454985	2.4941687364274894
NC_000017.11:70175942:G:A	KCNJ2	ENSG00000123700	CCSBVarC008348	CCSBORF100016069	ENSP00000243457.2:p.Val302Met	904G>A	CCSBORF6281	KCNJ15	-7.512472933047924	1.8138905286835432
NC_000017.11:70175973:G:A	KCNJ2	ENSG00000123700	CCSBVarC008349	CCSBORF100016069	ENSP00000243457.2:p.Arg312His	935G>A	CCSBORF6281	KCNJ15	-7.1456228220937446	1.5481463502495143
NC_000017.11:70176004:G:C	KCNJ2	ENSG00000123700	CCSBVarC008351	CCSBORF100016069	ENSP00000243457.2:p.Trp322Cys	966G>C	CCSBORF6281	KCNJ15	-7.268081883336212	1.5827884862243013
NC_000017.11:70175157:G:A	KCNJ2	ENSG00000123700	CCSBVarC008308	CCSBORF100016069	ENSP00000243457.2:p.Arg40Gln	119G>A	CCSBORF6281	KCNJ15	-5.440903513984248	1.7563275837301848
NC_000017.11:70176267:A:G	KCNJ2	ENSG00000123700	CCSBVarC008357	CCSBORF100016069	ENSP00000243457.2:p.Asn410Ser	1229A>G	CCSBORF6281	KCNJ15	-10.465278948385324	1.7884694135063774
NC_000017.11:70176282:C:T	KCNJ2	ENSG00000123700	CCSBVarC008358	CCSBORF100016069	ENSP00000243457.2:p.Pro415Leu	1244C>T	CCSBORF6281	KCNJ15	-5.611295853708631	1.629748806465356
NC_000017.11:70175199:G:T	KCNJ2	ENSG00000123700	CCSBVarC008310	CCSBORF100016069	ENSP00000243457.2:p.Cys54Phe	161G>T	CCSBORF6281	KCNJ15	-7.893384487251275	2.2435069212887715
NC_000017.11:70175238:G:A	KCNJ2	ENSG00000123700	CCSBVarC008312	CCSBORF100016069	ENSP00000243457.2:p.Arg67Gln	200G>A	CCSBORF6281	KCNJ15	-6.389076104577192	1.6445017981773298
NC_000017.11:70175246:G:A	KCNJ2	ENSG00000123700	CCSBVarC008313	CCSBORF100016069	ENSP00000243457.2:p.Ala70Thr	208G>A	CCSBORF6281	KCNJ15	-8.22283474319396	1.6510068572933327
NC_000017.11:70175246:G:T	KCNJ2	ENSG00000123700	CCSBVarC008314	CCSBORF100016069	ENSP00000243457.2:p.Ala70Ser	208G>T	CCSBORF6281	KCNJ15	-8.917169200809314	1.667349354062654
NC_000017.11:70175249:G:C	KCNJ2	ENSG00000123700	CCSBVarC008316	CCSBORF100016069	ENSP00000243457.2:p.Asp71His	211G>C	CCSBORF6281	KCNJ15	-8.150989805390807	1.7323543622048072
NC_000017.11:70175264:T:G	KCNJ2	ENSG00000123700	CCSBVarC008320	CCSBORF100016069	ENSP00000243457.2:p.Cys76Gly	226T>G	CCSBORF6281	KCNJ15	-9.207661843981924	1.77703770787114
NC_000017.11:70175270:G:T	KCNJ2	ENSG00000123700	CCSBVarC035501	CCSBORF100016069	ENSP00000243457.2:p.Asp78Tyr	232G>T	CCSBORF6281	KCNJ15	2.75763633290328	1.623785008544753
NC_000017.11:70175271:A:G	KCNJ2	ENSG00000123700	CCSBVarC008321	CCSBORF100016069	ENSP00000243457.2:p.Asp78Gly	233A>G	CCSBORF6281	KCNJ15	-5.1596094429077874	3.3177254474561537
NC_000017.11:70175294:G:T	KCNJ2	ENSG00000123700	CCSBVarC008324	CCSBORF100016069	ENSP00000243457.2:p.Val86Phe	256G>T	CCSBORF6281	KCNJ15	-9.822776109049402	1.8782269039365285
NC_000017.11:70175595:C:T	KCNJ2	ENSG00000123700	CCSBVarC008330	CCSBORF100016069	ENSP00000243457.2:p.Pro186Leu	557C>T	CCSBORF6281	KCNJ15	-10.419115886974865	1.7370777008076173
NC_000017.11:70175604:G:A	KCNJ2	ENSG00000123700	CCSBVarC008332	CCSBORF100016069	ENSP00000243457.2:p.Arg189Lys	566G>A	CCSBORF6281	KCNJ15	-4.643425954698765	1.6376453493608303
NC_000017.11:70175604:G:T	KCNJ2	ENSG00000123700	CCSBVarC008333	CCSBORF100016069	ENSP00000243457.2:p.Arg189Ile	566G>T	CCSBORF6281	KCNJ15	-7.1123586044705736	1.720946776923121
NC_000017.11:70175612:A:G	KCNJ2	ENSG00000123700	CCSBVarC035585	CCSBORF100016069	ENSP00000243457.2:p.Thr192Ala	574A>G	CCSBORF6281	KCNJ15	1.9096397400878247	1.6216194391711651
NC_000017.11:70175654:G:A	KCNJ2	ENSG00000123700	CCSBVarC008334	CCSBORF100016069	ENSP00000243457.2:p.Gly206Ser	616G>A	CCSBORF6281	KCNJ15	-5.694934411582809	1.6663390605488386
NC_000017.11:70175684:A:C	KCNJ2	ENSG00000123700	CCSBVarC008336	CCSBORF100016069	ENSP00000243457.2:p.Asn216His	646A>C	CCSBORF6281	KCNJ15	-9.106656814364715	1.6994840732730447
NC_000017.11:70175811:T:C	KCNJ2	ENSG00000123700	CCSBVarC008337	CCSBORF100016069	ENSP00000243457.2:p.Ile258Thr	773T>C	CCSBORF6281	KCNJ15	-9.826356299307374	2.0266396059796157
NC_000017.11:70175817:G:C	KCNJ2	ENSG00000123700	CCSBVarC008338	CCSBORF100016069	ENSP00000243457.2:p.Arg260Pro	779G>C	CCSBORF6281	KCNJ15	-9.357719847514437	1.7129297686665228
NC_000017.11:70175844:T:A	KCNJ2	ENSG00000123700	CCSBVarC008339	CCSBORF100016069	ENSP00000243457.2:p.Ile269Lys	806T>A	CCSBORF6281	KCNJ15	-10.870550735723223	2.1533099605609696
NC_000017.11:70175939:A:G	KCNJ2	ENSG00000123700	CCSBVarC008346	CCSBORF100016069	ENSP00000243457.2:p.Met301Val	901A>G	CCSBORF6281	KCNJ15	-6.334928180797564	1.6409232489153769
NC_000017.11:70175940:T:G	KCNJ2	ENSG00000123700	CCSBVarC008347	CCSBORF100016069	ENSP00000243457.2:p.Met301Arg	902T>G	CCSBORF6281	KCNJ15	-6.837662107820455	1.6464675580432786
NC_000017.11:70175991:A:G	KCNJ2	ENSG00000123700	CCSBVarC008350	CCSBORF100016069	ENSP00000243457.2:p.Asn318Ser	953A>G	CCSBORF6281	KCNJ15	-7.086684520837858	1.7013524488532163
NC_000017.11:70176011:C:T	KCNJ2	ENSG00000123700	CCSBVarC008352	CCSBORF100016069	ENSP00000243457.2:p.Arg325Cys	973C>T	CCSBORF6281	KCNJ15	-5.785913677128519	1.6346135539989657
NC_000017.11:70176014:T:A	KCNJ2	ENSG00000123700	CCSBVarC008353	CCSBORF100016069	ENSP00000243457.2:p.Tyr326Asn	976T>A	CCSBORF6281	KCNJ15	-10.358260154901076	1.7960647888876646
NC_000002.12:219421466:A:G	DES	ENSG00000175084	CCSBVarC028095	CCSBORF12573	ENSP00000363071.3:p.His384Arg	1151A>G	CCSBORF5539	ZMYM5	-1.479158674725403	1.2735350935519731
NC_000002.12:219421518:G:C	DES	ENSG00000175084	CCSBVarC028104	CCSBORF12573	ENSP00000363071.3:p.Glu401Asp	1203G>C	CCSBORF5539	ZMYM5	-3.9987743652885506	2.339828734163115
NC_000002.12:219425951:G:A	DES	ENSG00000175084	CCSBVarC028110	CCSBORF12573	ENSP00000363071.3:p.Val459Ile	1375G>A	CCSBORF5539	ZMYM5	-0.28055497118675754	1.2668110864546325
NC_000002.12:219418679:G:A	DES	ENSG00000175084	CCSBVarC028025	CCSBORF12573	ENSP00000363071.3:p.Arg73Gln	218G>A	CCSBORF5539	ZMYM5	-1.5700073627832694	1.7215570563042923
NC_000002.12:219418690:A:G	DES	ENSG00000175084	CCSBVarC028052	CCSBORF12573	ENSP00000363071.3:p.Thr77Ala	229A>G	CCSBORF5539	ZMYM5	0.3971936939624963	1.267134236575399
NC_000002.12:219418808:A:G	DES	ENSG00000175084	CCSBVarC028071	CCSBORF12573	ENSP00000363071.3:p.Asn116Ser	347A>G	CCSBORF5539	ZMYM5	-0.10492691360894468	1.2669676726979036
NC_000002.12:219418921:C:A	DES	ENSG00000175084	CCSBVarC028077	CCSBORF12573	ENSP00000363071.3:p.Leu154Ile	460C>A	CCSBORF5539	ZMYM5	-0.16383239669760513	1.2665592431167167
NC_000002.12:219420612:C:T	DES	ENSG00000175084	CCSBVarC028083	CCSBORF12573	ENSP00000363071.3:p.Ala285Val	854C>T	CCSBORF5539	ZMYM5	0.4486553208371461	1.2672882635741232
NC_000002.12:219421342:G:A	DES	ENSG00000175084	CCSBVarC007854	CCSBORF12573	ENSP00000363071.3:p.Asp343Asn	1027G>A	CCSBORF5539	ZMYM5	-1.6935051473706093	1.5246882755906392
NC_000002.12:219421363:C:T	DES	ENSG00000175084	CCSBVarC007859	CCSBORF12573	ENSP00000363071.3:p.Arg350Trp	1048C>T	CCSBORF5539	ZMYM5	-2.977040694037401	1.5158734378230596
NC_000002.12:219421448:A:C	DES	ENSG00000175084	CCSBVarC007865	CCSBORF12573	ENSP00000363071.3:p.Lys378Thr	1133A>C	CCSBORF5539	ZMYM5	-1.7805495296855365	1.5271773354425966
NC_000002.12:219421490:T:C	DES	ENSG00000175084	CCSBVarC007870	CCSBORF12573	ENSP00000363071.3:p.Leu392Pro	1175T>C	CCSBORF5539	ZMYM5	0.6436425096377935	1.5316261112665217
NC_000002.12:219421510:G:T	DES	ENSG00000175084	CCSBVarC007874	CCSBORF12573	ENSP00000363071.3:p.Asp399Tyr	1195G>T	CCSBORF5539	ZMYM5	-2.0429383387644187	1.5155254941144403
NC_000002.12:219421518:G:C	DES	ENSG00000175084	CCSBVarC028104	CCSBORF12573	ENSP00000363071.3:p.Glu401Asp	1203G>C	CCSBORF5539	ZMYM5	0.5254243607917249	1.5263470655844424
NC_000002.12:219421558:C:T	DES	ENSG00000175084	CCSBVarC007878	CCSBORF12573	ENSP00000363071.3:p.Arg415Trp	1243C>T	CCSBORF5539	ZMYM5	-0.36053100718140474	2.360236572951102
NC_000002.12:219418588:A:G	DES	ENSG00000175084	CCSBVarC007791	CCSBORF12573	ENSP00000363071.3:p.Lys43Glu	127A>G	CCSBORF5539	ZMYM5	-2.1498265924817446	1.5236954764188393
NC_000002.12:219418591:G:A	DES	ENSG00000175084	CCSBVarC007792	CCSBORF12573	ENSP00000363071.3:p.Gly44Ser	130G>A	CCSBORF5539	ZMYM5	-4.947889000528415	2.389957274258732
NC_000002.12:219425719:A:C	DES	ENSG00000175084	CCSBVarC007886	CCSBORF12573	ENSP00000363071.3:p.Lys449Thr	1346A>C	CCSBORF5539	ZMYM5	1.271727471228299	1.5089224655361084
NC_000002.12:219425726:C:G	DES	ENSG00000175084	CCSBVarC007887	CCSBORF12573	ENSP00000363071.3:p.Ile451Met	1353C>G	CCSBORF5539	ZMYM5	0.7607526217227216	1.5131089893029592
NC_000002.12:219425980:A:C	DES	ENSG00000175084	CCSBVarC007892	CCSBORF12573	ENSP00000363071.3:p.Glu468Asp	1404A>C	CCSBORF5539	ZMYM5	1.0512444586124952	1.5162817317655652
NC_000002.12:219418615:C:A	DES	ENSG00000175084	CCSBVarC007793	CCSBORF12573	ENSP00000363071.3:p.Arg52Ser	154C>A	CCSBORF5539	ZMYM5	0.4625022469428932	1.5121112231836455
NC_000002.12:219418631:C:T	DES	ENSG00000175084	CCSBVarC007795	CCSBORF12573	ENSP00000363071.3:p.Ser57Leu	170C>T	CCSBORF5539	ZMYM5	-0.24949534026290388	1.5138448553317796
NC_000002.12:219418690:A:G	DES	ENSG00000175084	CCSBVarC028052	CCSBORF12573	ENSP00000363071.3:p.Thr77Ala	229A>G	CCSBORF5539	ZMYM5	-2.4606248582961494	1.5144372024750545
NC_000002.12:219418837:G:T	DES	ENSG00000175084	CCSBVarC007809	CCSBORF12573	ENSP00000363071.3:p.Val126Leu	376G>T	CCSBORF5539	ZMYM5	0.03646604282644761	1.5142254174889624
NC_000002.12:219418499:C:T	DES	ENSG00000175084	CCSBVarC007783	CCSBORF12573	ENSP00000363071.3:p.Ser13Phe	38C>T	CCSBORF5539	ZMYM5	-1.196688657419279	1.5131068125980263
NC_000002.12:219418910:G:A	DES	ENSG00000175084	CCSBVarC007816	CCSBORF12573	ENSP00000363071.3:p.Arg150Gln	449G>A	CCSBORF5539	ZMYM5	-1.438032103832946	1.5329298778376272
NC_000002.12:219418507:C:T	DES	ENSG00000175084	CCSBVarC007784	CCSBORF12573	ENSP00000363071.3:p.Arg16Cys	46C>T	CCSBORF5539	ZMYM5	-0.17047346851005174	2.655732155974468
NC_000002.12:219418990:G:A	DES	ENSG00000175084	CCSBVarC007819	CCSBORF12573	ENSP00000363071.3:p.Asp177Asn	529G>A	CCSBORF5539	ZMYM5	-0.46775321165402783	1.5104248648831073
NC_000002.12:219419027:G:A	DES	ENSG00000175084	CCSBVarC007821	CCSBORF12573	ENSP00000363071.3:p.Arg189Gln	566G>A	CCSBORF5539	ZMYM5	-1.0050105496638027	1.5175190520872988
NC_000002.12:219418519:G:A	DES	ENSG00000175084	CCSBVarC007785	CCSBORF12573	ENSP00000363071.3:p.Gly20Arg	58G>A	CCSBORF5539	ZMYM5	-1.3943687258908126	1.5175547756431957
NC_000002.12:219420153:C:T	DES	ENSG00000175084	CCSBVarC007825	CCSBORF12573	ENSP00000363071.3:p.Ala213Val	638C>T	CCSBORF5539	ZMYM5	0.7225777586745437	1.5185696340304746
NC_000002.12:219420543:A:T	DES	ENSG00000175084	CCSBVarC007837	CCSBORF12573	ENSP00000363071.3:p.Glu262Val	785A>T	CCSBORF5539	ZMYM5	-1.5934084376046371	1.539770986500301
NC_000002.12:219420611:G:A	DES	ENSG00000175084	CCSBVarC007840	CCSBORF12573	ENSP00000363071.3:p.Ala285Thr	853G>A	CCSBORF5539	ZMYM5	-1.6883034041852234	1.5089346418354324
NC_000002.12:219421362:G:A	DES	ENSG00000175084	CCSBVarC007858	CCSBORF12573	ENSP00000363071.3:p.Met349Ile	1047G>A	CCSBORF5539	ZMYM5	0.39127798451072926	2.6450471470429977
NC_000002.12:219418570:C:G	DES	ENSG00000175084	CCSBVarC007789	CCSBORF12573	ENSP00000363071.3:p.Arg37Gly	109C>G	CCSBORF5539	ZMYM5	0.5861405124626171	2.2108471199473594
NC_000002.12:219421474:G:A	DES	ENSG00000175084	CCSBVarC007867	CCSBORF12573	ENSP00000363071.3:p.Glu387Lys	1159G>A	CCSBORF5539	ZMYM5	1.609924243490072	2.21152146502153
NC_000002.12:219421482:G:T	DES	ENSG00000175084	CCSBVarC007869	CCSBORF12573	ENSP00000363071.3:p.Gln389His	1167G>T	CCSBORF5539	ZMYM5	-2.1840219754377563	2.2882621629625803
NC_000002.12:219421495:G:A	DES	ENSG00000175084	CCSBVarC007872	CCSBORF12573	ENSP00000363071.3:p.Val394Met	1180G>A	CCSBORF5539	ZMYM5	1.7391992290519314	2.209364019544528
NC_000002.12:219421549:G:A	DES	ENSG00000175084	CCSBVarC007876	CCSBORF12573	ENSP00000363071.3:p.Glu412Lys	1234G>A	CCSBORF5539	ZMYM5	0.9670661079572762	2.2167250312915243
NC_000002.12:219423787:C:T	DES	ENSG00000175084	CCSBVarC007879	CCSBORF12573	ENSP00000363071.3:p.Pro419Leu	1256C>T	CCSBORF5539	ZMYM5	-0.3002853844256168	2.2090475176293003
NC_000002.12:219423802:C:T	DES	ENSG00000175084	CCSBVarC007880	CCSBORF12573	ENSP00000363071.3:p.Ser424Phe	1271C>T	CCSBORF5539	ZMYM5	0.1305003099270764	2.21155883298016
NC_000002.12:219425688:G:A	DES	ENSG00000175084	CCSBVarC007883	CCSBORF12573	ENSP00000363071.3:p.Glu439Lys	1315G>A	CCSBORF5539	ZMYM5	-1.4696614036183768	2.212043716940903
NC_000002.12:219425733:C:T	DES	ENSG00000175084	CCSBVarC007889	CCSBORF12573	ENSP00000363071.3:p.Arg454Trp	1360C>T	CCSBORF5539	ZMYM5	0.04492675495291887	2.3211095323629123
NC_000002.12:219425734:G:A	DES	ENSG00000175084	CCSBVarC007890	CCSBORF12573	ENSP00000363071.3:p.Arg454Gln	1361G>A	CCSBORF5539	ZMYM5	0.5498103957920517	2.2116298004543458
NC_000002.12:219418670:G:C	DES	ENSG00000175084	CCSBVarC007798	CCSBORF12573	ENSP00000363071.3:p.Arg70Pro	209G>C	CCSBORF5539	ZMYM5	0.6866371263972216	2.210078847015669
NC_000002.12:219418711:G:A	DES	ENSG00000175084	CCSBVarC007801	CCSBORF12573	ENSP00000363071.3:p.Gly84Ser	250G>A	CCSBORF5539	ZMYM5	0.5141170688085884	2.210557793127844
NC_000002.12:219418747:G:T	DES	ENSG00000175084	CCSBVarC007802	CCSBORF12573	ENSP00000363071.3:p.Ala96Ser	286G>T	CCSBORF5539	ZMYM5	-0.10660998482680617	2.20861043944862
NC_000002.12:219418789:G:C	DES	ENSG00000175084	CCSBVarC007805	CCSBORF12573	ENSP00000363071.3:p.Val110Leu	328G>C	CCSBORF5539	ZMYM5	0.1002027585024326	2.2091074324819626
NC_000002.12:219418865:C:T	DES	ENSG00000175084	CCSBVarC007812	CCSBORF12573	ENSP00000363071.3:p.Ala135Val	404C>T	CCSBORF5539	ZMYM5	-0.22143204162476093	2.21177667681867
NC_000002.12:219418871:C:A	DES	ENSG00000175084	CCSBVarC007814	CCSBORF12573	ENSP00000363071.3:p.Ala137Asp	410C>A	CCSBORF5539	ZMYM5	-1.3663995428260698	2.272284093692726
NC_000002.12:219420144:C:T	DES	ENSG00000175084	CCSBVarC007823	CCSBORF12573	ENSP00000363071.3:p.Ala210Val	629C>T	CCSBORF5539	ZMYM5	-0.9459346452896771	2.3163342678128993
NC_000002.12:219420266:C:T	DES	ENSG00000175084	CCSBVarC007827	CCSBORF12573	ENSP00000363071.3:p.Thr219Ile	656C>T	CCSBORF5539	ZMYM5	-1.572209746827142	3.0278034304582406
NC_000002.12:219420289:C:T	DES	ENSG00000175084	CCSBVarC007829	CCSBORF12573	ENSP00000363071.3:p.Arg227Cys	679C>T	CCSBORF5539	ZMYM5	-0.4739229517980075	2.2097414436378715
NC_000002.12:219420290:G:A	DES	ENSG00000175084	CCSBVarC007830	CCSBORF12573	ENSP00000363071.3:p.Arg227His	680G>A	CCSBORF5539	ZMYM5	0.8800545863524558	2.209642814954877
NC_000002.12:219418540:G:A	DES	ENSG00000175084	CCSBVarC007787	CCSBORF12573	ENSP00000363071.3:p.Gly27Ser	79G>A	CCSBORF5539	ZMYM5	-2.521171263688764	2.5594668727372523
NC_000002.12:219420575:G:T	DES	ENSG00000175084	CCSBVarC007838	CCSBORF12573	ENSP00000363071.3:p.Ala273Ser	817G>T	CCSBORF5539	ZMYM5	0.8075351147800841	2.210884509704147
NC_000002.12:219420651:C:T	DES	ENSG00000175084	CCSBVarC006503	CCSBORF12573	ENSP00000363071.3:p.Ser298Leu	893C>T	CCSBORF5539	ZMYM5	-0.5253857974883234	2.44574972646516
NC_000002.12:219420864:A:C	DES	ENSG00000175084	CCSBVarC007842	CCSBORF12573	ENSP00000363071.3:p.Asp312Ala	935A>C	CCSBORF5539	ZMYM5	0.054384601007896174	2.2106231447835003
NC_000002.12:219420873:G:A	DES	ENSG00000175084	CCSBVarC007844	CCSBORF12573	ENSP00000363071.3:p.Arg315His	944G>A	CCSBORF5539	ZMYM5	0.5683402290161551	2.2092408561463373
NC_000002.12:219420909:A:C	DES	ENSG00000175084	CCSBVarC007847	CCSBORF12573	ENSP00000363071.3:p.Gln327Pro	980A>C	CCSBORF5539	ZMYM5	-0.8376756770663154	2.2113370244711974
NC_000002.12:219420920:T:A	DES	ENSG00000175084	CCSBVarC007849	CCSBORF12573	ENSP00000363071.3:p.Tyr331Asn	991T>A	CCSBORF5539	ZMYM5	-1.4366478468443495	2.210072799049199
NC_000002.12:219421364:G:C	DES	ENSG00000175084	CCSBVarC007860	CCSBORF12573	ENSP00000363071.3:p.Arg350Pro	1049G>C	CCSBORF5539	ZMYM5	-0.16172111743624693	0.9822177799433253
NC_000002.12:219418598:C:A	DES	ENSG00000175084	CCSBVarC006502	CCSBORF12573	ENSP00000363071.3:p.Ser46Tyr	137C>A	CCSBORF5539	ZMYM5	-0.3588501977090045	0.9820876736056977
NC_000002.12:219418760:A:C	DES	ENSG00000175084	CCSBVarC007804	CCSBORF12573	ENSP00000363071.3:p.Glu100Ala	299A>C	CCSBORF5539	ZMYM5	-0.6350865602736357	1.1375271580462214
NC_000002.12:219418819:G:C	DES	ENSG00000175084	CCSBVarC007807	CCSBORF12573	ENSP00000363071.3:p.Ala120Pro	358G>C	CCSBORF5539	ZMYM5	0.9878040759656588	0.984650557219746
NC_000002.12:219420501:G:A	DES	ENSG00000175084	CCSBVarC007836	CCSBORF12573	ENSP00000363071.3:p.Arg248His	743G>A	CCSBORF5539	ZMYM5	-1.2388237283337253	0.9839928717395369
NC_000002.12:219418538:T:A	DES	ENSG00000175084	CCSBVarC007786	CCSBORF12573	ENSP00000363071.3:p.Leu26His	77T>A	CCSBORF5539	ZMYM5	1.3884908093781905	0.9832340198585453
NC_000002.12:219420942:T:C	DES	ENSG00000175084	CCSBVarC007851	CCSBORF12573	ENSP00000363071.3:p.Leu338Pro	1013T>C	CCSBORF5539	ZMYM5	-3.7240745978002305	2.0866168579518796
NC_000002.12:219421349:T:C	DES	ENSG00000175084	CCSBVarC007856	CCSBORF12573	ENSP00000363071.3:p.Leu345Pro	1034T>C	CCSBORF5539	ZMYM5	-0.034158944226582055	2.0485309310686817
NC_000002.12:219421353:G:A	DES	ENSG00000175084	CCSBVarC007857	CCSBORF12573	ENSP00000363071.3:p.Met346Ile	1038G>A	CCSBORF5539	ZMYM5	-2.423204558682341	2.398124881495065
NC_000002.12:219421379:G:A	DES	ENSG00000175084	CCSBVarC007861	CCSBORF12573	ENSP00000363071.3:p.Arg355Gln	1064G>A	CCSBORF5539	ZMYM5	1.0407107758239662	2.0539604372209674
NC_000002.12:219421384:G:C	DES	ENSG00000175084	CCSBVarC007863	CCSBORF12573	ENSP00000363071.3:p.Ala357Pro	1069G>C	CCSBORF5539	ZMYM5	-2.6036633207686366	2.1762979199855614
NC_000002.12:219421393:G:C	DES	ENSG00000175084	CCSBVarC007864	CCSBORF12573	ENSP00000363071.3:p.Ala360Pro	1078G>C	CCSBORF5539	ZMYM5	-2.8967158195006064	2.046390417546659
NC_000002.12:219421504:G:A	DES	ENSG00000175084	CCSBVarC007873	CCSBORF12573	ENSP00000363071.3:p.Ala397Thr	1189G>A	CCSBORF5539	ZMYM5	-0.7803546152359049	2.050410222710221
NC_000002.12:219421552:G:A	DES	ENSG00000175084	CCSBVarC007877	CCSBORF12573	ENSP00000363071.3:p.Glu413Lys	1237G>A	CCSBORF5539	ZMYM5	-1.8474524690655847	2.0700811160335393
NC_000002.12:219423817:G:A	DES	ENSG00000175084	CCSBVarC007881	CCSBORF12573	ENSP00000363071.3:p.Arg429Gln	1286G>A	CCSBORF5539	ZMYM5	-1.7850599413945512	2.8264703431820895
NC_000002.12:219425670:C:A	DES	ENSG00000175084	CCSBVarC007882	CCSBORF12573	ENSP00000363071.3:p.Pro433Thr	1297C>A	CCSBORF5539	ZMYM5	-6.763582091914251	3.443577664885361
NC_000002.12:219425695:A:T	DES	ENSG00000175084	CCSBVarC007884	CCSBORF12573	ENSP00000363071.3:p.His441Leu	1322A>T	CCSBORF5539	ZMYM5	-2.600514330636245	2.097470684475043
NC_000002.12:219425698:C:T	DES	ENSG00000175084	CCSBVarC007885	CCSBORF12573	ENSP00000363071.3:p.Thr442Ile	1325C>T	CCSBORF5539	ZMYM5	-1.3138928581282712	2.423949261071697
NC_000002.12:219425706:A:G	DES	ENSG00000175084	CCSBVarC006509	CCSBORF12573	ENSP00000363071.3:p.Thr445Ala	1333A>G	CCSBORF5539	ZMYM5	-0.03132927041624681	2.0435535621627414
NC_000002.12:219425739:G:A	DES	ENSG00000175084	CCSBVarC007891	CCSBORF12573	ENSP00000363071.3:p.Gly456Arg	1366G>A	CCSBORF5539	ZMYM5	0.2115177396045434	2.058992268370749
NC_000002.12:219418627:G:C	DES	ENSG00000175084	CCSBVarC007794	CCSBORF12573	ENSP00000363071.3:p.Val56Leu	166G>C	CCSBORF5539	ZMYM5	1.6055356505624485	2.0555586634949856
NC_000002.12:219418654:G:A	DES	ENSG00000175084	CCSBVarC007797	CCSBORF12573	ENSP00000363071.3:p.Gly65Ser	193G>A	CCSBORF5539	ZMYM5	0.07884988368413376	2.0454858652766155
NC_000002.12:219418673:C:T	DES	ENSG00000175084	CCSBVarC007799	CCSBORF12573	ENSP00000363071.3:p.Ala71Val	212C>T	CCSBORF5539	ZMYM5	-1.041127219468668	2.046895169155261
NC_000002.12:219418677:C:A	DES	ENSG00000175084	CCSBVarC007800	CCSBORF12573	ENSP00000363071.3:p.Ser72Arg	216C>A	CCSBORF5539	ZMYM5	-3.008549054020603	2.2805057064834746
NC_000002.12:219418808:A:G	DES	ENSG00000175084	CCSBVarC028071	CCSBORF12573	ENSP00000363071.3:p.Asn116Ser	347A>G	CCSBORF5539	ZMYM5	-0.9191881236228072	2.05191872831733
NC_000002.12:219418496:C:T	DES	ENSG00000175084	CCSBVarC007782	CCSBORF12573	ENSP00000363071.3:p.Ser12Phe	35C>T	CCSBORF5539	ZMYM5	-0.13660459866594143	2.0445188227988313
NC_000002.12:219418852:C:A	DES	ENSG00000175084	CCSBVarC007811	CCSBORF12573	ENSP00000363071.3:p.Gln131Lys	391C>A	CCSBORF5539	ZMYM5	1.7110443393235366	2.05253939055898
NC_000002.12:219418934:A:T	DES	ENSG00000175084	CCSBVarC007817	CCSBORF12573	ENSP00000363071.3:p.Glu158Val	473A>T	CCSBORF5539	ZMYM5	-1.0524948863082106	2.047866981640783
NC_000002.12:219419017:G:T	DES	ENSG00000175084	CCSBVarC007820	CCSBORF12573	ENSP00000363071.3:p.Asp186Tyr	556G>T	CCSBORF5539	ZMYM5	-2.13543854525033	2.1615824828444827
NC_000002.12:219420150:G:A	DES	ENSG00000175084	CCSBVarC007824	CCSBORF12573	ENSP00000363071.3:p.Arg212Gln	635G>A	CCSBORF5539	ZMYM5	-0.14218404254273376	2.0469610578304924
NC_000002.12:219420319:G:A	DES	ENSG00000175084	CCSBVarC007832	CCSBORF12573	ENSP00000363071.3:p.Ala237Thr	709G>A	CCSBORF5539	ZMYM5	1.1722615756837118	2.050646840152492
NC_000002.12:219420641:T:G	DES	ENSG00000175084	CCSBVarC007841	CCSBORF12573	ENSP00000363071.3:p.Trp295Gly	883T>G	CCSBORF5539	ZMYM5	-0.18228042282586235	2.0534076545291375
NC_000002.12:219420863:G:A	DES	ENSG00000175084	CCSBVarC006505	CCSBORF12573	ENSP00000363071.3:p.Asp312Asn	934G>A	CCSBORF5539	ZMYM5	0.3139757975467648	2.048920001965396
NC_000002.12:219420866:G:A	DES	ENSG00000175084	CCSBVarC007843	CCSBORF12573	ENSP00000363071.3:p.Ala313Thr	937G>A	CCSBORF5539	ZMYM5	0.6135083269389827	2.0474067076406386
NC_000002.12:219418558:C:T	DES	ENSG00000175084	CCSBVarC007788	CCSBORF12573	ENSP00000363071.3:p.Pro33Ser	97C>T	CCSBORF5539	ZMYM5	-1.3280488397649997	2.2570147265462563
NC_000002.12:219420915:A:C	DES	ENSG00000175084	CCSBVarC007848	CCSBORF12573	ENSP00000363071.3:p.Gln329Pro	986A>C	CCSBORF5539	ZMYM5	-2.9000618595791683	2.059874802817746
NC_000009.12:34649553:C:A	GALT	ENSG00000213930	CCSBVarC017363	CCSBORF300	ENSP00000368119.4:p.Thr350Asn	1049C>A	CCSBORF8190	UBTD2	-2.795824254530271	3.714724759615552
NC_000009.12:34650443:G:A	GALT	ENSG00000213930	CCSBVarC017364	CCSBORF300	ENSP00000368119.4:p.Ala379Thr	1135G>A	CCSBORF8190	UBTD2	-4.143420519324507	3.117334984670664
NC_000009.12:34647147:C:A	GALT	ENSG00000213930	CCSBVarC017965	CCSBORF300	ENSP00000368119.4:p.Arg48Ser	142C>A	CCSBORF8190	UBTD2	0.3923877435169165	2.565030152246266
NC_000009.12:34647216:C:T	GALT	ENSG00000213930	CCSBVarC017967	CCSBORF300	ENSP00000368119.4:p.Leu71Phe	211C>T	CCSBORF8190	UBTD2	-0.43080657545553913	2.5650145467416388
NC_000009.12:34647246:G:C	GALT	ENSG00000213930	CCSBVarC017970	CCSBORF300	ENSP00000368119.4:p.Ala81Pro	241G>C	CCSBORF8190	UBTD2	-0.6610442966834988	2.5651780103888875
NC_000009.12:34647835:G:A	GALT	ENSG00000213930	CCSBVarC017977	CCSBORF300	ENSP00000368119.4:p.Val128Ile	382G>A	CCSBORF8190	UBTD2	-6.800895055385616	2.691798651688687
NC_000009.12:34648139:T:G	GALT	ENSG00000213930	CCSBVarC018002	CCSBORF300	ENSP00000368119.4:p.Met178Arg	533T>G	CCSBORF8190	UBTD2	-7.574970664010628	2.5779813462893473
NC_000009.12:34647091:A:G	GALT	ENSG00000213930	CCSBVarC017963	CCSBORF300	ENSP00000368119.4:p.His29Arg	86A>G	CCSBORF8190	UBTD2	-0.9037663392750868	2.565123184106257
NC_000009.12:34649414:C:G	GALT	ENSG00000213930	CCSBVarC018097	CCSBORF300	ENSP00000368119.4:p.Pro304Ala	910C>G	CCSBORF8190	UBTD2	-5.1718964623026284	2.571180942657992
NC_000009.12:34649414:C:T	GALT	ENSG00000213930	CCSBVarC018099	CCSBORF300	ENSP00000368119.4:p.Pro304Ser	910C>T	CCSBORF8190	UBTD2	-4.826373086431854	2.575014413388815
NC_000009.12:34649552:A:G	GALT	ENSG00000213930	CCSBVarC007291	CCSBORF300	ENSP00000368119.4:p.Thr350Ala	1048A>G	CCSBORF8190	UBTD2	0.4865605170831315	1.7161430961416164
NC_000009.12:34647118:A:C	GALT	ENSG00000213930	CCSBVarC007145	CCSBORF300	ENSP00000368119.4:p.Gln38Pro	113A>C	CCSBORF8190	UBTD2	-3.381855412187009	2.9073427549475905
NC_000009.12:34647144:C:G	GALT	ENSG00000213930	CCSBVarC007149	CCSBORF300	ENSP00000368119.4:p.His47Asp	139C>G	CCSBORF8190	UBTD2	-6.584288845833564	1.7505716333405836
NC_000009.12:34647162:T:A	GALT	ENSG00000213930	CCSBVarC007152	CCSBORF300	ENSP00000368119.4:p.Trp53Arg	157T>A	CCSBORF8190	UBTD2	1.34589790133494	1.7184571394636743
NC_000009.12:34646704:A:G	GALT	ENSG00000213930	CCSBVarC004974	CCSBORF300	ENSP00000368119.4:p.Met1Val	1A>G	CCSBORF8190	UBTD2	-3.386746572109798	2.53690041108606
NC_000009.12:34647208:A:C	GALT	ENSG00000213930	CCSBVarC007158	CCSBORF300	ENSP00000368119.4:p.His68Pro	203A>C	CCSBORF8190	UBTD2	-0.36622668225294913	1.71654348155101
NC_000009.12:34646730:G:C	GALT	ENSG00000213930	CCSBVarC007135	CCSBORF300	ENSP00000368119.4:p.Gln9His	27G>C	CCSBORF8190	UBTD2	-0.49291520952540935	1.7168119292170816
NC_000009.12:34647523:T:G	GALT	ENSG00000213930	CCSBVarC007162	CCSBORF300	ENSP00000368119.4:p.Phe95Leu	285T>G	CCSBORF8190	UBTD2	-5.491172658303617	1.8114205910538934
NC_000009.12:34647677:T:C	GALT	ENSG00000213930	CCSBVarC004981	CCSBORF300	ENSP00000368119.4:p.Phe117Ser	350T>C	CCSBORF8190	UBTD2	-6.274903801885756	1.7516019575643538
NC_000009.12:34647701:T:C	GALT	ENSG00000213930	CCSBVarC007173	CCSBORF300	ENSP00000368119.4:p.Val125Ala	374T>C	CCSBORF8190	UBTD2	0.8023809913135879	1.7155712393275246
NC_000009.12:34647857:C:G	GALT	ENSG00000213930	CCSBVarC004982	CCSBORF300	ENSP00000368119.4:p.Ser135Trp	404C>G	CCSBORF8190	UBTD2	-5.859328125558679	1.747174639336716
NC_000009.12:34647866:C:T	GALT	ENSG00000213930	CCSBVarC007184	CCSBORF300	ENSP00000368119.4:p.Thr138Met	413C>T	CCSBORF8190	UBTD2	-1.8062242460257898	4.645251018604263
NC_000009.12:34647878:T:A	GALT	ENSG00000213930	CCSBVarC007187	CCSBORF300	ENSP00000368119.4:p.Met142Lys	425T>A	CCSBORF8190	UBTD2	-3.4384762177455226	4.335751640833704
NC_000009.12:34647952:T:C	GALT	ENSG00000213930	CCSBVarC007199	CCSBORF300	ENSP00000368119.4:p.Trp167Arg	499T>C	CCSBORF8190	UBTD2	-6.077306658938512	1.771011499811631
NC_000009.12:34647958:C:A	GALT	ENSG00000213930	CCSBVarC007201	CCSBORF300	ENSP00000368119.4:p.Gln169Lys	505C>A	CCSBORF8190	UBTD2	-8.298737288564972	1.8157469864270055
NC_000009.12:34648156:C:G	GALT	ENSG00000213930	CCSBVarC007209	CCSBORF300	ENSP00000368119.4:p.His184Asp	550C>G	CCSBORF8190	UBTD2	-4.737533695519325	2.6480599075976756
NC_000009.12:34648362:T:G	GALT	ENSG00000213930	CCSBVarC004989	CCSBORF300	ENSP00000368119.4:p.Ile198Met	594T>G	CCSBORF8190	UBTD2	-5.7021614061128325	1.7933877921373849
NC_000009.12:34648369:C:T	GALT	ENSG00000213930	CCSBVarC007222	CCSBORF300	ENSP00000368119.4:p.Arg201Cys	601C>T	CCSBORF8190	UBTD2	-5.116432096366119	1.7734711083199932
NC_000009.12:34648379:G:A	GALT	ENSG00000213930	CCSBVarC007226	CCSBORF300	ENSP00000368119.4:p.Arg204Gln	611G>A	CCSBORF8190	UBTD2	-2.318793646506933	1.8347514630843307
NC_000009.12:34648379:G:C	GALT	ENSG00000213930	CCSBVarC004991	CCSBORF300	ENSP00000368119.4:p.Arg204Pro	611G>C	CCSBORF8190	UBTD2	-7.428658317266775	1.7399840399878566
NC_000009.12:34648418:T:C	GALT	ENSG00000213930	CCSBVarC007229	CCSBORF300	ENSP00000368119.4:p.Leu217Pro	650T>C	CCSBORF8190	UBTD2	-5.997676941184768	2.3215700860595856
NC_000009.12:34648420:C:G	GALT	ENSG00000213930	CCSBVarC004993	CCSBORF300	ENSP00000368119.4:p.Leu218Val	652C>G	CCSBORF8190	UBTD2	-5.425057172713343	1.7574411942446555
NC_000009.12:34648426:G:A	GALT	ENSG00000213930	CCSBVarC007230	CCSBORF300	ENSP00000368119.4:p.Glu220Lys	658G>A	CCSBORF8190	UBTD2	1.583451107805315	1.9542981122830125
NC_000009.12:34648444:C:G	GALT	ENSG00000213930	CCSBVarC007231	CCSBORF300	ENSP00000368119.4:p.Leu226Val	676C>G	CCSBORF8190	UBTD2	1.5421888202744154	1.7179697367491398
NC_000009.12:34648455:G:T	GALT	ENSG00000213930	CCSBVarC007235	CCSBORF300	ENSP00000368119.4:p.Lys229Asn	687G>T	CCSBORF8190	UBTD2	-7.175173738715841	1.8612999235333387
NC_000009.12:34648770:G:C	GALT	ENSG00000213930	CCSBVarC007238	CCSBORF300	ENSP00000368119.4:p.Val233Leu	697G>C	CCSBORF8190	UBTD2	-7.994659111098566	1.8514098779179375
NC_000009.12:34648818:T:C	GALT	ENSG00000213930	CCSBVarC007239	CCSBORF300	ENSP00000368119.4:p.Trp249Arg	745T>C	CCSBORF8190	UBTD2	-7.99798363184677	1.9205277275769643
NC_000009.12:34647091:A:G	GALT	ENSG00000213930	CCSBVarC017963	CCSBORF300	ENSP00000368119.4:p.His29Arg	86A>G	CCSBORF8190	UBTD2	0.4159432632506326	1.7169570914200825
NC_000009.12:34647095:G:C	GALT	ENSG00000213930	CCSBVarC007141	CCSBORF300	ENSP00000368119.4:p.Gln30His	90G>C	CCSBORF8190	UBTD2	0.5313973192146868	1.7158586874607602
NC_000009.12:34649454:A:G	GALT	ENSG00000213930	CCSBVarC007268	CCSBORF300	ENSP00000368119.4:p.Gln317Arg	950A>G	CCSBORF8190	UBTD2	-4.729921860668163	2.044800690687528
NC_000009.12:34649461:C:G	GALT	ENSG00000213930	CCSBVarC000037	CCSBORF300	ENSP00000368119.4:p.His319Gln	957C>G	CCSBORF8190	UBTD2	-4.779179610952	1.9485473143874996
NC_000009.12:34649487:G:A	GALT	ENSG00000213930	CCSBVarC007278	CCSBORF300	ENSP00000368119.4:p.Arg328His	983G>A	CCSBORF8190	UBTD2	-5.067630218424124	1.7560624201774844
NC_000009.12:34647103:G:A	GALT	ENSG00000213930	CCSBVarC007144	CCSBORF300	ENSP00000368119.4:p.Arg33His	98G>A	CCSBORF8190	UBTD2	0.3490887809414258	1.7164754866897514
NC_000009.12:34649522:G:A	GALT	ENSG00000213930	CCSBVarC007287	CCSBORF300	ENSP00000368119.4:p.Glu340Lys	1018G>A	CCSBORF8190	UBTD2	-5.354525573570246	2.4964270333047143
NC_000009.12:34647157:G:A	GALT	ENSG00000213930	CCSBVarC004977	CCSBORF300	ENSP00000368119.4:p.Arg51Gln	152G>A	CCSBORF8190	UBTD2	-3.927262698539802	2.4930235770585236
NC_000009.12:34647157:G:T	GALT	ENSG00000213930	CCSBVarC007151	CCSBORF300	ENSP00000368119.4:p.Arg51Leu	152G>T	CCSBORF8190	UBTD2	0.24159507676762548	2.4835325556787406
NC_000009.12:34647168:G:T	GALT	ENSG00000213930	CCSBVarC007153	CCSBORF300	ENSP00000368119.4:p.Gly55Cys	163G>T	CCSBORF8190	UBTD2	-1.0595629921523022	2.4829696959967027
NC_000009.12:34647189:C:A	GALT	ENSG00000213930	CCSBVarC007154	CCSBORF300	ENSP00000368119.4:p.Leu62Met	184C>A	CCSBORF8190	UBTD2	-2.0920130167603284	4.063017782781402
NC_000009.12:34647202:C:A	GALT	ENSG00000213930	CCSBVarC007155	CCSBORF300	ENSP00000368119.4:p.Pro66His	197C>A	CCSBORF8190	UBTD2	0.6364040533869032	2.4829818030696873
NC_000009.12:34647202:C:T	GALT	ENSG00000213930	CCSBVarC007156	CCSBORF300	ENSP00000368119.4:p.Pro66Leu	197C>T	CCSBORF8190	UBTD2	-3.612269709764756	3.4087159794089703
NC_000009.12:34647695:G:A	GALT	ENSG00000213930	CCSBVarC007172	CCSBORF300	ENSP00000368119.4:p.Arg123Gln	368G>A	CCSBORF8190	UBTD2	-3.349098009067028	2.4871134903991496
NC_000009.12:34647832:A:G	GALT	ENSG00000213930	CCSBVarC007174	CCSBORF300	ENSP00000368119.4:p.Lys127Glu	379A>G	CCSBORF8190	UBTD2	-3.340174720544935	2.49686032962237
NC_000009.12:34647842:G:A	GALT	ENSG00000213930	CCSBVarC007178	CCSBORF300	ENSP00000368119.4:p.Cys130Tyr	389G>A	CCSBORF8190	UBTD2	-8.265461724095692	2.5144957018002847
NC_000009.12:34647847:C:T	GALT	ENSG00000213930	CCSBVarC007180	CCSBORF300	ENSP00000368119.4:p.His132Tyr	394C>T	CCSBORF8190	UBTD2	-6.3468779980849455	2.5030773759782297
NC_000009.12:34647869:T:C	GALT	ENSG00000213930	CCSBVarC007185	CCSBORF300	ENSP00000368119.4:p.Leu139Pro	416T>C	CCSBORF8190	UBTD2	-8.083645181542286	2.508224335260984
NC_000009.12:34648336:T:C	GALT	ENSG00000213930	CCSBVarC007216	CCSBORF300	ENSP00000368119.4:p.Trp190Arg	568T>C	CCSBORF8190	UBTD2	-6.82737318083759	2.5102176619327974
NC_000009.12:34648340:C:T	GALT	ENSG00000213930	CCSBVarC007217	CCSBORF300	ENSP00000368119.4:p.Ala191Val	572C>T	CCSBORF8190	UBTD2	-3.2096298206404006	2.508997850982505
NC_000009.12:34648370:G:A	GALT	ENSG00000213930	CCSBVarC007223	CCSBORF300	ENSP00000368119.4:p.Arg201His	602G>A	CCSBORF8190	UBTD2	-5.115110311870676	2.496880557122255
NC_000009.12:34648394:A:G	GALT	ENSG00000213930	CCSBVarC004992	CCSBORF300	ENSP00000368119.4:p.Tyr209Cys	626A>G	CCSBORF8190	UBTD2	-4.276663025693833	2.4850089068604992
NC_000009.12:34648445:T:C	GALT	ENSG00000213930	CCSBVarC007232	CCSBORF300	ENSP00000368119.4:p.Leu226Pro	677T>C	CCSBORF8190	UBTD2	-6.077675963693594	2.512289098135205
NC_000009.12:34648829:G:T	GALT	ENSG00000213930	CCSBVarC007243	CCSBORF300	ENSP00000368119.4:p.Gln252His	756G>T	CCSBORF8190	UBTD2	-6.86824030213238	2.5244192086618917
NC_000009.12:34648849:G:A	GALT	ENSG00000213930	CCSBVarC007246	CCSBORF300	ENSP00000368119.4:p.Arg259Gln	776G>A	CCSBORF8190	UBTD2	-7.422724633438966	2.4888081002501523
NC_000009.12:34648888:G:A	GALT	ENSG00000213930	CCSBVarC000036	CCSBORF300	ENSP00000368119.4:p.Arg272His	815G>A	CCSBORF8190	UBTD2	-6.454597647395413	2.491101406515316
NC_000009.12:34649009:T:A	GALT	ENSG00000213930	CCSBVarC007253	CCSBORF300	ENSP00000368119.4:p.Ile278Asn	833T>A	CCSBORF8190	UBTD2	-5.110180923512724	2.5195521923444963
NC_000009.12:34649042:T:G	GALT	ENSG00000213930	CCSBVarC007261	CCSBORF300	ENSP00000368119.4:p.Leu289Arg	866T>G	CCSBORF8190	UBTD2	-8.171210946371463	2.5237540461389893
NC_000009.12:34647096:C:A	GALT	ENSG00000213930	CCSBVarC007142	CCSBORF300	ENSP00000368119.4:p.His31Asn	91C>A	CCSBORF8190	UBTD2	-3.1626261410085563	2.8258817701242944
NC_000009.12:34649426:G:A	GALT	ENSG00000213930	CCSBVarC007267	CCSBORF300	ENSP00000368119.4:p.Glu308Lys	922G>A	CCSBORF8190	UBTD2	-5.397908648957827	2.5059710810170284
NC_000009.12:34649463:C:T	GALT	ENSG00000213930	CCSBVarC007271	CCSBORF300	ENSP00000368119.4:p.Ala320Val	959C>T	CCSBORF8190	UBTD2	-7.448295901926093	2.513050640855367
NC_000009.12:34649474:C:T	GALT	ENSG00000213930	CCSBVarC005000	CCSBORF300	ENSP00000368119.4:p.Pro324Ser	970C>T	CCSBORF8190	UBTD2	-8.064172458015538	2.499943553368138
NC_000009.12:34649484:T:C	GALT	ENSG00000213930	CCSBVarC007276	CCSBORF300	ENSP00000368119.4:p.Leu327Pro	980T>C	CCSBORF8190	UBTD2	-2.6492797247514104	3.001569009198822
NC_000009.12:34649501:C:G	GALT	ENSG00000213930	CCSBVarC007281	CCSBORF300	ENSP00000368119.4:p.Arg333Gly	997C>G	CCSBORF8190	UBTD2	-0.6261865604851466	2.48382094463649
NC_000009.12:34649534:C:A	GALT	ENSG00000213930	CCSBVarC007289	CCSBORF300	ENSP00000368119.4:p.Gln344Lys	1030C>A	CCSBORF8190	UBTD2	-0.38828782988331745	2.856403858612852
NC_000009.12:34647147:C:T	GALT	ENSG00000213930	CCSBVarC007150	CCSBORF300	ENSP00000368119.4:p.Arg48Cys	142C>T	CCSBORF8190	UBTD2	1.464276332432721	2.856726779369876
NC_000009.12:34647204:C:T	GALT	ENSG00000213930	CCSBVarC007157	CCSBORF300	ENSP00000368119.4:p.Arg67Cys	199C>T	CCSBORF8190	UBTD2	2.5320187737280735	2.856472009583262
NC_000009.12:34647226:T:C	GALT	ENSG00000213930	CCSBVarC007159	CCSBORF300	ENSP00000368119.4:p.Leu74Pro	221T>C	CCSBORF8190	UBTD2	1.9715422248637449	2.858001077582375
NC_000009.12:34647503:T:G	GALT	ENSG00000213930	CCSBVarC007160	CCSBORF300	ENSP00000368119.4:p.Tyr89Asp	265T>G	CCSBORF8190	UBTD2	-1.1126741480234323	3.1522899561294837
NC_000009.12:34647537:C:G	GALT	ENSG00000213930	CCSBVarC007166	CCSBORF300	ENSP00000368119.4:p.Pro100Arg	299C>G	CCSBORF8190	UBTD2	2.7510658350674526	2.857072315327877
NC_000009.12:34647656:G:A	GALT	ENSG00000213930	CCSBVarC007168	CCSBORF300	ENSP00000368119.4:p.Gly110Glu	329G>A	CCSBORF8190	UBTD2	-5.361822205464039	2.932022061212723
NC_000009.12:34647668:A:T	GALT	ENSG00000213930	CCSBVarC004980	CCSBORF300	ENSP00000368119.4:p.His114Leu	341A>T	CCSBORF8190	UBTD2	-0.7313732229909943	2.859147969611202
NC_000009.12:34647849:C:A	GALT	ENSG00000213930	CCSBVarC007181	CCSBORF300	ENSP00000368119.4:p.His132Gln	396C>A	CCSBORF8190	UBTD2	-3.4895010609862336	4.415785880548721
NC_000009.12:34647857:C:T	GALT	ENSG00000213930	CCSBVarC007182	CCSBORF300	ENSP00000368119.4:p.Ser135Leu	404C>T	CCSBORF8190	UBTD2	-2.948032411484645	2.869789336906233
NC_000009.12:34647895:C:G	GALT	ENSG00000213930	CCSBVarC007190	CCSBORF300	ENSP00000368119.4:p.Arg148Gly	442C>G	CCSBORF8190	UBTD2	-5.249618237161121	2.865665133323772
NC_000009.12:34647913:T:G	GALT	ENSG00000213930	CCSBVarC007196	CCSBORF300	ENSP00000368119.4:p.Trp154Gly	460T>G	CCSBORF8190	UBTD2	-5.843101516292879	2.9531206425255156
NC_000009.12:34648115:T:C	GALT	ENSG00000213930	CCSBVarC007203	CCSBORF300	ENSP00000368119.4:p.Ile170Thr	509T>C	CCSBORF8190	UBTD2	-4.709173595640179	2.9565312787308073
NC_000009.12:34648148:C:T	GALT	ENSG00000213930	CCSBVarC007208	CCSBORF300	ENSP00000368119.4:p.Ser181Phe	542C>T	CCSBORF8190	UBTD2	-4.943392740660411	2.8828512976249585
NC_000009.12:34648153:C:A	GALT	ENSG00000213930	CCSBVarC004985	CCSBORF300	ENSP00000368119.4:p.Pro183Thr	547C>A	CCSBORF8190	UBTD2	1.0925606042931717	2.8574421957710965
NC_000009.12:34648343:G:A	GALT	ENSG00000213930	CCSBVarC007218	CCSBORF300	ENSP00000368119.4:p.Ser192Asn	575G>A	CCSBORF8190	UBTD2	-6.675112464383179	2.9253968089536504
NC_000009.12:34648355:C:T	GALT	ENSG00000213930	CCSBVarC007221	CCSBORF300	ENSP00000368119.4:p.Pro196Leu	587C>T	CCSBORF8190	UBTD2	-5.083843304739924	2.899934703370183
NC_000009.12:34648448:T:C	GALT	ENSG00000213930	CCSBVarC007233	CCSBORF300	ENSP00000368119.4:p.Leu227Pro	680T>C	CCSBORF8190	UBTD2	-6.344078865942725	2.9144338013898095
NC_000009.12:34648764:C:T	GALT	ENSG00000213930	CCSBVarC007236	CCSBORF300	ENSP00000368119.4:p.Arg231Cys	691C>T	CCSBORF8190	UBTD2	1.1626422709058464	2.8575657429533474
NC_000009.12:34648765:G:A	GALT	ENSG00000213930	CCSBVarC007237	CCSBORF300	ENSP00000368119.4:p.Arg231His	692G>A	CCSBORF8190	UBTD2	0.013999196614818063	2.8567612696093447
NC_000009.12:34648848:C:T	GALT	ENSG00000213930	CCSBVarC007245	CCSBORF300	ENSP00000368119.4:p.Arg259Trp	775C>T	CCSBORF8190	UBTD2	-4.118525316353752	2.8781022263601757
NC_000009.12:34648866:C:G	GALT	ENSG00000213930	CCSBVarC007248	CCSBORF300	ENSP00000368119.4:p.Pro265Ala	793C>G	CCSBORF8190	UBTD2	-0.5387857895450328	2.856661829244513
NC_000009.12:34648876:C:A	GALT	ENSG00000213930	CCSBVarC007249	CCSBORF300	ENSP00000368119.4:p.Thr268Asn	803C>A	CCSBORF8190	UBTD2	-1.5412258055626924	3.0579220553579254
NC_000009.12:34649020:C:G	GALT	ENSG00000213930	CCSBVarC007255	CCSBORF300	ENSP00000368119.4:p.Leu282Val	844C>G	CCSBORF8190	UBTD2	-2.932500631981279	4.9348603233593735
NC_000009.12:34649069:T:C	GALT	ENSG00000213930	CCSBVarC007265	CCSBORF300	ENSP00000368119.4:p.Met298Thr	893T>C	CCSBORF8190	UBTD2	-5.689951276905144	3.49764463899897
NC_000009.12:34647100:T:A	GALT	ENSG00000213930	CCSBVarC007143	CCSBORF300	ENSP00000368119.4:p.Ile32Asn	95T>A	CCSBORF8190	UBTD2	0.6688443708080044	2.857039039009754
NC_000009.12:34649465:C:T	GALT	ENSG00000213930	CCSBVarC007272	CCSBORF300	ENSP00000368119.4:p.His321Tyr	961C>T	CCSBORF8190	UBTD2	-5.933062739315071	2.9406159028805225
NC_000009.12:34649471:T:G	GALT	ENSG00000213930	CCSBVarC004999	CCSBORF300	ENSP00000368119.4:p.Tyr323Asp	967T>G	CCSBORF8190	UBTD2	-4.818289469487382	2.924343415371623
NC_000021.9:43060527:G:A	CBS	ENSG00000160200	CCSBVarC007312	CCSBORF359	ENSP00000381231.4:p.Thr353Met	1058C>T	CCSBORF4616	UBE2I	-4.83038081135762	0.836739999823426
NC_000021.9:43060474:C:T	CBS	ENSG00000160200	CCSBVarC007308	CCSBORF359	ENSP00000381231.4:p.Val371Met	1111G>A	CCSBORF4616	UBE2I	-1.797271818174838	0.8229252420604954
NC_000021.9:43072047:G:A	CBS	ENSG00000160200	CCSBVarC000042	CCSBORF359	ENSP00000381231.4:p.Pro49Leu	146C>T	CCSBORF4616	UBE2I	-0.011659469046087056	0.8210883905081312
NC_000021.9:43072018:G:A	CBS	ENSG00000160200	CCSBVarC008674	CCSBORF359	ENSP00000381231.4:p.Pro59Ser	175C>T	CCSBORF4616	UBE2I	-4.859766827568288	1.772489696024935
NC_000021.9:43066263:C:T	CBS	ENSG00000160200	CCSBVarC007340	CCSBORF359	ENSP00000381231.4:p.Glu144Lys	430G>A	CCSBORF4616	UBE2I	-2.0309583903599204	1.7822499659966737
NC_000021.9:43066251:C:T	CBS	ENSG00000160200	CCSBVarC007338	CCSBORF359	ENSP00000381231.4:p.Gly148Arg	442G>A	CCSBORF4616	UBE2I	-2.100803819691275	0.821619152164409
NC_000021.9:43065652:C:T	CBS	ENSG00000160200	CCSBVarC008696	CCSBORF359	ENSP00000381231.4:p.Cys165Tyr	494G>A	CCSBORF4616	UBE2I	-2.551926326316754	0.8498661650349062
NC_000021.9:43072141:G:A	CBS	ENSG00000160200	CCSBVarC007367	CCSBORF359	ENSP00000381231.4:p.Arg18Cys	52C>T	CCSBORF4616	UBE2I	-3.816203035988198	0.8372849933925098
NC_000021.9:43065238:C:T	CBS	ENSG00000160200	CCSBVarC007328	CCSBORF359	ENSP00000381231.4:p.Asp234Asn	700G>A	CCSBORF4616	UBE2I	-1.7260163898103582	0.8217563703886106
NC_000021.9:43063930:C:T	CBS	ENSG00000160200	CCSBVarC007324	CCSBORF359	ENSP00000381231.4:p.Arg266Lys	797G>A	CCSBORF4616	UBE2I	-0.5775473388871545	0.8214055394803698
NC_000021.9:43063073:A:G	CBS	ENSG00000160200	CCSBVarC000044	CCSBORF359	ENSP00000381231.4:p.Ile278Thr	833T>C	CCSBORF4616	UBE2I	-6.351040055773236	0.8584342940239651
NC_000021.9:43062310:C:T	CBS	ENSG00000160200	CCSBVarC007313	CCSBORF359	ENSP00000381231.4:p.Gly347Ser	1039G>A	CCSBORF4616	UBE2I	-0.10478641807407563	0.9230516921623589
NC_000021.9:43060476:C:T	CBS	ENSG00000160200	CCSBVarC007309	CCSBORF359	ENSP00000381231.4:p.Cys370Tyr	1109G>A	CCSBORF4616	UBE2I	-5.062376885047987	0.9417626788744821
NC_000021.9:43060450:G:A	CBS	ENSG00000160200	CCSBVarC007307	CCSBORF359	ENSP00000381231.4:p.Arg379Trp	1135C>T	CCSBORF4616	UBE2I	0.08537102204929631	0.9221406262181486
NC_000021.9:43058911:G:A	CBS	ENSG00000160200	CCSBVarC007303	CCSBORF359	ENSP00000381231.4:p.Pro427Leu	1280C>T	CCSBORF4616	UBE2I	-0.2887986955621389	0.9232700611580755
NC_000021.9:43058244:A:G	CBS	ENSG00000160200	CCSBVarC000045	CCSBORF359	ENSP00000381231.4:p.Leu456Pro	1367T>C	CCSBORF4616	UBE2I	-5.698034377906727	0.9661732488934888
NC_000021.9:43068591:G:C	CBS	ENSG00000160200	CCSBVarC007359	CCSBORF359	ENSP00000381231.4:p.Pro78Arg	233C>G	CCSBORF4616	UBE2I	-0.6865904106867637	0.945542272603079
NC_000021.9:43068522:A:G	CBS	ENSG00000160200	CCSBVarC007354	CCSBORF359	ENSP00000381231.4:p.Leu101Pro	302T>C	CCSBORF4616	UBE2I	-6.577618007337131	1.0130264992035154
NC_000021.9:43066368:A:G	CBS	ENSG00000160200	CCSBVarC007352	CCSBORF359	ENSP00000381231.4:p.Cys109Arg	325T>C	CCSBORF4616	UBE2I	NULL	NULL
NC_000021.9:43066331:C:T	CBS	ENSG00000160200	CCSBVarC007346	CCSBORF359	ENSP00000381231.4:p.Arg121His	362G>A	CCSBORF4616	UBE2I	-2.1042161287448584	0.9383731349291606
NC_000021.9:43066259:G:A	CBS	ENSG00000160200	CCSBVarC007339	CCSBORF359	ENSP00000381231.4:p.Pro145Leu	434C>T	CCSBORF4616	UBE2I	-4.546911099200023	1.33009646918005
NC_000021.9:43065685:A:T	CBS	ENSG00000160200	CCSBVarC000043	CCSBORF359	ENSP00000381231.4:p.Leu154Gln	461T>A	CCSBORF4616	UBE2I	-2.5395277903043065	0.9265422243853024
NC_000021.9:43065480:G:A	CBS	ENSG00000160200	CCSBVarC007333	CCSBORF359	ENSP00000381231.4:p.Thr191Met	572C>T	CCSBORF4616	UBE2I	-2.239913722979291	0.9374666559489646
NC_000021.9:43065254:G:T	CBS	ENSG00000160200	CCSBVarC008700	CCSBORF359	ENSP00000381231.4:p.Asn228Lys	684C>A	CCSBORF4616	UBE2I	NULL	NULL
NC_000021.9:43063942:G:A	CBS	ENSG00000160200	CCSBVarC007325	CCSBORF359	ENSP00000381231.4:p.Thr262Met	785C>T	CCSBORF4616	UBE2I	-4.734966454017222	0.9945942639424066
NC_000021.9:43062987:C:T	CBS	ENSG00000160200	CCSBVarC007321	CCSBORF359	ENSP00000381231.4:p.Gly307Ser	919G>A	CCSBORF4616	UBE2I	-0.5530454429192256	0.9228954108211015
NC_000021.9:43062965:A:G	CBS	ENSG00000160200	CCSBVarC008704	CCSBORF359	ENSP00000381231.4:p.Val314Ala	941T>C	CCSBORF4616	UBE2I	-1.0710218965501337	1.2290982341426868
NC_000021.9:43062310:C:T	CBS	ENSG00000160200	CCSBVarC007313	CCSBORF359	ENSP00000381231.4:p.Gly347Ser	1039G>A	CCSBORF5539	ZMYM5	-4.398394934505004	1.5790535072916418
NC_000021.9:43060476:C:T	CBS	ENSG00000160200	CCSBVarC007309	CCSBORF359	ENSP00000381231.4:p.Cys370Tyr	1109G>A	CCSBORF5539	ZMYM5	-4.100466231709101	1.5828701136058512
NC_000021.9:43060450:G:A	CBS	ENSG00000160200	CCSBVarC007307	CCSBORF359	ENSP00000381231.4:p.Arg379Trp	1135C>T	CCSBORF5539	ZMYM5	-2.042885765374303	1.5763602285226217
NC_000021.9:43058911:G:A	CBS	ENSG00000160200	CCSBVarC007303	CCSBORF359	ENSP00000381231.4:p.Pro427Leu	1280C>T	CCSBORF5539	ZMYM5	-0.42897156745740483	1.8755812924343156
NC_000021.9:43058244:A:G	CBS	ENSG00000160200	CCSBVarC000045	CCSBORF359	ENSP00000381231.4:p.Leu456Pro	1367T>C	CCSBORF5539	ZMYM5	-6.2118904023904165	1.6047793801138563
NC_000021.9:43068591:G:C	CBS	ENSG00000160200	CCSBVarC007359	CCSBORF359	ENSP00000381231.4:p.Pro78Arg	233C>G	CCSBORF5539	ZMYM5	NULL	NULL
NC_000021.9:43068522:A:G	CBS	ENSG00000160200	CCSBVarC007354	CCSBORF359	ENSP00000381231.4:p.Leu101Pro	302T>C	CCSBORF5539	ZMYM5	-6.013135767133185	1.6026563526396276
NC_000021.9:43066368:A:G	CBS	ENSG00000160200	CCSBVarC007352	CCSBORF359	ENSP00000381231.4:p.Cys109Arg	325T>C	CCSBORF5539	ZMYM5	-3.9723298290240385	1.597897570865598
NC_000021.9:43066331:C:T	CBS	ENSG00000160200	CCSBVarC007346	CCSBORF359	ENSP00000381231.4:p.Arg121His	362G>A	CCSBORF5539	ZMYM5	-5.873312149630243	1.5886433259190713
NC_000021.9:43066259:G:A	CBS	ENSG00000160200	CCSBVarC007339	CCSBORF359	ENSP00000381231.4:p.Pro145Leu	434C>T	CCSBORF5539	ZMYM5	-4.032025891042044	1.6176606327816232
NC_000021.9:43065685:A:T	CBS	ENSG00000160200	CCSBVarC000043	CCSBORF359	ENSP00000381231.4:p.Leu154Gln	461T>A	CCSBORF5539	ZMYM5	-5.717882950082169	1.6107512384847746
NC_000021.9:43065480:G:A	CBS	ENSG00000160200	CCSBVarC007333	CCSBORF359	ENSP00000381231.4:p.Thr191Met	572C>T	CCSBORF5539	ZMYM5	-2.8914525990780966	1.585653509370543
NC_000021.9:43065254:G:T	CBS	ENSG00000160200	CCSBVarC008700	CCSBORF359	ENSP00000381231.4:p.Asn228Lys	684C>A	CCSBORF5539	ZMYM5	-4.265558678087823	3.687818280202903
NC_000021.9:43063942:G:A	CBS	ENSG00000160200	CCSBVarC007325	CCSBORF359	ENSP00000381231.4:p.Thr262Met	785C>T	CCSBORF5539	ZMYM5	-4.5662478985820005	1.5997480445393264
NC_000021.9:43062987:C:T	CBS	ENSG00000160200	CCSBVarC007321	CCSBORF359	ENSP00000381231.4:p.Gly307Ser	919G>A	CCSBORF5539	ZMYM5	-0.9070167814266704	1.5790549504802835
NC_000021.9:43062965:A:G	CBS	ENSG00000160200	CCSBVarC008704	CCSBORF359	ENSP00000381231.4:p.Val314Ala	941T>C	CCSBORF5539	ZMYM5	NULL	NULL
NC_000021.9:43060476:C:T	CBS	ENSG00000160200	CCSBVarC007309	CCSBORF359	ENSP00000381231.4:p.Cys370Tyr	1109G>A	CCSBORF5539	ZMYM5	-2.948484278543469	2.1926537461439275
NC_000021.9:43072060:G:A	CBS	ENSG00000160200	CCSBVarC007364	CCSBORF359	ENSP00000381231.4:p.Arg45Trp	133C>T	CCSBORF5539	ZMYM5	1.7417664044358745	2.716869298465074
NC_000021.9:43058833:C:T	CBS	ENSG00000160200	CCSBVarC007299	CCSBORF359	ENSP00000381231.4:p.Gly453Glu	1358G>A	CCSBORF5539	ZMYM5	-6.27223540257832	2.505388668940388
NC_000021.9:43056815:G:C	CBS	ENSG00000160200	CCSBVarC007295	CCSBORF359	ENSP00000381231.4:p.His513Gln	1539C>G	CCSBORF5539	ZMYM5	0.6434220703038597	2.1597993243092835
NC_000021.9:43071984:G:A	CBS	ENSG00000160200	CCSBVarC007361	CCSBORF359	ENSP00000381231.4:p.Pro70Leu	209C>T	CCSBORF5539	ZMYM5	1.0209434999850435	2.1623437608908236
NC_000021.9:43068609:T:A	CBS	ENSG00000160200	CCSBVarC007360	CCSBORF359	ENSP00000381231.4:p.Lys72Ile	215A>T	CCSBORF5539	ZMYM5	0.7150073215085444	2.1541294786024796
NC_000021.9:43068528:A:T	CBS	ENSG00000160200	CCSBVarC007357	CCSBORF359	ENSP00000381231.4:p.Phe99Tyr	296T>A	CCSBORF5539	ZMYM5	1.7056083611207817	2.1671806638393893
NC_000021.9:43068527:G:C	CBS	ENSG00000160200	CCSBVarC007356	CCSBORF359	ENSP00000381231.4:p.Phe99Leu	297C>G	CCSBORF5539	ZMYM5	-0.24475634628340126	2.6215141441531014
NC_000021.9:43066299:G:T	CBS	ENSG00000160200	CCSBVarC007345	CCSBORF359	ENSP00000381231.4:p.Arg132Ser	394C>A	CCSBORF5539	ZMYM5	-3.603699239414287	2.261745006635958
NC_000021.9:43066292:C:G	CBS	ENSG00000160200	CCSBVarC007341	CCSBORF359	ENSP00000381231.4:p.Gly134Ala	401G>C	CCSBORF5539	ZMYM5	-4.439472467415525	2.464133048897036
NC_000021.9:43066264:G:C	CBS	ENSG00000160200	CCSBVarC008694	CCSBORF359	ENSP00000381231.4:p.Ile143Met	429C>G	CCSBORF5539	ZMYM5	-4.439861715941585	2.196367704382759
NC_000021.9:43063977:C:T	CBS	ENSG00000160200	CCSBVarC007327	CCSBORF359	ENSP00000381231.4:p.Met250Ile	750G>A	CCSBORF5539	ZMYM5	-2.684478372220375	2.266463199222448
NC_000021.9:43063957:G:A	CBS	ENSG00000160200	CCSBVarC007326	CCSBORF359	ENSP00000381231.4:p.Thr257Met	770C>T	CCSBORF5539	ZMYM5	-0.2527724869222514	2.1680518163180715
NC_000021.9:43063049:A:G	CBS	ENSG00000160200	CCSBVarC007322	CCSBORF359	ENSP00000381231.4:p.Ile286Thr	857T>C	CCSBORF5539	ZMYM5	-2.405124208084952	2.685037791987506
NC_000021.9:43062953:G:A	CBS	ENSG00000160200	CCSBVarC007320	CCSBORF359	ENSP00000381231.4:p.Thr318Met	953C>T	CCSBORF5539	ZMYM5	0.7686817135689861	2.1551424806204187
NC_000021.9:43062340:T:G	CBS	ENSG00000160200	CCSBVarC007315	CCSBORF359	ENSP00000381231.4:p.Met337Leu	1009A>C	CCSBORF4616	UBE2I	-0.10087179168574212	1.5221748578088317
NC_000021.9:43072059:C:T	CBS	ENSG00000160200	CCSBVarC007363	CCSBORF359	ENSP00000381231.4:p.Arg45Gln	134G>A	CCSBORF4616	UBE2I	-1.2143716504644315	1.5218143273459932
NC_000021.9:43058214:G:A	CBS	ENSG00000160200	CCSBVarC007298	CCSBORF359	ENSP00000381231.4:p.Ser466Leu	1397C>T	CCSBORF4616	UBE2I	1.4501645352269044	1.5199445835427654
NC_000021.9:43058175:A:G	CBS	ENSG00000160200	CCSBVarC007296	CCSBORF359	ENSP00000381231.4:p.Val479Ala	1436T>C	CCSBORF4616	UBE2I	-0.27317862286971306	1.5179531455309343
NC_000021.9:43072041:C:T	CBS	ENSG00000160200	CCSBVarC007362	CCSBORF359	ENSP00000381231.4:p.Arg51Lys	152G>A	CCSBORF4616	UBE2I	1.3383496008442606	1.5196104640312502
NC_000021.9:43068523:G:C	CBS	ENSG00000160200	CCSBVarC007355	CCSBORF359	ENSP00000381231.4:p.Leu101Val	301C>G	CCSBORF4616	UBE2I	-0.8992600509246846	3.5418563123169307
NC_000021.9:43072159:G:A	CBS	ENSG00000160200	CCSBVarC007368	CCSBORF359	ENSP00000381231.4:p.Pro12Ser	34C>T	CCSBORF4616	UBE2I	1.1196913919274736	1.5203890445698927
NC_000021.9:43066341:C:T	CBS	ENSG00000160200	CCSBVarC007348	CCSBORF359	ENSP00000381231.4:p.Val118Met	352G>A	CCSBORF4616	UBE2I	-1.3230899186013718	1.5294404764769398
NC_000021.9:43066298:C:T	CBS	ENSG00000160200	CCSBVarC007344	CCSBORF359	ENSP00000381231.4:p.Arg132His	395G>A	CCSBORF4616	UBE2I	-2.095180410858726	1.9253611975605671
NC_000021.9:43066296:C:T	CBS	ENSG00000160200	CCSBVarC007343	CCSBORF359	ENSP00000381231.4:p.Asp133Asn	397G>A	CCSBORF4616	UBE2I	-0.34579308087168154	1.5176142165505737
NC_000021.9:43066293:C:T	CBS	ENSG00000160200	CCSBVarC007342	CCSBORF359	ENSP00000381231.4:p.Gly134Arg	400G>A	CCSBORF4616	UBE2I	-2.0995284048692278	1.5183836584735586
NC_000021.9:43065677:C:T	CBS	ENSG00000160200	CCSBVarC007337	CCSBORF359	ENSP00000381231.4:p.Ala157Thr	469G>A	CCSBORF4616	UBE2I	-0.041966267539507024	1.517569519299911
NC_000021.9:43065644:C:T	CBS	ENSG00000160200	CCSBVarC007336	CCSBORF359	ENSP00000381231.4:p.Val168Met	502G>A	CCSBORF4616	UBE2I	-6.423733006328744	2.452638620401365
NC_000021.9:43065615:C:G	CBS	ENSG00000160200	CCSBVarC007335	CCSBORF359	ENSP00000381231.4:p.Lys177Asn	531G>C	CCSBORF4616	UBE2I	-0.19933626569991525	1.5167747973051438
NC_000021.9:43065520:C:T	CBS	ENSG00000160200	CCSBVarC007334	CCSBORF359	ENSP00000381231.4:p.Val178Met	532G>A	CCSBORF4616	UBE2I	1.709648414307169	1.517867385479871
NC_000021.9:43065436:C:T	CBS	ENSG00000160200	CCSBVarC007332	CCSBORF359	ENSP00000381231.4:p.Val206Met	616G>A	CCSBORF4616	UBE2I	0.31931368685900086	1.5231332678546232
NC_000021.9:43065416:G:C	CBS	ENSG00000160200	CCSBVarC007330	CCSBORF359	ENSP00000381231.4:p.Asn212Lys	636C>G	CCSBORF4616	UBE2I	-1.1811056695621436	1.5273717699100124
NC_000021.9:43065268:G:A	CBS	ENSG00000160200	CCSBVarC007329	CCSBORF359	ENSP00000381231.4:p.Arg224Cys	670C>T	CCSBORF4616	UBE2I	-0.6000672619057972	1.5278281999008336
NC_000021.9:43063062:G:A	CBS	ENSG00000160200	CCSBVarC007323	CCSBORF359	ENSP00000381231.4:p.Pro282Ser	844C>T	CCSBORF4616	UBE2I	-0.1654412780250461	1.518145609854637
NC_000021.9:43062357:G:A	CBS	ENSG00000160200	CCSBVarC007318	CCSBORF359	ENSP00000381231.4:p.Ala331Val	992C>T	CCSBORF4616	UBE2I	-1.5395505575135682	1.5235397817326721
NC_000021.9:43062340:T:G	CBS	ENSG00000160200	CCSBVarC007315	CCSBORF359	ENSP00000381231.4:p.Met337Leu	1009A>C	CCSBORF5539	ZMYM5	-2.9017308272476057	2.528169088375998
NC_000021.9:43072059:C:T	CBS	ENSG00000160200	CCSBVarC007363	CCSBORF359	ENSP00000381231.4:p.Arg45Gln	134G>A	CCSBORF5539	ZMYM5	NULL	NULL
NC_000021.9:43058214:G:A	CBS	ENSG00000160200	CCSBVarC007298	CCSBORF359	ENSP00000381231.4:p.Ser466Leu	1397C>T	CCSBORF5539	ZMYM5	1.0024941742487	2.5242586522301105
NC_000021.9:43058175:A:G	CBS	ENSG00000160200	CCSBVarC007296	CCSBORF359	ENSP00000381231.4:p.Val479Ala	1436T>C	CCSBORF5539	ZMYM5	-0.9997293606842172	2.5230911788366455
NC_000021.9:43072041:C:T	CBS	ENSG00000160200	CCSBVarC007362	CCSBORF359	ENSP00000381231.4:p.Arg51Lys	152G>A	CCSBORF5539	ZMYM5	0.23120003808932965	2.5235274325594155
NC_000021.9:43068523:G:C	CBS	ENSG00000160200	CCSBVarC007355	CCSBORF359	ENSP00000381231.4:p.Leu101Val	301C>G	CCSBORF5539	ZMYM5	-1.5943664706766159	2.7180059489592727
NC_000021.9:43072159:G:A	CBS	ENSG00000160200	CCSBVarC007368	CCSBORF359	ENSP00000381231.4:p.Pro12Ser	34C>T	CCSBORF5539	ZMYM5	-0.4377417678841128	2.525961969114089
NC_000021.9:43066341:C:T	CBS	ENSG00000160200	CCSBVarC007348	CCSBORF359	ENSP00000381231.4:p.Val118Met	352G>A	CCSBORF5539	ZMYM5	-2.0154706838861176	2.5267745671917106
NC_000021.9:43066298:C:T	CBS	ENSG00000160200	CCSBVarC007344	CCSBORF359	ENSP00000381231.4:p.Arg132His	395G>A	CCSBORF5539	ZMYM5	-1.7525853979453372	2.5774918533071145
NC_000021.9:43066296:C:T	CBS	ENSG00000160200	CCSBVarC007343	CCSBORF359	ENSP00000381231.4:p.Asp133Asn	397G>A	CCSBORF5539	ZMYM5	-0.5534052739324125	2.522163787570277
NC_000021.9:43066293:C:T	CBS	ENSG00000160200	CCSBVarC007342	CCSBORF359	ENSP00000381231.4:p.Gly134Arg	400G>A	CCSBORF5539	ZMYM5	-4.445562817533396	2.5293451143075942
NC_000021.9:43065677:C:T	CBS	ENSG00000160200	CCSBVarC007337	CCSBORF359	ENSP00000381231.4:p.Ala157Thr	469G>A	CCSBORF5539	ZMYM5	-2.5756752536501915	3.842224176316765
NC_000021.9:43065644:C:T	CBS	ENSG00000160200	CCSBVarC007336	CCSBORF359	ENSP00000381231.4:p.Val168Met	502G>A	CCSBORF5539	ZMYM5	-7.202355372884871	2.5812914203684634
NC_000021.9:43065615:C:G	CBS	ENSG00000160200	CCSBVarC007335	CCSBORF359	ENSP00000381231.4:p.Lys177Asn	531G>C	CCSBORF5539	ZMYM5	0.2687954230652938	2.521439448020798
NC_000021.9:43065520:C:T	CBS	ENSG00000160200	CCSBVarC007334	CCSBORF359	ENSP00000381231.4:p.Val178Met	532G>A	CCSBORF5539	ZMYM5	-2.935291235025769	2.822944113248292
NC_000021.9:43065436:C:T	CBS	ENSG00000160200	CCSBVarC007332	CCSBORF359	ENSP00000381231.4:p.Val206Met	616G>A	CCSBORF5539	ZMYM5	-1.0110477418561	2.5228993312118155
NC_000021.9:43065416:G:C	CBS	ENSG00000160200	CCSBVarC007330	CCSBORF359	ENSP00000381231.4:p.Asn212Lys	636C>G	CCSBORF5539	ZMYM5	-3.0601057255394024	2.5257613198651128
NC_000021.9:43065268:G:A	CBS	ENSG00000160200	CCSBVarC007329	CCSBORF359	ENSP00000381231.4:p.Arg224Cys	670C>T	CCSBORF5539	ZMYM5	-0.4110331787217004	2.521442150426623
NC_000021.9:43063062:G:A	CBS	ENSG00000160200	CCSBVarC007323	CCSBORF359	ENSP00000381231.4:p.Pro282Ser	844C>T	CCSBORF5539	ZMYM5	1.5461198934742701	2.5231074259023374
NC_000021.9:43062357:G:A	CBS	ENSG00000160200	CCSBVarC007318	CCSBORF359	ENSP00000381231.4:p.Ala331Val	992C>T	CCSBORF5539	ZMYM5	-5.333178503184004	2.5304552814509242
NC_000007.14:44145707:T:A	GCK	ENSG00000106633	CCSBVarC021262	CCSBORF3689	ENSP00000384247.3:p.Ile348Phe	1042A>T	CCSBORF54784	GCKR	-1.3078977510825145	0.5464016886995017
NC_000007.14:44188943:C:T	GCK	ENSG00000106633	CCSBVarC021093	CCSBORF3689	ENSP00000384247.3:p.Asp4Asn	10G>A	CCSBORF54784	GCKR	-0.8569197467744316	0.8451553195463135
NC_000007.14:44145169:A:T	GCK	ENSG00000106633	CCSBVarC021293	CCSBORF3689	ENSP00000384247.3:p.Val455Glu	1364T>A	CCSBORF54784	GCKR	-1.0422327070017559	0.510552053877887
NC_000007.14:44153371:C:A	GCK	ENSG00000106633	CCSBVarC021121	CCSBORF3689	ENSP00000384247.3:p.Arg46Met	137G>T	CCSBORF54784	GCKR	-0.770769339504146	0.5081204798782147
NC_000007.14:44145147:C:A	GCK	ENSG00000106633	CCSBVarC021296	CCSBORF3689	ENSP00000384247.3:p.Met462Ile	1386G>T	CCSBORF54784	GCKR	-0.706153494548158	0.5120207121039818
NC_000007.14:44153305:C:T	GCK	ENSG00000106633	CCSBVarC021124	CCSBORF3689	ENSP00000384247.3:p.Gly68Asp	203G>A	CCSBORF54784	GCKR	-0.7943092666705587	0.5237990573730968
NC_000007.14:44150963:T:C	GCK	ENSG00000106633	CCSBVarC021157	CCSBORF3689	ENSP00000384247.3:p.Ile159Val	475A>G	CCSBORF54784	GCKR	-0.9744080593398353	0.5105267308387027
NC_000007.14:44150045:T:G	GCK	ENSG00000106633	CCSBVarC021160	CCSBORF3689	ENSP00000384247.3:p.Thr168Pro	502A>C	CCSBORF54784	GCKR	-0.5987781260511197	0.510981154205604
NC_000007.14:44153451:G:C	GCK	ENSG00000106633	CCSBVarC021109	CCSBORF3689	ENSP00000384247.3:p.Ile19Met	57C>G	CCSBORF54784	GCKR	-0.5800496842904403	0.5128390287368091
NC_000007.14:44149815:G:A	GCK	ENSG00000106633	CCSBVarC021166	CCSBORF3689	ENSP00000384247.3:p.Ala208Val	623C>T	CCSBORF54784	GCKR	-0.8252737506551155	0.5176940304934994
NC_000007.14:44147736:G:A	GCK	ENSG00000106633	CCSBVarC021175	CCSBORF3689	ENSP00000384247.3:p.Ala259Val	776C>T	CCSBORF54784	GCKR	-0.7187959305899159	0.508348715515363
NC_000007.14:44147719:C:T	GCK	ENSG00000106633	CCSBVarC021178	CCSBORF3689	ENSP00000384247.3:p.Glu265Lys	793G>A	CCSBORF54784	GCKR	-0.47435470719609013	0.5130743336945905
NC_000007.14:44147677:C:G	GCK	ENSG00000106633	CCSBVarC021196	CCSBORF3689	ENSP00000384247.3:p.Glu279Gln	835G>C	CCSBORF54784	GCKR	-0.6037919091937857	0.5289141684190409
NC_000007.14:44146598:C:T	GCK	ENSG00000106633	CCSBVarC021199	CCSBORF3689	ENSP00000384247.3:p.Gly295Ser	883G>A	CCSBORF54784	GCKR	-0.6101211009129737	0.5115594298542987
NC_000007.14:44146564:A:T	GCK	ENSG00000106633	CCSBVarC021202	CCSBORF3689	ENSP00000384247.3:p.Leu306Gln	917T>A	CCSBORF54784	GCKR	-0.7616376045108636	0.5095599559140054
NC_000007.14:44146529:C:T	GCK	ENSG00000106633	CCSBVarC021206	CCSBORF3689	ENSP00000384247.3:p.Gly318Arg	952G>A	CCSBORF54784	GCKR	-0.8138513881331585	0.5091167843675153
NC_000007.14:44146492:A:G	GCK	ENSG00000106633	CCSBVarC021209	CCSBORF3689	ENSP00000384247.3:p.Phe330Ser	989T>C	CCSBORF54784	GCKR	-0.9998885183070201	0.5117991025431676
NC_000007.14:44153410:A:T	GCK	ENSG00000106633	CCSBVarC021112	CCSBORF3689	ENSP00000384247.3:p.Val33Glu	98T>A	CCSBORF54784	GCKR	-0.8832447742211654	0.5195234314996123
NC_000007.14:44145619:C:T	GCK	ENSG00000106633	CCSBVarC006696	CCSBORF3689	ENSP00000384247.3:p.Arg377His	1130G>A	CCSBORF54784	GCKR	0.37662984689168694	0.2744980711260761
NC_000007.14:44145616:G:A	GCK	ENSG00000106633	CCSBVarC006695	CCSBORF3689	ENSP00000384247.3:p.Ala378Val	1133C>T	CCSBORF54784	GCKR	-0.26878115539664726	0.2800115771790431
NC_000007.14:44145596:C:T	GCK	ENSG00000106633	CCSBVarC006697	CCSBORF3689	ENSP00000384247.3:p.Gly385Arg	1153G>A	CCSBORF54784	GCKR	-0.055990971558381314	0.27767417077105433
NC_000007.14:44145589:G:T	GCK	ENSG00000106633	CCSBVarC006699	CCSBORF3689	ENSP00000384247.3:p.Ala387Glu	1160C>A	CCSBORF54784	GCKR	-1.7480006591910824	0.2861604016718669
NC_000007.14:44153377:C:T	GCK	ENSG00000106633	CCSBVarC006686	CCSBORF3689	ENSP00000384247.3:p.Gly44Asp	131G>A	CCSBORF54784	GCKR	-1.75298997333008	0.3866543604913
NC_000007.14:44145147:C:A	GCK	ENSG00000106633	CCSBVarC021296	CCSBORF3689	ENSP00000384247.3:p.Met462Ile	1386G>T	CCSBORF54784	GCKR	0.10384893713289566	0.2700046799866571
NC_000007.14:44150024:C:G	GCK	ENSG00000106633	CCSBVarC006688	CCSBORF3689	ENSP00000384247.3:p.Gly175Arg	523G>C	CCSBORF54784	GCKR	0.16459390022588616	0.2676071568865743
NC_000007.14:44150015:C:G	GCK	ENSG00000106633	CCSBVarC006687	CCSBORF3689	ENSP00000384247.3:p.Gly178Arg	532G>C	CCSBORF54784	GCKR	0.11848817408003906	0.27085270621904844
NC_000007.14:44153451:G:C	GCK	ENSG00000106633	CCSBVarC021109	CCSBORF3689	ENSP00000384247.3:p.Ile19Met	57C>G	CCSBORF54784	GCKR	0.09685354334528734	0.2710129333823238
NC_000007.14:44149777:C:T	GCK	ENSG00000106633	CCSBVarC006689	CCSBORF3689	ENSP00000384247.3:p.Glu221Lys	661G>A	CCSBORF54784	GCKR	0.27838809892259947	0.26874258213350477
NC_000007.14:44147806:C:T	GCK	ENSG00000106633	CCSBVarC006690	CCSBORF3689	ENSP00000384247.3:p.Glu236Lys	706G>A	CCSBORF54784	GCKR	-2.5587744702862287	0.3135555202799003
NC_000007.14:44147760:A:G	GCK	ENSG00000106633	CCSBVarC006691	CCSBORF3689	ENSP00000384247.3:p.Met251Thr	752T>C	CCSBORF54784	GCKR	-0.06390927347071143	0.2687816548345659
NC_000007.14:44147754:A:G	GCK	ENSG00000106633	CCSBVarC006692	CCSBORF3689	ENSP00000384247.3:p.Val253Ala	758T>C	CCSBORF54784	GCKR	0.08361785975144854	0.2713763421748337
NC_000007.14:44147737:C:A	GCK	ENSG00000106633	CCSBVarC021172	CCSBORF3689	ENSP00000384247.3:p.Ala259Ser	775G>T	CCSBORF54784	GCKR	0.149565142452444	0.2702115519917569
NC_000007.14:44146586:C:G	GCK	ENSG00000106633	CCSBVarC006694	CCSBORF3689	ENSP00000384247.3:p.Gly299Arg	895G>C	CCSBORF54784	GCKR	0.3662274900305735	0.27232582938555555
NC_000007.14:44146574:G:A	GCK	ENSG00000106633	CCSBVarC006693	CCSBORF3689	ENSP00000384247.3:p.Arg303Trp	907C>T	CCSBORF54784	GCKR	0.31669149529620017	0.2701440899431386
NC_000011.10:5226751:C:T	HBB	ENSG00000244734	CCSBVarC010096	CCSBORF5808	ENSP00000333994.3:p.Gly47Glu	140G>A	CCSBORF8297	HBZ	-6.419071766937881	0.9657902057969127
NC_000011.10:5226715:G:C	HBB	ENSG00000244734	CCSBVarC010190	CCSBORF5808	ENSP00000333994.3:p.Pro59Arg	176C>G	CCSBORF8297	HBZ	-7.378651064236719	0.9577370911260941
NC_000011.10:5226705:C:G	HBB	ENSG00000244734	CCSBVarC010131	CCSBORF5808	ENSP00000333994.3:p.Lys62Asn	186G>C	CCSBORF8297	HBZ	-6.43456983392441	0.981951980339586
NC_000011.10:5226701:G:A	HBB	ENSG00000244734	CCSBVarC010155	CCSBORF5808	ENSP00000333994.3:p.His64Tyr	190C>T	CCSBORF8297	HBZ	-7.154147097363256	0.9617939415508774
NC_000011.10:5226679:G:A	HBB	ENSG00000244734	CCSBVarC006223	CCSBORF5808	ENSP00000333994.3:p.Ala71Val	212C>T	CCSBORF8297	HBZ	-4.371113378915541	0.9315793147780117
NC_000011.10:5226998:T:C	HBB	ENSG00000244734	CCSBVarC006214	CCSBORF5808	ENSP00000333994.3:p.Glu8Gly	23A>G	CCSBORF8297	HBZ	-6.346581239032941	1.0531016683025038
NC_000011.10:5226644:T:C	HBB	ENSG00000244734	CCSBVarC010174	CCSBORF5808	ENSP00000333994.3:p.Lys83Glu	247A>G	CCSBORF8297	HBZ	2.285141844911493	0.9293036152492231
NC_000011.10:5226616:A:G	HBB	ENSG00000244734	CCSBVarC010206	CCSBORF5808	ENSP00000333994.3:p.Leu92Pro	275T>C	CCSBORF8297	HBZ	-7.552838585862714	1.0815510199419518
NC_000011.10:5226602:G:C	HBB	ENSG00000244734	CCSBVarC006227	CCSBORF5808	ENSP00000333994.3:p.Leu97Val	289C>G	CCSBORF8297	HBZ	-6.809398921653586	1.9884157226740824
NC_000011.10:5226583:T:G	HBB	ENSG00000244734	CCSBVarC010077	CCSBORF5808	ENSP00000333994.3:p.Asn103Thr	308A>C	CCSBORF8297	HBZ	3.304540336185198	0.9301827248345249
NC_000011.10:5226579:G:C	HBB	ENSG00000244734	CCSBVarC000906	CCSBORF5808	ENSP00000333994.3:p.Phe104Leu	312C>G	CCSBORF8297	HBZ	-6.68989088202078	0.945789861597715
NC_000011.10:5225716:T:C	HBB	ENSG00000244734	CCSBVarC006231	CCSBORF5808	ENSP00000333994.3:p.Asn109Asp	325A>G	CCSBORF8297	HBZ	0.9013270106209041	0.9423241625859899
NC_000011.10:5225707:C:G	HBB	ENSG00000244734	CCSBVarC010111	CCSBORF5808	ENSP00000333994.3:p.Val112Leu	334G>C	CCSBORF8297	HBZ	1.533993979991894	1.0212329228251333
NC_000011.10:5225677:C:T	HBB	ENSG00000244734	CCSBVarC006234	CCSBORF5808	ENSP00000333994.3:p.Glu122Lys	364G>A	CCSBORF8297	HBZ	-4.033110014777211	0.9433003249469899
NC_000011.10:5225668:G:T	HBB	ENSG00000244734	CCSBVarC010085	CCSBORF5808	ENSP00000333994.3:p.Pro125Thr	373C>A	CCSBORF8297	HBZ	-9.23055323120709	1.0360918095579048
NC_000011.10:5225658:T:G	HBB	ENSG00000244734	CCSBVarC006238	CCSBORF5808	ENSP00000333994.3:p.Gln128Pro	383A>C	CCSBORF8297	HBZ	-6.0305535001239665	0.9418517379361677
NC_000011.10:5225637:A:T	HBB	ENSG00000244734	CCSBVarC010200	CCSBORF5808	ENSP00000333994.3:p.Val135Glu	404T>A	CCSBORF8297	HBZ	-6.489201393028859	0.9661402564805938
NC_000011.10:5226961:G:T	HBB	ENSG00000244734	CCSBVarC010117	CCSBORF5808	ENSP00000333994.3:p.Asn20Lys	60C>A	CCSBORF8297	HBZ	-6.423530262198181	0.9551812301023376
NC_000011.10:5226960:C:T	HBB	ENSG00000244734	CCSBVarC010146	CCSBORF5808	ENSP00000333994.3:p.Val21Met	61G>A	CCSBORF8297	HBZ	-1.3156368532926814	1.175046482572156
NC_000011.10:5226957:C:A	HBB	ENSG00000244734	CCSBVarC010104	CCSBORF5808	ENSP00000333994.3:p.Asp22Tyr	64G>T	CCSBORF8297	HBZ	-6.999448337901375	1.4728293712852496
NC_000011.10:5226941:T:C	HBB	ENSG00000244734	CCSBVarC010222	CCSBORF5808	ENSP00000333994.3:p.Glu27Gly	80A>G	CCSBORF8297	HBZ	-5.596943747538089	0.9555037524389148
NC_000011.10:5227013:T:C	HBB	ENSG00000244734	CCSBVarC010138	CCSBORF5808	ENSP00000333994.3:p.His3Arg	8A>G	CCSBORF8297	HBZ	-5.87160414337843	2.1823296051221273
NC_000011.10:5226784:T:C	HBB	ENSG00000244734	CCSBVarC010197	CCSBORF5808	ENSP00000333994.3:p.Tyr36Cys	107A>G	CCSBORF8297	HBZ	-6.845497540533792	1.6347137377575374
NC_000011.10:5226778:C:G	HBB	ENSG00000244734	CCSBVarC006221	CCSBORF5808	ENSP00000333994.3:p.Trp38Ser	113G>C	CCSBORF8297	HBZ	-1.2588927562281667	1.040716621988266
NC_000011.10:5226761:C:G	HBB	ENSG00000244734	CCSBVarC010083	CCSBORF5808	ENSP00000333994.3:p.Glu44Gln	130G>C	CCSBORF8297	HBZ	-0.84083708423286	1.3216387993838628
NC_000011.10:5226733:T:C	HBB	ENSG00000244734	CCSBVarC000905	CCSBORF5808	ENSP00000333994.3:p.Asp53Gly	158A>G	CCSBORF8297	HBZ	-2.9762768260309036	1.0428095904226697
NC_000011.10:5227002:C:G	HBB	ENSG00000244734	CCSBVarC006213	CCSBORF5808	ENSP00000333994.3:p.Glu7Gln	19G>C	CCSBORF8297	HBZ	-5.5292199827896855	1.2573516943973846
NC_000011.10:5226653:C:A	HBB	ENSG00000244734	CCSBVarC010121	CCSBORF5808	ENSP00000333994.3:p.Asp80Tyr	238G>T	CCSBORF8297	HBZ	-8.769516590971506	1.078576203188161
NC_000011.10:5226643:T:A	HBB	ENSG00000244734	CCSBVarC010189	CCSBORF5808	ENSP00000333994.3:p.Lys83Met	248A>T	CCSBORF8297	HBZ	0.569015615815629	1.040132807761144
NC_000011.10:5226640:C:T	HBB	ENSG00000244734	CCSBVarC006226	CCSBORF5808	ENSP00000333994.3:p.Gly84Asp	251G>A	CCSBORF8297	HBZ	0.6354041048592772	1.039920389506147
NC_000011.10:5226629:T:G	HBB	ENSG00000244734	CCSBVarC010094	CCSBORF5808	ENSP00000333994.3:p.Thr88Pro	262A>C	CCSBORF8297	HBZ	-7.524965966891468	1.1344005321975437
NC_000011.10:5226625:A:G	HBB	ENSG00000244734	CCSBVarC010204	CCSBORF5808	ENSP00000333994.3:p.Leu89Pro	266T>C	CCSBORF8297	HBZ	-7.262303849896739	1.9290648744811967
NC_000011.10:5226614:G:T	HBB	ENSG00000244734	CCSBVarC010210	CCSBORF5808	ENSP00000333994.3:p.His93Asn	277C>A	CCSBORF8297	HBZ	-6.78259390274234	1.0636856307912765
NC_000011.10:5226597:G:C	HBB	ENSG00000244734	CCSBVarC010171	CCSBORF5808	ENSP00000333994.3:p.His98Gln	294C>G	CCSBORF8297	HBZ	-0.08314089780739897	1.0400943129281568
NC_000011.10:5226593:C:T	HBB	ENSG00000244734	CCSBVarC006229	CCSBORF5808	ENSP00000333994.3:p.Asp100Asn	298G>A	CCSBORF8297	HBZ	-6.881816968440663	1.700691365706397
NC_000011.10:5226577:C:G	HBB	ENSG00000244734	CCSBVarC010102	CCSBORF5808	ENSP00000333994.3:p.Arg105Thr	314G>C	CCSBORF8297	HBZ	1.0159520002733688	1.0403317431563468
NC_000011.10:5225659:G:C	HBB	ENSG00000244734	CCSBVarC006237	CCSBORF5808	ENSP00000333994.3:p.Gln128Glu	382C>G	CCSBORF8297	HBZ	-7.427772364968666	2.284324236310024
NC_000011.10:5225611:G:C	HBB	ENSG00000244734	CCSBVarC006241	CCSBORF5808	ENSP00000333994.3:p.His144Asp	430C>G	CCSBORF8297	HBZ	0.7862154652214483	1.0402658001078653
NC_000011.10:5225611:G:A	HBB	ENSG00000244734	CCSBVarC010136	CCSBORF5808	ENSP00000333994.3:p.His144Tyr	430C>T	CCSBORF8297	HBZ	-0.07228184577331964	1.2392917188856163
NC_000011.10:5226962:T:C	HBB	ENSG00000244734	CCSBVarC006217	CCSBORF5808	ENSP00000333994.3:p.Asn20Ser	59A>G	CCSBORF8297	HBZ	-7.715028268202194	1.062290102432461
NC_000011.10:5226930:T:C	HBB	ENSG00000244734	CCSBVarC010152	CCSBORF5808	ENSP00000333994.3:p.Arg31Gly	91A>G	CCSBORF8297	HBZ	-6.516123181390147	1.0885175782572494
