experiment	ccsb_orf_id_reference	pool_id	ccsb_orf_id_interactor	media	repeat_id	nt_change	read_count	spdi	ccsb_mutation_id	hgvs_protein	symbol	ensembl_gene_id	interactor_symbol
LITAF	CCSBORF52920	1	CCSBORF14441	LW	1	REF	268	NULL	NULL	NULL	LITAF	ENSG00000189067	GGA3
LITAF	CCSBORF52920	1	CCSBORF14441	LW	1	115C>T	1627	NC_000016.10:11556615:G:A	CCSBVarC007943	ENSP00000483114.1:p.Pro39Ser	LITAF	ENSG00000189067	GGA3
LITAF	CCSBORF52920	1	CCSBORF14441	LW	1	146C>T	1345	NC_000016.10:11556584:G:A	CCSBVarC002193	ENSP00000483114.1:p.Thr49Met	LITAF	ENSG00000189067	GGA3
LITAF	CCSBORF52920	1	CCSBORF14441	LW	1	251C>T	1579	NC_000016.10:11553658:G:A	CCSBVarC007939	ENSP00000483114.1:p.Pro84Leu	LITAF	ENSG00000189067	GGA3
LITAF	CCSBORF52920	1	CCSBORF14441	LW	1	332C>G	2178	NC_000016.10:11553577:G:C	CCSBVarC002194	ENSP00000483114.1:p.Ala111Gly	LITAF	ENSG00000189067	GGA3
LITAF	CCSBORF52920	1	CCSBORF14441	LW	1	344C>A	2522	NC_000016.10:11553565:G:T	CCSBVarC006148	ENSP00000483114.1:p.Thr115Asn	LITAF	ENSG00000189067	GGA3
LITAF	CCSBORF52920	1	CCSBORF14441	LW	1	346T>G	1	NC_000016.10:11553563:A:C	CCSBVarC007938	ENSP00000483114.1:p.Trp116Gly	LITAF	ENSG00000189067	GGA3
LITAF	CCSBORF52920	1	CCSBORF14441	LW	1	352T>C	3566	NC_000016.10:11553557:A:G	CCSBVarC007937	ENSP00000483114.1:p.Ser118Pro	LITAF	ENSG00000189067	GGA3
LITAF	CCSBORF52920	1	CCSBORF14441	LW	1	364C>G	1	NC_000016.10:11553545:G:C	CCSBVarC006149	ENSP00000483114.1:p.Leu122Val	LITAF	ENSG00000189067	GGA3
LITAF	CCSBORF52920	1	CCSBORF14441	LW	1	386C>T	2541	NC_000016.10:11549736:G:A	CCSBVarC007936	ENSP00000483114.1:p.Ala129Val	LITAF	ENSG00000189067	GGA3
LITAF	CCSBORF52920	1	CCSBORF14441	LW	1	388G>A	1590	NC_000016.10:11549734:C:T	CCSBVarC007935	ENSP00000483114.1:p.Gly130Ser	LITAF	ENSG00000189067	GGA3
LITAF	CCSBORF52920	1	CCSBORF14441	LW	1	403C>T	1497	NC_000016.10:11549719:G:A	CCSBVarC002196	ENSP00000483114.1:p.Pro135Ser	LITAF	ENSG00000189067	GGA3
LITAF	CCSBORF52920	1	CCSBORF14441	LW	1	404C>G	1288	NC_000016.10:11549718:G:C	CCSBVarC007933	ENSP00000483114.1:p.Pro135Arg	LITAF	ENSG00000189067	GGA3
LITAF	CCSBORF52920	1	CCSBORF14441	LW	1	408C>A	1535	NC_000016.10:11549714:G:T	CCSBVarC007932	ENSP00000483114.1:p.Phe136Leu	LITAF	ENSG00000189067	GGA3
LITAF	CCSBORF52920	1	CCSBORF14441	LW	1	430G>A	9	NC_000016.10:11549692:C:T	CCSBVarC007931	ENSP00000483114.1:p.Val144Met	LITAF	ENSG00000189067	GGA3
LITAF	CCSBORF52920	1	CCSBORF14441	LW	1	479G>A	12	NC_000016.10:11549643:C:T	CCSBVarC007930	ENSP00000483114.1:p.Arg160His	LITAF	ENSG00000189067	GGA3
LITAF	CCSBORF52920	1	CCSBORF1863	LW	1	REF	912	NULL	NULL	NULL	LITAF	ENSG00000189067	STAM2
LITAF	CCSBORF52920	1	CCSBORF1863	LW	1	115C>T	811	NC_000016.10:11556615:G:A	CCSBVarC007943	ENSP00000483114.1:p.Pro39Ser	LITAF	ENSG00000189067	STAM2
LITAF	CCSBORF52920	1	CCSBORF1863	LW	1	146C>T	1041	NC_000016.10:11556584:G:A	CCSBVarC002193	ENSP00000483114.1:p.Thr49Met	LITAF	ENSG00000189067	STAM2
LITAF	CCSBORF52920	1	CCSBORF1863	LW	1	251C>T	881	NC_000016.10:11553658:G:A	CCSBVarC007939	ENSP00000483114.1:p.Pro84Leu	LITAF	ENSG00000189067	STAM2
LITAF	CCSBORF52920	1	CCSBORF1863	LW	1	332C>G	2420	NC_000016.10:11553577:G:C	CCSBVarC002194	ENSP00000483114.1:p.Ala111Gly	LITAF	ENSG00000189067	STAM2
LITAF	CCSBORF52920	1	CCSBORF1863	LW	1	344C>A	1465	NC_000016.10:11553565:G:T	CCSBVarC006148	ENSP00000483114.1:p.Thr115Asn	LITAF	ENSG00000189067	STAM2
LITAF	CCSBORF52920	1	CCSBORF1863	LW	1	346T>G	92	NC_000016.10:11553563:A:C	CCSBVarC007938	ENSP00000483114.1:p.Trp116Gly	LITAF	ENSG00000189067	STAM2
LITAF	CCSBORF52920	1	CCSBORF1863	LW	1	352T>C	3231	NC_000016.10:11553557:A:G	CCSBVarC007937	ENSP00000483114.1:p.Ser118Pro	LITAF	ENSG00000189067	STAM2
LITAF	CCSBORF52920	1	CCSBORF1863	LW	1	364C>G	215	NC_000016.10:11553545:G:C	CCSBVarC006149	ENSP00000483114.1:p.Leu122Val	LITAF	ENSG00000189067	STAM2
LITAF	CCSBORF52920	1	CCSBORF1863	LW	1	386C>T	1474	NC_000016.10:11549736:G:A	CCSBVarC007936	ENSP00000483114.1:p.Ala129Val	LITAF	ENSG00000189067	STAM2
LITAF	CCSBORF52920	1	CCSBORF1863	LW	1	388G>A	880	NC_000016.10:11549734:C:T	CCSBVarC007935	ENSP00000483114.1:p.Gly130Ser	LITAF	ENSG00000189067	STAM2
LITAF	CCSBORF52920	1	CCSBORF1863	LW	1	403C>T	651	NC_000016.10:11549719:G:A	CCSBVarC002196	ENSP00000483114.1:p.Pro135Ser	LITAF	ENSG00000189067	STAM2
LITAF	CCSBORF52920	1	CCSBORF1863	LW	1	404C>G	1032	NC_000016.10:11549718:G:C	CCSBVarC007933	ENSP00000483114.1:p.Pro135Arg	LITAF	ENSG00000189067	STAM2
LITAF	CCSBORF52920	1	CCSBORF1863	LW	1	408C>A	1233	NC_000016.10:11549714:G:T	CCSBVarC007932	ENSP00000483114.1:p.Phe136Leu	LITAF	ENSG00000189067	STAM2
LITAF	CCSBORF52920	1	CCSBORF1863	LW	1	430G>A	76	NC_000016.10:11549692:C:T	CCSBVarC007931	ENSP00000483114.1:p.Val144Met	LITAF	ENSG00000189067	STAM2
LITAF	CCSBORF52920	1	CCSBORF1863	LW	1	479G>A	203	NC_000016.10:11549643:C:T	CCSBVarC007930	ENSP00000483114.1:p.Arg160His	LITAF	ENSG00000189067	STAM2
LITAF	CCSBORF52920	1	CCSBORF11567	LW	1	REF	785	NULL	NULL	NULL	LITAF	ENSG00000189067	TAX1BP1
LITAF	CCSBORF52920	1	CCSBORF11567	LW	1	115C>T	2003	NC_000016.10:11556615:G:A	CCSBVarC007943	ENSP00000483114.1:p.Pro39Ser	LITAF	ENSG00000189067	TAX1BP1
LITAF	CCSBORF52920	1	CCSBORF11567	LW	1	146C>T	1475	NC_000016.10:11556584:G:A	CCSBVarC002193	ENSP00000483114.1:p.Thr49Met	LITAF	ENSG00000189067	TAX1BP1
LITAF	CCSBORF52920	1	CCSBORF11567	LW	1	251C>T	1507	NC_000016.10:11553658:G:A	CCSBVarC007939	ENSP00000483114.1:p.Pro84Leu	LITAF	ENSG00000189067	TAX1BP1
LITAF	CCSBORF52920	1	CCSBORF11567	LW	1	332C>G	3149	NC_000016.10:11553577:G:C	CCSBVarC002194	ENSP00000483114.1:p.Ala111Gly	LITAF	ENSG00000189067	TAX1BP1
LITAF	CCSBORF52920	1	CCSBORF11567	LW	1	344C>A	3261	NC_000016.10:11553565:G:T	CCSBVarC006148	ENSP00000483114.1:p.Thr115Asn	LITAF	ENSG00000189067	TAX1BP1
LITAF	CCSBORF52920	1	CCSBORF11567	LW	1	346T>G	21	NC_000016.10:11553563:A:C	CCSBVarC007938	ENSP00000483114.1:p.Trp116Gly	LITAF	ENSG00000189067	TAX1BP1
LITAF	CCSBORF52920	1	CCSBORF11567	LW	1	352T>C	5653	NC_000016.10:11553557:A:G	CCSBVarC007937	ENSP00000483114.1:p.Ser118Pro	LITAF	ENSG00000189067	TAX1BP1
LITAF	CCSBORF52920	1	CCSBORF11567	LW	1	364C>G	62	NC_000016.10:11553545:G:C	CCSBVarC006149	ENSP00000483114.1:p.Leu122Val	LITAF	ENSG00000189067	TAX1BP1
LITAF	CCSBORF52920	1	CCSBORF11567	LW	1	386C>T	2774	NC_000016.10:11549736:G:A	CCSBVarC007936	ENSP00000483114.1:p.Ala129Val	LITAF	ENSG00000189067	TAX1BP1
LITAF	CCSBORF52920	1	CCSBORF11567	LW	1	388G>A	1568	NC_000016.10:11549734:C:T	CCSBVarC007935	ENSP00000483114.1:p.Gly130Ser	LITAF	ENSG00000189067	TAX1BP1
LITAF	CCSBORF52920	1	CCSBORF11567	LW	1	403C>T	1185	NC_000016.10:11549719:G:A	CCSBVarC002196	ENSP00000483114.1:p.Pro135Ser	LITAF	ENSG00000189067	TAX1BP1
LITAF	CCSBORF52920	1	CCSBORF11567	LW	1	404C>G	1944	NC_000016.10:11549718:G:C	CCSBVarC007933	ENSP00000483114.1:p.Pro135Arg	LITAF	ENSG00000189067	TAX1BP1
LITAF	CCSBORF52920	1	CCSBORF11567	LW	1	408C>A	2145	NC_000016.10:11549714:G:T	CCSBVarC007932	ENSP00000483114.1:p.Phe136Leu	LITAF	ENSG00000189067	TAX1BP1
LITAF	CCSBORF52920	1	CCSBORF11567	LW	1	430G>A	20	NC_000016.10:11549692:C:T	CCSBVarC007931	ENSP00000483114.1:p.Val144Met	LITAF	ENSG00000189067	TAX1BP1
LITAF	CCSBORF52920	1	CCSBORF11567	LW	1	479G>A	18	NC_000016.10:11549643:C:T	CCSBVarC007930	ENSP00000483114.1:p.Arg160His	LITAF	ENSG00000189067	TAX1BP1
LITAF	CCSBORF52920	1	CCSBORF11132	LW	1	REF	884	NULL	NULL	NULL	LITAF	ENSG00000189067	EPN1
LITAF	CCSBORF52920	1	CCSBORF11132	LW	1	115C>T	1899	NC_000016.10:11556615:G:A	CCSBVarC007943	ENSP00000483114.1:p.Pro39Ser	LITAF	ENSG00000189067	EPN1
LITAF	CCSBORF52920	1	CCSBORF11132	LW	1	146C>T	1800	NC_000016.10:11556584:G:A	CCSBVarC002193	ENSP00000483114.1:p.Thr49Met	LITAF	ENSG00000189067	EPN1
LITAF	CCSBORF52920	1	CCSBORF11132	LW	1	251C>T	1742	NC_000016.10:11553658:G:A	CCSBVarC007939	ENSP00000483114.1:p.Pro84Leu	LITAF	ENSG00000189067	EPN1
LITAF	CCSBORF52920	1	CCSBORF11132	LW	1	332C>G	3156	NC_000016.10:11553577:G:C	CCSBVarC002194	ENSP00000483114.1:p.Ala111Gly	LITAF	ENSG00000189067	EPN1
LITAF	CCSBORF52920	1	CCSBORF11132	LW	1	344C>A	3363	NC_000016.10:11553565:G:T	CCSBVarC006148	ENSP00000483114.1:p.Thr115Asn	LITAF	ENSG00000189067	EPN1
LITAF	CCSBORF52920	1	CCSBORF11132	LW	1	346T>G	28	NC_000016.10:11553563:A:C	CCSBVarC007938	ENSP00000483114.1:p.Trp116Gly	LITAF	ENSG00000189067	EPN1
LITAF	CCSBORF52920	1	CCSBORF11132	LW	1	352T>C	4829	NC_000016.10:11553557:A:G	CCSBVarC007937	ENSP00000483114.1:p.Ser118Pro	LITAF	ENSG00000189067	EPN1
LITAF	CCSBORF52920	1	CCSBORF11132	LW	1	364C>G	43	NC_000016.10:11553545:G:C	CCSBVarC006149	ENSP00000483114.1:p.Leu122Val	LITAF	ENSG00000189067	EPN1
LITAF	CCSBORF52920	1	CCSBORF11132	LW	1	386C>T	3263	NC_000016.10:11549736:G:A	CCSBVarC007936	ENSP00000483114.1:p.Ala129Val	LITAF	ENSG00000189067	EPN1
LITAF	CCSBORF52920	1	CCSBORF11132	LW	1	388G>A	1729	NC_000016.10:11549734:C:T	CCSBVarC007935	ENSP00000483114.1:p.Gly130Ser	LITAF	ENSG00000189067	EPN1
LITAF	CCSBORF52920	1	CCSBORF11132	LW	1	403C>T	1339	NC_000016.10:11549719:G:A	CCSBVarC002196	ENSP00000483114.1:p.Pro135Ser	LITAF	ENSG00000189067	EPN1
LITAF	CCSBORF52920	1	CCSBORF11132	LW	1	404C>G	2074	NC_000016.10:11549718:G:C	CCSBVarC007933	ENSP00000483114.1:p.Pro135Arg	LITAF	ENSG00000189067	EPN1
LITAF	CCSBORF52920	1	CCSBORF11132	LW	1	408C>A	2018	NC_000016.10:11549714:G:T	CCSBVarC007932	ENSP00000483114.1:p.Phe136Leu	LITAF	ENSG00000189067	EPN1
LITAF	CCSBORF52920	1	CCSBORF11132	LW	1	430G>A	19	NC_000016.10:11549692:C:T	CCSBVarC007931	ENSP00000483114.1:p.Val144Met	LITAF	ENSG00000189067	EPN1
LITAF	CCSBORF52920	1	CCSBORF11132	LW	1	479G>A	31	NC_000016.10:11549643:C:T	CCSBVarC007930	ENSP00000483114.1:p.Arg160His	LITAF	ENSG00000189067	EPN1
LITAF	CCSBORF52920	1	CCSBORF71715	LW	1	REF	690	NULL	NULL	NULL	LITAF	ENSG00000189067	EPN2
LITAF	CCSBORF52920	1	CCSBORF71715	LW	1	115C>T	2819	NC_000016.10:11556615:G:A	CCSBVarC007943	ENSP00000483114.1:p.Pro39Ser	LITAF	ENSG00000189067	EPN2
LITAF	CCSBORF52920	1	CCSBORF71715	LW	1	146C>T	1996	NC_000016.10:11556584:G:A	CCSBVarC002193	ENSP00000483114.1:p.Thr49Met	LITAF	ENSG00000189067	EPN2
LITAF	CCSBORF52920	1	CCSBORF71715	LW	1	251C>T	1904	NC_000016.10:11553658:G:A	CCSBVarC007939	ENSP00000483114.1:p.Pro84Leu	LITAF	ENSG00000189067	EPN2
LITAF	CCSBORF52920	1	CCSBORF71715	LW	1	332C>G	3013	NC_000016.10:11553577:G:C	CCSBVarC002194	ENSP00000483114.1:p.Ala111Gly	LITAF	ENSG00000189067	EPN2
LITAF	CCSBORF52920	1	CCSBORF71715	LW	1	344C>A	3853	NC_000016.10:11553565:G:T	CCSBVarC006148	ENSP00000483114.1:p.Thr115Asn	LITAF	ENSG00000189067	EPN2
LITAF	CCSBORF52920	1	CCSBORF71715	LW	1	346T>G	8	NC_000016.10:11553563:A:C	CCSBVarC007938	ENSP00000483114.1:p.Trp116Gly	LITAF	ENSG00000189067	EPN2
LITAF	CCSBORF52920	1	CCSBORF71715	LW	1	352T>C	5255	NC_000016.10:11553557:A:G	CCSBVarC007937	ENSP00000483114.1:p.Ser118Pro	LITAF	ENSG00000189067	EPN2
LITAF	CCSBORF52920	1	CCSBORF71715	LW	1	364C>G	13	NC_000016.10:11553545:G:C	CCSBVarC006149	ENSP00000483114.1:p.Leu122Val	LITAF	ENSG00000189067	EPN2
LITAF	CCSBORF52920	1	CCSBORF71715	LW	1	386C>T	4137	NC_000016.10:11549736:G:A	CCSBVarC007936	ENSP00000483114.1:p.Ala129Val	LITAF	ENSG00000189067	EPN2
LITAF	CCSBORF52920	1	CCSBORF71715	LW	1	388G>A	2188	NC_000016.10:11549734:C:T	CCSBVarC007935	ENSP00000483114.1:p.Gly130Ser	LITAF	ENSG00000189067	EPN2
LITAF	CCSBORF52920	1	CCSBORF71715	LW	1	403C>T	1700	NC_000016.10:11549719:G:A	CCSBVarC002196	ENSP00000483114.1:p.Pro135Ser	LITAF	ENSG00000189067	EPN2
LITAF	CCSBORF52920	1	CCSBORF71715	LW	1	404C>G	2371	NC_000016.10:11549718:G:C	CCSBVarC007933	ENSP00000483114.1:p.Pro135Arg	LITAF	ENSG00000189067	EPN2
LITAF	CCSBORF52920	1	CCSBORF71715	LW	1	408C>A	2405	NC_000016.10:11549714:G:T	CCSBVarC007932	ENSP00000483114.1:p.Phe136Leu	LITAF	ENSG00000189067	EPN2
LITAF	CCSBORF52920	1	CCSBORF71715	LW	1	430G>A	19	NC_000016.10:11549692:C:T	CCSBVarC007931	ENSP00000483114.1:p.Val144Met	LITAF	ENSG00000189067	EPN2
LITAF	CCSBORF52920	1	CCSBORF71715	LW	1	479G>A	23	NC_000016.10:11549643:C:T	CCSBVarC007930	ENSP00000483114.1:p.Arg160His	LITAF	ENSG00000189067	EPN2
LITAF	CCSBORF52920	1	CCSBORF56215	LW	1	REF	871	NULL	NULL	NULL	LITAF	ENSG00000189067	HIP1
LITAF	CCSBORF52920	1	CCSBORF56215	LW	1	115C>T	1425	NC_000016.10:11556615:G:A	CCSBVarC007943	ENSP00000483114.1:p.Pro39Ser	LITAF	ENSG00000189067	HIP1
LITAF	CCSBORF52920	1	CCSBORF56215	LW	1	146C>T	1352	NC_000016.10:11556584:G:A	CCSBVarC002193	ENSP00000483114.1:p.Thr49Met	LITAF	ENSG00000189067	HIP1
LITAF	CCSBORF52920	1	CCSBORF56215	LW	1	251C>T	1159	NC_000016.10:11553658:G:A	CCSBVarC007939	ENSP00000483114.1:p.Pro84Leu	LITAF	ENSG00000189067	HIP1
LITAF	CCSBORF52920	1	CCSBORF56215	LW	1	332C>G	2938	NC_000016.10:11553577:G:C	CCSBVarC002194	ENSP00000483114.1:p.Ala111Gly	LITAF	ENSG00000189067	HIP1
LITAF	CCSBORF52920	1	CCSBORF56215	LW	1	344C>A	2388	NC_000016.10:11553565:G:T	CCSBVarC006148	ENSP00000483114.1:p.Thr115Asn	LITAF	ENSG00000189067	HIP1
LITAF	CCSBORF52920	1	CCSBORF56215	LW	1	346T>G	86	NC_000016.10:11553563:A:C	CCSBVarC007938	ENSP00000483114.1:p.Trp116Gly	LITAF	ENSG00000189067	HIP1
LITAF	CCSBORF52920	1	CCSBORF56215	LW	1	352T>C	4024	NC_000016.10:11553557:A:G	CCSBVarC007937	ENSP00000483114.1:p.Ser118Pro	LITAF	ENSG00000189067	HIP1
LITAF	CCSBORF52920	1	CCSBORF56215	LW	1	364C>G	101	NC_000016.10:11553545:G:C	CCSBVarC006149	ENSP00000483114.1:p.Leu122Val	LITAF	ENSG00000189067	HIP1
LITAF	CCSBORF52920	1	CCSBORF56215	LW	1	386C>T	2409	NC_000016.10:11549736:G:A	CCSBVarC007936	ENSP00000483114.1:p.Ala129Val	LITAF	ENSG00000189067	HIP1
LITAF	CCSBORF52920	1	CCSBORF56215	LW	1	388G>A	1566	NC_000016.10:11549734:C:T	CCSBVarC007935	ENSP00000483114.1:p.Gly130Ser	LITAF	ENSG00000189067	HIP1
LITAF	CCSBORF52920	1	CCSBORF56215	LW	1	403C>T	1167	NC_000016.10:11549719:G:A	CCSBVarC002196	ENSP00000483114.1:p.Pro135Ser	LITAF	ENSG00000189067	HIP1
LITAF	CCSBORF52920	1	CCSBORF56215	LW	1	404C>G	1719	NC_000016.10:11549718:G:C	CCSBVarC007933	ENSP00000483114.1:p.Pro135Arg	LITAF	ENSG00000189067	HIP1
LITAF	CCSBORF52920	1	CCSBORF56215	LW	1	408C>A	1519	NC_000016.10:11549714:G:T	CCSBVarC007932	ENSP00000483114.1:p.Phe136Leu	LITAF	ENSG00000189067	HIP1
LITAF	CCSBORF52920	1	CCSBORF56215	LW	1	430G>A	36	NC_000016.10:11549692:C:T	CCSBVarC007931	ENSP00000483114.1:p.Val144Met	LITAF	ENSG00000189067	HIP1
LITAF	CCSBORF52920	1	CCSBORF56215	LW	1	479G>A	88	NC_000016.10:11549643:C:T	CCSBVarC007930	ENSP00000483114.1:p.Arg160His	LITAF	ENSG00000189067	HIP1
LITAF	CCSBORF52920	1	CCSBORF2845	LW	1	REF	841	NULL	NULL	NULL	LITAF	ENSG00000189067	REEP6
LITAF	CCSBORF52920	1	CCSBORF2845	LW	1	115C>T	2671	NC_000016.10:11556615:G:A	CCSBVarC007943	ENSP00000483114.1:p.Pro39Ser	LITAF	ENSG00000189067	REEP6
LITAF	CCSBORF52920	1	CCSBORF2845	LW	1	146C>T	1826	NC_000016.10:11556584:G:A	CCSBVarC002193	ENSP00000483114.1:p.Thr49Met	LITAF	ENSG00000189067	REEP6
LITAF	CCSBORF52920	1	CCSBORF2845	LW	1	251C>T	1675	NC_000016.10:11553658:G:A	CCSBVarC007939	ENSP00000483114.1:p.Pro84Leu	LITAF	ENSG00000189067	REEP6
LITAF	CCSBORF52920	1	CCSBORF2845	LW	1	332C>G	3564	NC_000016.10:11553577:G:C	CCSBVarC002194	ENSP00000483114.1:p.Ala111Gly	LITAF	ENSG00000189067	REEP6
LITAF	CCSBORF52920	1	CCSBORF2845	LW	1	344C>A	3582	NC_000016.10:11553565:G:T	CCSBVarC006148	ENSP00000483114.1:p.Thr115Asn	LITAF	ENSG00000189067	REEP6
LITAF	CCSBORF52920	1	CCSBORF2845	LW	1	346T>G	27	NC_000016.10:11553563:A:C	CCSBVarC007938	ENSP00000483114.1:p.Trp116Gly	LITAF	ENSG00000189067	REEP6
LITAF	CCSBORF52920	1	CCSBORF2845	LW	1	352T>C	5515	NC_000016.10:11553557:A:G	CCSBVarC007937	ENSP00000483114.1:p.Ser118Pro	LITAF	ENSG00000189067	REEP6
LITAF	CCSBORF52920	1	CCSBORF2845	LW	1	364C>G	31	NC_000016.10:11553545:G:C	CCSBVarC006149	ENSP00000483114.1:p.Leu122Val	LITAF	ENSG00000189067	REEP6
LITAF	CCSBORF52920	1	CCSBORF2845	LW	1	386C>T	3611	NC_000016.10:11549736:G:A	CCSBVarC007936	ENSP00000483114.1:p.Ala129Val	LITAF	ENSG00000189067	REEP6
LITAF	CCSBORF52920	1	CCSBORF2845	LW	1	388G>A	1901	NC_000016.10:11549734:C:T	CCSBVarC007935	ENSP00000483114.1:p.Gly130Ser	LITAF	ENSG00000189067	REEP6
LITAF	CCSBORF52920	1	CCSBORF2845	LW	1	403C>T	1698	NC_000016.10:11549719:G:A	CCSBVarC002196	ENSP00000483114.1:p.Pro135Ser	LITAF	ENSG00000189067	REEP6
LITAF	CCSBORF52920	1	CCSBORF2845	LW	1	404C>G	2177	NC_000016.10:11549718:G:C	CCSBVarC007933	ENSP00000483114.1:p.Pro135Arg	LITAF	ENSG00000189067	REEP6
LITAF	CCSBORF52920	1	CCSBORF2845	LW	1	408C>A	2246	NC_000016.10:11549714:G:T	CCSBVarC007932	ENSP00000483114.1:p.Phe136Leu	LITAF	ENSG00000189067	REEP6
LITAF	CCSBORF52920	1	CCSBORF2845	LW	1	430G>A	33	NC_000016.10:11549692:C:T	CCSBVarC007931	ENSP00000483114.1:p.Val144Met	LITAF	ENSG00000189067	REEP6
LITAF	CCSBORF52920	1	CCSBORF2845	LW	1	479G>A	28	NC_000016.10:11549643:C:T	CCSBVarC007930	ENSP00000483114.1:p.Arg160His	LITAF	ENSG00000189067	REEP6
LITAF	CCSBORF52920	1	CCSBORF71001	LW	1	REF	1473	NULL	NULL	NULL	LITAF	ENSG00000189067	UBQLN2
LITAF	CCSBORF52920	1	CCSBORF71001	LW	1	115C>T	2259	NC_000016.10:11556615:G:A	CCSBVarC007943	ENSP00000483114.1:p.Pro39Ser	LITAF	ENSG00000189067	UBQLN2
LITAF	CCSBORF52920	1	CCSBORF71001	LW	1	146C>T	1388	NC_000016.10:11556584:G:A	CCSBVarC002193	ENSP00000483114.1:p.Thr49Met	LITAF	ENSG00000189067	UBQLN2
LITAF	CCSBORF52920	1	CCSBORF71001	LW	1	251C>T	1648	NC_000016.10:11553658:G:A	CCSBVarC007939	ENSP00000483114.1:p.Pro84Leu	LITAF	ENSG00000189067	UBQLN2
LITAF	CCSBORF52920	1	CCSBORF71001	LW	1	332C>G	2554	NC_000016.10:11553577:G:C	CCSBVarC002194	ENSP00000483114.1:p.Ala111Gly	LITAF	ENSG00000189067	UBQLN2
LITAF	CCSBORF52920	1	CCSBORF71001	LW	1	344C>A	3594	NC_000016.10:11553565:G:T	CCSBVarC006148	ENSP00000483114.1:p.Thr115Asn	LITAF	ENSG00000189067	UBQLN2
LITAF	CCSBORF52920	1	CCSBORF71001	LW	1	346T>G	442	NC_000016.10:11553563:A:C	CCSBVarC007938	ENSP00000483114.1:p.Trp116Gly	LITAF	ENSG00000189067	UBQLN2
LITAF	CCSBORF52920	1	CCSBORF71001	LW	1	352T>C	3570	NC_000016.10:11553557:A:G	CCSBVarC007937	ENSP00000483114.1:p.Ser118Pro	LITAF	ENSG00000189067	UBQLN2
LITAF	CCSBORF52920	1	CCSBORF71001	LW	1	364C>G	596	NC_000016.10:11553545:G:C	CCSBVarC006149	ENSP00000483114.1:p.Leu122Val	LITAF	ENSG00000189067	UBQLN2
LITAF	CCSBORF52920	1	CCSBORF71001	LW	1	386C>T	3621	NC_000016.10:11549736:G:A	CCSBVarC007936	ENSP00000483114.1:p.Ala129Val	LITAF	ENSG00000189067	UBQLN2
LITAF	CCSBORF52920	1	CCSBORF71001	LW	1	388G>A	1534	NC_000016.10:11549734:C:T	CCSBVarC007935	ENSP00000483114.1:p.Gly130Ser	LITAF	ENSG00000189067	UBQLN2
LITAF	CCSBORF52920	1	CCSBORF71001	LW	1	403C>T	1866	NC_000016.10:11549719:G:A	CCSBVarC002196	ENSP00000483114.1:p.Pro135Ser	LITAF	ENSG00000189067	UBQLN2
LITAF	CCSBORF52920	1	CCSBORF71001	LW	1	404C>G	1990	NC_000016.10:11549718:G:C	CCSBVarC007933	ENSP00000483114.1:p.Pro135Arg	LITAF	ENSG00000189067	UBQLN2
LITAF	CCSBORF52920	1	CCSBORF71001	LW	1	408C>A	2477	NC_000016.10:11549714:G:T	CCSBVarC007932	ENSP00000483114.1:p.Phe136Leu	LITAF	ENSG00000189067	UBQLN2
LITAF	CCSBORF52920	1	CCSBORF71001	LW	1	430G>A	133	NC_000016.10:11549692:C:T	CCSBVarC007931	ENSP00000483114.1:p.Val144Met	LITAF	ENSG00000189067	UBQLN2
LITAF	CCSBORF52920	1	CCSBORF71001	LW	1	479G>A	320	NC_000016.10:11549643:C:T	CCSBVarC007930	ENSP00000483114.1:p.Arg160His	LITAF	ENSG00000189067	UBQLN2
LITAF	CCSBORF52920	1	CCSBORF3598	LW	1	REF	827	NULL	NULL	NULL	LITAF	ENSG00000189067	DAZAP2
LITAF	CCSBORF52920	1	CCSBORF3598	LW	1	115C>T	1835	NC_000016.10:11556615:G:A	CCSBVarC007943	ENSP00000483114.1:p.Pro39Ser	LITAF	ENSG00000189067	DAZAP2
LITAF	CCSBORF52920	1	CCSBORF3598	LW	1	146C>T	1685	NC_000016.10:11556584:G:A	CCSBVarC002193	ENSP00000483114.1:p.Thr49Met	LITAF	ENSG00000189067	DAZAP2
LITAF	CCSBORF52920	1	CCSBORF3598	LW	1	251C>T	1540	NC_000016.10:11553658:G:A	CCSBVarC007939	ENSP00000483114.1:p.Pro84Leu	LITAF	ENSG00000189067	DAZAP2
LITAF	CCSBORF52920	1	CCSBORF3598	LW	1	332C>G	3041	NC_000016.10:11553577:G:C	CCSBVarC002194	ENSP00000483114.1:p.Ala111Gly	LITAF	ENSG00000189067	DAZAP2
LITAF	CCSBORF52920	1	CCSBORF3598	LW	1	344C>A	3405	NC_000016.10:11553565:G:T	CCSBVarC006148	ENSP00000483114.1:p.Thr115Asn	LITAF	ENSG00000189067	DAZAP2
LITAF	CCSBORF52920	1	CCSBORF3598	LW	1	346T>G	32	NC_000016.10:11553563:A:C	CCSBVarC007938	ENSP00000483114.1:p.Trp116Gly	LITAF	ENSG00000189067	DAZAP2
LITAF	CCSBORF52920	1	CCSBORF3598	LW	1	352T>C	3919	NC_000016.10:11553557:A:G	CCSBVarC007937	ENSP00000483114.1:p.Ser118Pro	LITAF	ENSG00000189067	DAZAP2
LITAF	CCSBORF52920	1	CCSBORF3598	LW	1	364C>G	28	NC_000016.10:11553545:G:C	CCSBVarC006149	ENSP00000483114.1:p.Leu122Val	LITAF	ENSG00000189067	DAZAP2
LITAF	CCSBORF52920	1	CCSBORF3598	LW	1	386C>T	3154	NC_000016.10:11549736:G:A	CCSBVarC007936	ENSP00000483114.1:p.Ala129Val	LITAF	ENSG00000189067	DAZAP2
LITAF	CCSBORF52920	1	CCSBORF3598	LW	1	388G>A	2097	NC_000016.10:11549734:C:T	CCSBVarC007935	ENSP00000483114.1:p.Gly130Ser	LITAF	ENSG00000189067	DAZAP2
LITAF	CCSBORF52920	1	CCSBORF3598	LW	1	403C>T	1450	NC_000016.10:11549719:G:A	CCSBVarC002196	ENSP00000483114.1:p.Pro135Ser	LITAF	ENSG00000189067	DAZAP2
LITAF	CCSBORF52920	1	CCSBORF3598	LW	1	404C>G	1838	NC_000016.10:11549718:G:C	CCSBVarC007933	ENSP00000483114.1:p.Pro135Arg	LITAF	ENSG00000189067	DAZAP2
LITAF	CCSBORF52920	1	CCSBORF3598	LW	1	408C>A	1876	NC_000016.10:11549714:G:T	CCSBVarC007932	ENSP00000483114.1:p.Phe136Leu	LITAF	ENSG00000189067	DAZAP2
LITAF	CCSBORF52920	1	CCSBORF3598	LW	1	430G>A	17	NC_000016.10:11549692:C:T	CCSBVarC007931	ENSP00000483114.1:p.Val144Met	LITAF	ENSG00000189067	DAZAP2
LITAF	CCSBORF52920	1	CCSBORF3598	LW	1	479G>A	45	NC_000016.10:11549643:C:T	CCSBVarC007930	ENSP00000483114.1:p.Arg160His	LITAF	ENSG00000189067	DAZAP2
LITAF	CCSBORF52920	1	CCSBORF0	LW	1	REF	17	NULL	NULL	NULL	LITAF	ENSG00000189067	empty_AD
LITAF	CCSBORF52920	1	CCSBORF0	LW	1	115C>T	77	NC_000016.10:11556615:G:A	CCSBVarC007943	ENSP00000483114.1:p.Pro39Ser	LITAF	ENSG00000189067	empty_AD
LITAF	CCSBORF52920	1	CCSBORF0	LW	1	146C>T	29	NC_000016.10:11556584:G:A	CCSBVarC002193	ENSP00000483114.1:p.Thr49Met	LITAF	ENSG00000189067	empty_AD
LITAF	CCSBORF52920	1	CCSBORF0	LW	1	251C>T	62	NC_000016.10:11553658:G:A	CCSBVarC007939	ENSP00000483114.1:p.Pro84Leu	LITAF	ENSG00000189067	empty_AD
LITAF	CCSBORF52920	1	CCSBORF0	LW	1	332C>G	84	NC_000016.10:11553577:G:C	CCSBVarC002194	ENSP00000483114.1:p.Ala111Gly	LITAF	ENSG00000189067	empty_AD
LITAF	CCSBORF52920	1	CCSBORF0	LW	1	344C>A	122	NC_000016.10:11553565:G:T	CCSBVarC006148	ENSP00000483114.1:p.Thr115Asn	LITAF	ENSG00000189067	empty_AD
LITAF	CCSBORF52920	1	CCSBORF0	LW	1	346T>G	0	NC_000016.10:11553563:A:C	CCSBVarC007938	ENSP00000483114.1:p.Trp116Gly	LITAF	ENSG00000189067	empty_AD
LITAF	CCSBORF52920	1	CCSBORF0	LW	1	352T>C	119	NC_000016.10:11553557:A:G	CCSBVarC007937	ENSP00000483114.1:p.Ser118Pro	LITAF	ENSG00000189067	empty_AD
LITAF	CCSBORF52920	1	CCSBORF0	LW	1	364C>G	3	NC_000016.10:11553545:G:C	CCSBVarC006149	ENSP00000483114.1:p.Leu122Val	LITAF	ENSG00000189067	empty_AD
LITAF	CCSBORF52920	1	CCSBORF0	LW	1	386C>T	115	NC_000016.10:11549736:G:A	CCSBVarC007936	ENSP00000483114.1:p.Ala129Val	LITAF	ENSG00000189067	empty_AD
LITAF	CCSBORF52920	1	CCSBORF0	LW	1	388G>A	57	NC_000016.10:11549734:C:T	CCSBVarC007935	ENSP00000483114.1:p.Gly130Ser	LITAF	ENSG00000189067	empty_AD
LITAF	CCSBORF52920	1	CCSBORF0	LW	1	403C>T	70	NC_000016.10:11549719:G:A	CCSBVarC002196	ENSP00000483114.1:p.Pro135Ser	LITAF	ENSG00000189067	empty_AD
LITAF	CCSBORF52920	1	CCSBORF0	LW	1	404C>G	78	NC_000016.10:11549718:G:C	CCSBVarC007933	ENSP00000483114.1:p.Pro135Arg	LITAF	ENSG00000189067	empty_AD
LITAF	CCSBORF52920	1	CCSBORF0	LW	1	408C>A	62	NC_000016.10:11549714:G:T	CCSBVarC007932	ENSP00000483114.1:p.Phe136Leu	LITAF	ENSG00000189067	empty_AD
LITAF	CCSBORF52920	1	CCSBORF0	LW	1	430G>A	0	NC_000016.10:11549692:C:T	CCSBVarC007931	ENSP00000483114.1:p.Val144Met	LITAF	ENSG00000189067	empty_AD
LITAF	CCSBORF52920	1	CCSBORF0	LW	1	479G>A	0	NC_000016.10:11549643:C:T	CCSBVarC007930	ENSP00000483114.1:p.Arg160His	LITAF	ENSG00000189067	empty_AD
LITAF	CCSBORF52920	1	CCSBORF14441	LW	2	REF	549	NULL	NULL	NULL	LITAF	ENSG00000189067	GGA3
LITAF	CCSBORF52920	1	CCSBORF14441	LW	2	115C>T	2196	NC_000016.10:11556615:G:A	CCSBVarC007943	ENSP00000483114.1:p.Pro39Ser	LITAF	ENSG00000189067	GGA3
LITAF	CCSBORF52920	1	CCSBORF14441	LW	2	146C>T	1988	NC_000016.10:11556584:G:A	CCSBVarC002193	ENSP00000483114.1:p.Thr49Met	LITAF	ENSG00000189067	GGA3
LITAF	CCSBORF52920	1	CCSBORF14441	LW	2	251C>T	1871	NC_000016.10:11553658:G:A	CCSBVarC007939	ENSP00000483114.1:p.Pro84Leu	LITAF	ENSG00000189067	GGA3
LITAF	CCSBORF52920	1	CCSBORF14441	LW	2	332C>G	2844	NC_000016.10:11553577:G:C	CCSBVarC002194	ENSP00000483114.1:p.Ala111Gly	LITAF	ENSG00000189067	GGA3
LITAF	CCSBORF52920	1	CCSBORF14441	LW	2	344C>A	5008	NC_000016.10:11553565:G:T	CCSBVarC006148	ENSP00000483114.1:p.Thr115Asn	LITAF	ENSG00000189067	GGA3
LITAF	CCSBORF52920	1	CCSBORF14441	LW	2	346T>G	6	NC_000016.10:11553563:A:C	CCSBVarC007938	ENSP00000483114.1:p.Trp116Gly	LITAF	ENSG00000189067	GGA3
LITAF	CCSBORF52920	1	CCSBORF14441	LW	2	352T>C	3469	NC_000016.10:11553557:A:G	CCSBVarC007937	ENSP00000483114.1:p.Ser118Pro	LITAF	ENSG00000189067	GGA3
LITAF	CCSBORF52920	1	CCSBORF14441	LW	2	364C>G	32	NC_000016.10:11553545:G:C	CCSBVarC006149	ENSP00000483114.1:p.Leu122Val	LITAF	ENSG00000189067	GGA3
LITAF	CCSBORF52920	1	CCSBORF14441	LW	2	386C>T	3726	NC_000016.10:11549736:G:A	CCSBVarC007936	ENSP00000483114.1:p.Ala129Val	LITAF	ENSG00000189067	GGA3
LITAF	CCSBORF52920	1	CCSBORF14441	LW	2	388G>A	2212	NC_000016.10:11549734:C:T	CCSBVarC007935	ENSP00000483114.1:p.Gly130Ser	LITAF	ENSG00000189067	GGA3
LITAF	CCSBORF52920	1	CCSBORF14441	LW	2	403C>T	1681	NC_000016.10:11549719:G:A	CCSBVarC002196	ENSP00000483114.1:p.Pro135Ser	LITAF	ENSG00000189067	GGA3
LITAF	CCSBORF52920	1	CCSBORF14441	LW	2	404C>G	2673	NC_000016.10:11549718:G:C	CCSBVarC007933	ENSP00000483114.1:p.Pro135Arg	LITAF	ENSG00000189067	GGA3
LITAF	CCSBORF52920	1	CCSBORF14441	LW	2	408C>A	2670	NC_000016.10:11549714:G:T	CCSBVarC007932	ENSP00000483114.1:p.Phe136Leu	LITAF	ENSG00000189067	GGA3
LITAF	CCSBORF52920	1	CCSBORF14441	LW	2	430G>A	7	NC_000016.10:11549692:C:T	CCSBVarC007931	ENSP00000483114.1:p.Val144Met	LITAF	ENSG00000189067	GGA3
LITAF	CCSBORF52920	1	CCSBORF14441	LW	2	479G>A	18	NC_000016.10:11549643:C:T	CCSBVarC007930	ENSP00000483114.1:p.Arg160His	LITAF	ENSG00000189067	GGA3
LITAF	CCSBORF52920	1	CCSBORF1863	LW	2	REF	1001	NULL	NULL	NULL	LITAF	ENSG00000189067	STAM2
LITAF	CCSBORF52920	1	CCSBORF1863	LW	2	115C>T	2682	NC_000016.10:11556615:G:A	CCSBVarC007943	ENSP00000483114.1:p.Pro39Ser	LITAF	ENSG00000189067	STAM2
LITAF	CCSBORF52920	1	CCSBORF1863	LW	2	146C>T	2155	NC_000016.10:11556584:G:A	CCSBVarC002193	ENSP00000483114.1:p.Thr49Met	LITAF	ENSG00000189067	STAM2
LITAF	CCSBORF52920	1	CCSBORF1863	LW	2	251C>T	2316	NC_000016.10:11553658:G:A	CCSBVarC007939	ENSP00000483114.1:p.Pro84Leu	LITAF	ENSG00000189067	STAM2
LITAF	CCSBORF52920	1	CCSBORF1863	LW	2	332C>G	3672	NC_000016.10:11553577:G:C	CCSBVarC002194	ENSP00000483114.1:p.Ala111Gly	LITAF	ENSG00000189067	STAM2
LITAF	CCSBORF52920	1	CCSBORF1863	LW	2	344C>A	4795	NC_000016.10:11553565:G:T	CCSBVarC006148	ENSP00000483114.1:p.Thr115Asn	LITAF	ENSG00000189067	STAM2
LITAF	CCSBORF52920	1	CCSBORF1863	LW	2	346T>G	19	NC_000016.10:11553563:A:C	CCSBVarC007938	ENSP00000483114.1:p.Trp116Gly	LITAF	ENSG00000189067	STAM2
LITAF	CCSBORF52920	1	CCSBORF1863	LW	2	352T>C	4705	NC_000016.10:11553557:A:G	CCSBVarC007937	ENSP00000483114.1:p.Ser118Pro	LITAF	ENSG00000189067	STAM2
LITAF	CCSBORF52920	1	CCSBORF1863	LW	2	364C>G	18	NC_000016.10:11553545:G:C	CCSBVarC006149	ENSP00000483114.1:p.Leu122Val	LITAF	ENSG00000189067	STAM2
LITAF	CCSBORF52920	1	CCSBORF1863	LW	2	386C>T	4361	NC_000016.10:11549736:G:A	CCSBVarC007936	ENSP00000483114.1:p.Ala129Val	LITAF	ENSG00000189067	STAM2
LITAF	CCSBORF52920	1	CCSBORF1863	LW	2	388G>A	2327	NC_000016.10:11549734:C:T	CCSBVarC007935	ENSP00000483114.1:p.Gly130Ser	LITAF	ENSG00000189067	STAM2
LITAF	CCSBORF52920	1	CCSBORF1863	LW	2	403C>T	1753	NC_000016.10:11549719:G:A	CCSBVarC002196	ENSP00000483114.1:p.Pro135Ser	LITAF	ENSG00000189067	STAM2
LITAF	CCSBORF52920	1	CCSBORF1863	LW	2	404C>G	3075	NC_000016.10:11549718:G:C	CCSBVarC007933	ENSP00000483114.1:p.Pro135Arg	LITAF	ENSG00000189067	STAM2
LITAF	CCSBORF52920	1	CCSBORF1863	LW	2	408C>A	2723	NC_000016.10:11549714:G:T	CCSBVarC007932	ENSP00000483114.1:p.Phe136Leu	LITAF	ENSG00000189067	STAM2
LITAF	CCSBORF52920	1	CCSBORF1863	LW	2	430G>A	14	NC_000016.10:11549692:C:T	CCSBVarC007931	ENSP00000483114.1:p.Val144Met	LITAF	ENSG00000189067	STAM2
LITAF	CCSBORF52920	1	CCSBORF1863	LW	2	479G>A	28	NC_000016.10:11549643:C:T	CCSBVarC007930	ENSP00000483114.1:p.Arg160His	LITAF	ENSG00000189067	STAM2
LITAF	CCSBORF52920	1	CCSBORF11567	LW	2	REF	1244	NULL	NULL	NULL	LITAF	ENSG00000189067	TAX1BP1
LITAF	CCSBORF52920	1	CCSBORF11567	LW	2	115C>T	3182	NC_000016.10:11556615:G:A	CCSBVarC007943	ENSP00000483114.1:p.Pro39Ser	LITAF	ENSG00000189067	TAX1BP1
LITAF	CCSBORF52920	1	CCSBORF11567	LW	2	146C>T	2255	NC_000016.10:11556584:G:A	CCSBVarC002193	ENSP00000483114.1:p.Thr49Met	LITAF	ENSG00000189067	TAX1BP1
LITAF	CCSBORF52920	1	CCSBORF11567	LW	2	251C>T	2130	NC_000016.10:11553658:G:A	CCSBVarC007939	ENSP00000483114.1:p.Pro84Leu	LITAF	ENSG00000189067	TAX1BP1
LITAF	CCSBORF52920	1	CCSBORF11567	LW	2	332C>G	4256	NC_000016.10:11553577:G:C	CCSBVarC002194	ENSP00000483114.1:p.Ala111Gly	LITAF	ENSG00000189067	TAX1BP1
LITAF	CCSBORF52920	1	CCSBORF11567	LW	2	344C>A	5548	NC_000016.10:11553565:G:T	CCSBVarC006148	ENSP00000483114.1:p.Thr115Asn	LITAF	ENSG00000189067	TAX1BP1
LITAF	CCSBORF52920	1	CCSBORF11567	LW	2	346T>G	143	NC_000016.10:11553563:A:C	CCSBVarC007938	ENSP00000483114.1:p.Trp116Gly	LITAF	ENSG00000189067	TAX1BP1
LITAF	CCSBORF52920	1	CCSBORF11567	LW	2	352T>C	6191	NC_000016.10:11553557:A:G	CCSBVarC007937	ENSP00000483114.1:p.Ser118Pro	LITAF	ENSG00000189067	TAX1BP1
LITAF	CCSBORF52920	1	CCSBORF11567	LW	2	364C>G	207	NC_000016.10:11553545:G:C	CCSBVarC006149	ENSP00000483114.1:p.Leu122Val	LITAF	ENSG00000189067	TAX1BP1
LITAF	CCSBORF52920	1	CCSBORF11567	LW	2	386C>T	4037	NC_000016.10:11549736:G:A	CCSBVarC007936	ENSP00000483114.1:p.Ala129Val	LITAF	ENSG00000189067	TAX1BP1
LITAF	CCSBORF52920	1	CCSBORF11567	LW	2	388G>A	1929	NC_000016.10:11549734:C:T	CCSBVarC007935	ENSP00000483114.1:p.Gly130Ser	LITAF	ENSG00000189067	TAX1BP1
LITAF	CCSBORF52920	1	CCSBORF11567	LW	2	403C>T	1289	NC_000016.10:11549719:G:A	CCSBVarC002196	ENSP00000483114.1:p.Pro135Ser	LITAF	ENSG00000189067	TAX1BP1
LITAF	CCSBORF52920	1	CCSBORF11567	LW	2	404C>G	2475	NC_000016.10:11549718:G:C	CCSBVarC007933	ENSP00000483114.1:p.Pro135Arg	LITAF	ENSG00000189067	TAX1BP1
LITAF	CCSBORF52920	1	CCSBORF11567	LW	2	408C>A	2670	NC_000016.10:11549714:G:T	CCSBVarC007932	ENSP00000483114.1:p.Phe136Leu	LITAF	ENSG00000189067	TAX1BP1
LITAF	CCSBORF52920	1	CCSBORF11567	LW	2	430G>A	53	NC_000016.10:11549692:C:T	CCSBVarC007931	ENSP00000483114.1:p.Val144Met	LITAF	ENSG00000189067	TAX1BP1
LITAF	CCSBORF52920	1	CCSBORF11567	LW	2	479G>A	110	NC_000016.10:11549643:C:T	CCSBVarC007930	ENSP00000483114.1:p.Arg160His	LITAF	ENSG00000189067	TAX1BP1
LITAF	CCSBORF52920	1	CCSBORF11132	LW	2	REF	691	NULL	NULL	NULL	LITAF	ENSG00000189067	EPN1
LITAF	CCSBORF52920	1	CCSBORF11132	LW	2	115C>T	2064	NC_000016.10:11556615:G:A	CCSBVarC007943	ENSP00000483114.1:p.Pro39Ser	LITAF	ENSG00000189067	EPN1
LITAF	CCSBORF52920	1	CCSBORF11132	LW	2	146C>T	2385	NC_000016.10:11556584:G:A	CCSBVarC002193	ENSP00000483114.1:p.Thr49Met	LITAF	ENSG00000189067	EPN1
LITAF	CCSBORF52920	1	CCSBORF11132	LW	2	251C>T	2000	NC_000016.10:11553658:G:A	CCSBVarC007939	ENSP00000483114.1:p.Pro84Leu	LITAF	ENSG00000189067	EPN1
LITAF	CCSBORF52920	1	CCSBORF11132	LW	2	332C>G	3412	NC_000016.10:11553577:G:C	CCSBVarC002194	ENSP00000483114.1:p.Ala111Gly	LITAF	ENSG00000189067	EPN1
LITAF	CCSBORF52920	1	CCSBORF11132	LW	2	344C>A	5329	NC_000016.10:11553565:G:T	CCSBVarC006148	ENSP00000483114.1:p.Thr115Asn	LITAF	ENSG00000189067	EPN1
LITAF	CCSBORF52920	1	CCSBORF11132	LW	2	346T>G	22	NC_000016.10:11553563:A:C	CCSBVarC007938	ENSP00000483114.1:p.Trp116Gly	LITAF	ENSG00000189067	EPN1
LITAF	CCSBORF52920	1	CCSBORF11132	LW	2	352T>C	5334	NC_000016.10:11553557:A:G	CCSBVarC007937	ENSP00000483114.1:p.Ser118Pro	LITAF	ENSG00000189067	EPN1
LITAF	CCSBORF52920	1	CCSBORF11132	LW	2	364C>G	12	NC_000016.10:11553545:G:C	CCSBVarC006149	ENSP00000483114.1:p.Leu122Val	LITAF	ENSG00000189067	EPN1
LITAF	CCSBORF52920	1	CCSBORF11132	LW	2	386C>T	3730	NC_000016.10:11549736:G:A	CCSBVarC007936	ENSP00000483114.1:p.Ala129Val	LITAF	ENSG00000189067	EPN1
LITAF	CCSBORF52920	1	CCSBORF11132	LW	2	388G>A	1949	NC_000016.10:11549734:C:T	CCSBVarC007935	ENSP00000483114.1:p.Gly130Ser	LITAF	ENSG00000189067	EPN1
LITAF	CCSBORF52920	1	CCSBORF11132	LW	2	403C>T	1863	NC_000016.10:11549719:G:A	CCSBVarC002196	ENSP00000483114.1:p.Pro135Ser	LITAF	ENSG00000189067	EPN1
LITAF	CCSBORF52920	1	CCSBORF11132	LW	2	404C>G	2151	NC_000016.10:11549718:G:C	CCSBVarC007933	ENSP00000483114.1:p.Pro135Arg	LITAF	ENSG00000189067	EPN1
LITAF	CCSBORF52920	1	CCSBORF11132	LW	2	408C>A	2468	NC_000016.10:11549714:G:T	CCSBVarC007932	ENSP00000483114.1:p.Phe136Leu	LITAF	ENSG00000189067	EPN1
LITAF	CCSBORF52920	1	CCSBORF11132	LW	2	430G>A	15	NC_000016.10:11549692:C:T	CCSBVarC007931	ENSP00000483114.1:p.Val144Met	LITAF	ENSG00000189067	EPN1
LITAF	CCSBORF52920	1	CCSBORF11132	LW	2	479G>A	9	NC_000016.10:11549643:C:T	CCSBVarC007930	ENSP00000483114.1:p.Arg160His	LITAF	ENSG00000189067	EPN1
LITAF	CCSBORF52920	1	CCSBORF71715	LW	2	REF	641	NULL	NULL	NULL	LITAF	ENSG00000189067	EPN2
LITAF	CCSBORF52920	1	CCSBORF71715	LW	2	115C>T	2056	NC_000016.10:11556615:G:A	CCSBVarC007943	ENSP00000483114.1:p.Pro39Ser	LITAF	ENSG00000189067	EPN2
LITAF	CCSBORF52920	1	CCSBORF71715	LW	2	146C>T	1741	NC_000016.10:11556584:G:A	CCSBVarC002193	ENSP00000483114.1:p.Thr49Met	LITAF	ENSG00000189067	EPN2
LITAF	CCSBORF52920	1	CCSBORF71715	LW	2	251C>T	2254	NC_000016.10:11553658:G:A	CCSBVarC007939	ENSP00000483114.1:p.Pro84Leu	LITAF	ENSG00000189067	EPN2
LITAF	CCSBORF52920	1	CCSBORF71715	LW	2	332C>G	3235	NC_000016.10:11553577:G:C	CCSBVarC002194	ENSP00000483114.1:p.Ala111Gly	LITAF	ENSG00000189067	EPN2
LITAF	CCSBORF52920	1	CCSBORF71715	LW	2	344C>A	4074	NC_000016.10:11553565:G:T	CCSBVarC006148	ENSP00000483114.1:p.Thr115Asn	LITAF	ENSG00000189067	EPN2
LITAF	CCSBORF52920	1	CCSBORF71715	LW	2	346T>G	4	NC_000016.10:11553563:A:C	CCSBVarC007938	ENSP00000483114.1:p.Trp116Gly	LITAF	ENSG00000189067	EPN2
LITAF	CCSBORF52920	1	CCSBORF71715	LW	2	352T>C	5288	NC_000016.10:11553557:A:G	CCSBVarC007937	ENSP00000483114.1:p.Ser118Pro	LITAF	ENSG00000189067	EPN2
LITAF	CCSBORF52920	1	CCSBORF71715	LW	2	364C>G	3	NC_000016.10:11553545:G:C	CCSBVarC006149	ENSP00000483114.1:p.Leu122Val	LITAF	ENSG00000189067	EPN2
LITAF	CCSBORF52920	1	CCSBORF71715	LW	2	386C>T	3053	NC_000016.10:11549736:G:A	CCSBVarC007936	ENSP00000483114.1:p.Ala129Val	LITAF	ENSG00000189067	EPN2
LITAF	CCSBORF52920	1	CCSBORF71715	LW	2	388G>A	1618	NC_000016.10:11549734:C:T	CCSBVarC007935	ENSP00000483114.1:p.Gly130Ser	LITAF	ENSG00000189067	EPN2
LITAF	CCSBORF52920	1	CCSBORF71715	LW	2	403C>T	1452	NC_000016.10:11549719:G:A	CCSBVarC002196	ENSP00000483114.1:p.Pro135Ser	LITAF	ENSG00000189067	EPN2
LITAF	CCSBORF52920	1	CCSBORF71715	LW	2	404C>G	2171	NC_000016.10:11549718:G:C	CCSBVarC007933	ENSP00000483114.1:p.Pro135Arg	LITAF	ENSG00000189067	EPN2
LITAF	CCSBORF52920	1	CCSBORF71715	LW	2	408C>A	2293	NC_000016.10:11549714:G:T	CCSBVarC007932	ENSP00000483114.1:p.Phe136Leu	LITAF	ENSG00000189067	EPN2
LITAF	CCSBORF52920	1	CCSBORF71715	LW	2	430G>A	10	NC_000016.10:11549692:C:T	CCSBVarC007931	ENSP00000483114.1:p.Val144Met	LITAF	ENSG00000189067	EPN2
LITAF	CCSBORF52920	1	CCSBORF71715	LW	2	479G>A	8	NC_000016.10:11549643:C:T	CCSBVarC007930	ENSP00000483114.1:p.Arg160His	LITAF	ENSG00000189067	EPN2
LITAF	CCSBORF52920	1	CCSBORF56215	LW	2	REF	958	NULL	NULL	NULL	LITAF	ENSG00000189067	HIP1
LITAF	CCSBORF52920	1	CCSBORF56215	LW	2	115C>T	2560	NC_000016.10:11556615:G:A	CCSBVarC007943	ENSP00000483114.1:p.Pro39Ser	LITAF	ENSG00000189067	HIP1
LITAF	CCSBORF52920	1	CCSBORF56215	LW	2	146C>T	2210	NC_000016.10:11556584:G:A	CCSBVarC002193	ENSP00000483114.1:p.Thr49Met	LITAF	ENSG00000189067	HIP1
LITAF	CCSBORF52920	1	CCSBORF56215	LW	2	251C>T	2220	NC_000016.10:11553658:G:A	CCSBVarC007939	ENSP00000483114.1:p.Pro84Leu	LITAF	ENSG00000189067	HIP1
LITAF	CCSBORF52920	1	CCSBORF56215	LW	2	332C>G	3595	NC_000016.10:11553577:G:C	CCSBVarC002194	ENSP00000483114.1:p.Ala111Gly	LITAF	ENSG00000189067	HIP1
LITAF	CCSBORF52920	1	CCSBORF56215	LW	2	344C>A	5189	NC_000016.10:11553565:G:T	CCSBVarC006148	ENSP00000483114.1:p.Thr115Asn	LITAF	ENSG00000189067	HIP1
LITAF	CCSBORF52920	1	CCSBORF56215	LW	2	346T>G	7	NC_000016.10:11553563:A:C	CCSBVarC007938	ENSP00000483114.1:p.Trp116Gly	LITAF	ENSG00000189067	HIP1
LITAF	CCSBORF52920	1	CCSBORF56215	LW	2	352T>C	5358	NC_000016.10:11553557:A:G	CCSBVarC007937	ENSP00000483114.1:p.Ser118Pro	LITAF	ENSG00000189067	HIP1
LITAF	CCSBORF52920	1	CCSBORF56215	LW	2	364C>G	2	NC_000016.10:11553545:G:C	CCSBVarC006149	ENSP00000483114.1:p.Leu122Val	LITAF	ENSG00000189067	HIP1
LITAF	CCSBORF52920	1	CCSBORF56215	LW	2	386C>T	3380	NC_000016.10:11549736:G:A	CCSBVarC007936	ENSP00000483114.1:p.Ala129Val	LITAF	ENSG00000189067	HIP1
LITAF	CCSBORF52920	1	CCSBORF56215	LW	2	388G>A	2257	NC_000016.10:11549734:C:T	CCSBVarC007935	ENSP00000483114.1:p.Gly130Ser	LITAF	ENSG00000189067	HIP1
LITAF	CCSBORF52920	1	CCSBORF56215	LW	2	403C>T	2347	NC_000016.10:11549719:G:A	CCSBVarC002196	ENSP00000483114.1:p.Pro135Ser	LITAF	ENSG00000189067	HIP1
LITAF	CCSBORF52920	1	CCSBORF56215	LW	2	404C>G	2411	NC_000016.10:11549718:G:C	CCSBVarC007933	ENSP00000483114.1:p.Pro135Arg	LITAF	ENSG00000189067	HIP1
LITAF	CCSBORF52920	1	CCSBORF56215	LW	2	408C>A	2348	NC_000016.10:11549714:G:T	CCSBVarC007932	ENSP00000483114.1:p.Phe136Leu	LITAF	ENSG00000189067	HIP1
LITAF	CCSBORF52920	1	CCSBORF56215	LW	2	430G>A	23	NC_000016.10:11549692:C:T	CCSBVarC007931	ENSP00000483114.1:p.Val144Met	LITAF	ENSG00000189067	HIP1
LITAF	CCSBORF52920	1	CCSBORF56215	LW	2	479G>A	24	NC_000016.10:11549643:C:T	CCSBVarC007930	ENSP00000483114.1:p.Arg160His	LITAF	ENSG00000189067	HIP1
LITAF	CCSBORF52920	1	CCSBORF2845	LW	2	REF	1175	NULL	NULL	NULL	LITAF	ENSG00000189067	REEP6
LITAF	CCSBORF52920	1	CCSBORF2845	LW	2	115C>T	915	NC_000016.10:11556615:G:A	CCSBVarC007943	ENSP00000483114.1:p.Pro39Ser	LITAF	ENSG00000189067	REEP6
LITAF	CCSBORF52920	1	CCSBORF2845	LW	2	146C>T	1245	NC_000016.10:11556584:G:A	CCSBVarC002193	ENSP00000483114.1:p.Thr49Met	LITAF	ENSG00000189067	REEP6
LITAF	CCSBORF52920	1	CCSBORF2845	LW	2	251C>T	1070	NC_000016.10:11553658:G:A	CCSBVarC007939	ENSP00000483114.1:p.Pro84Leu	LITAF	ENSG00000189067	REEP6
LITAF	CCSBORF52920	1	CCSBORF2845	LW	2	332C>G	2864	NC_000016.10:11553577:G:C	CCSBVarC002194	ENSP00000483114.1:p.Ala111Gly	LITAF	ENSG00000189067	REEP6
LITAF	CCSBORF52920	1	CCSBORF2845	LW	2	344C>A	2334	NC_000016.10:11553565:G:T	CCSBVarC006148	ENSP00000483114.1:p.Thr115Asn	LITAF	ENSG00000189067	REEP6
LITAF	CCSBORF52920	1	CCSBORF2845	LW	2	346T>G	171	NC_000016.10:11553563:A:C	CCSBVarC007938	ENSP00000483114.1:p.Trp116Gly	LITAF	ENSG00000189067	REEP6
LITAF	CCSBORF52920	1	CCSBORF2845	LW	2	352T>C	3263	NC_000016.10:11553557:A:G	CCSBVarC007937	ENSP00000483114.1:p.Ser118Pro	LITAF	ENSG00000189067	REEP6
LITAF	CCSBORF52920	1	CCSBORF2845	LW	2	364C>G	195	NC_000016.10:11553545:G:C	CCSBVarC006149	ENSP00000483114.1:p.Leu122Val	LITAF	ENSG00000189067	REEP6
LITAF	CCSBORF52920	1	CCSBORF2845	LW	2	386C>T	1615	NC_000016.10:11549736:G:A	CCSBVarC007936	ENSP00000483114.1:p.Ala129Val	LITAF	ENSG00000189067	REEP6
LITAF	CCSBORF52920	1	CCSBORF2845	LW	2	388G>A	1054	NC_000016.10:11549734:C:T	CCSBVarC007935	ENSP00000483114.1:p.Gly130Ser	LITAF	ENSG00000189067	REEP6
LITAF	CCSBORF52920	1	CCSBORF2845	LW	2	403C>T	1002	NC_000016.10:11549719:G:A	CCSBVarC002196	ENSP00000483114.1:p.Pro135Ser	LITAF	ENSG00000189067	REEP6
LITAF	CCSBORF52920	1	CCSBORF2845	LW	2	404C>G	1381	NC_000016.10:11549718:G:C	CCSBVarC007933	ENSP00000483114.1:p.Pro135Arg	LITAF	ENSG00000189067	REEP6
LITAF	CCSBORF52920	1	CCSBORF2845	LW	2	408C>A	1424	NC_000016.10:11549714:G:T	CCSBVarC007932	ENSP00000483114.1:p.Phe136Leu	LITAF	ENSG00000189067	REEP6
LITAF	CCSBORF52920	1	CCSBORF2845	LW	2	430G>A	73	NC_000016.10:11549692:C:T	CCSBVarC007931	ENSP00000483114.1:p.Val144Met	LITAF	ENSG00000189067	REEP6
LITAF	CCSBORF52920	1	CCSBORF2845	LW	2	479G>A	144	NC_000016.10:11549643:C:T	CCSBVarC007930	ENSP00000483114.1:p.Arg160His	LITAF	ENSG00000189067	REEP6
LITAF	CCSBORF52920	1	CCSBORF71001	LW	2	REF	1122	NULL	NULL	NULL	LITAF	ENSG00000189067	UBQLN2
LITAF	CCSBORF52920	1	CCSBORF71001	LW	2	115C>T	2264	NC_000016.10:11556615:G:A	CCSBVarC007943	ENSP00000483114.1:p.Pro39Ser	LITAF	ENSG00000189067	UBQLN2
LITAF	CCSBORF52920	1	CCSBORF71001	LW	2	146C>T	2461	NC_000016.10:11556584:G:A	CCSBVarC002193	ENSP00000483114.1:p.Thr49Met	LITAF	ENSG00000189067	UBQLN2
LITAF	CCSBORF52920	1	CCSBORF71001	LW	2	251C>T	2192	NC_000016.10:11553658:G:A	CCSBVarC007939	ENSP00000483114.1:p.Pro84Leu	LITAF	ENSG00000189067	UBQLN2
LITAF	CCSBORF52920	1	CCSBORF71001	LW	2	332C>G	3238	NC_000016.10:11553577:G:C	CCSBVarC002194	ENSP00000483114.1:p.Ala111Gly	LITAF	ENSG00000189067	UBQLN2
LITAF	CCSBORF52920	1	CCSBORF71001	LW	2	344C>A	5161	NC_000016.10:11553565:G:T	CCSBVarC006148	ENSP00000483114.1:p.Thr115Asn	LITAF	ENSG00000189067	UBQLN2
LITAF	CCSBORF52920	1	CCSBORF71001	LW	2	346T>G	5	NC_000016.10:11553563:A:C	CCSBVarC007938	ENSP00000483114.1:p.Trp116Gly	LITAF	ENSG00000189067	UBQLN2
LITAF	CCSBORF52920	1	CCSBORF71001	LW	2	352T>C	5121	NC_000016.10:11553557:A:G	CCSBVarC007937	ENSP00000483114.1:p.Ser118Pro	LITAF	ENSG00000189067	UBQLN2
LITAF	CCSBORF52920	1	CCSBORF71001	LW	2	364C>G	5	NC_000016.10:11553545:G:C	CCSBVarC006149	ENSP00000483114.1:p.Leu122Val	LITAF	ENSG00000189067	UBQLN2
LITAF	CCSBORF52920	1	CCSBORF71001	LW	2	386C>T	4076	NC_000016.10:11549736:G:A	CCSBVarC007936	ENSP00000483114.1:p.Ala129Val	LITAF	ENSG00000189067	UBQLN2
LITAF	CCSBORF52920	1	CCSBORF71001	LW	2	388G>A	2685	NC_000016.10:11549734:C:T	CCSBVarC007935	ENSP00000483114.1:p.Gly130Ser	LITAF	ENSG00000189067	UBQLN2
LITAF	CCSBORF52920	1	CCSBORF71001	LW	2	403C>T	2493	NC_000016.10:11549719:G:A	CCSBVarC002196	ENSP00000483114.1:p.Pro135Ser	LITAF	ENSG00000189067	UBQLN2
LITAF	CCSBORF52920	1	CCSBORF71001	LW	2	404C>G	2641	NC_000016.10:11549718:G:C	CCSBVarC007933	ENSP00000483114.1:p.Pro135Arg	LITAF	ENSG00000189067	UBQLN2
LITAF	CCSBORF52920	1	CCSBORF71001	LW	2	408C>A	2661	NC_000016.10:11549714:G:T	CCSBVarC007932	ENSP00000483114.1:p.Phe136Leu	LITAF	ENSG00000189067	UBQLN2
LITAF	CCSBORF52920	1	CCSBORF71001	LW	2	430G>A	30	NC_000016.10:11549692:C:T	CCSBVarC007931	ENSP00000483114.1:p.Val144Met	LITAF	ENSG00000189067	UBQLN2
LITAF	CCSBORF52920	1	CCSBORF71001	LW	2	479G>A	9	NC_000016.10:11549643:C:T	CCSBVarC007930	ENSP00000483114.1:p.Arg160His	LITAF	ENSG00000189067	UBQLN2
LITAF	CCSBORF52920	1	CCSBORF3598	LW	2	REF	909	NULL	NULL	NULL	LITAF	ENSG00000189067	DAZAP2
LITAF	CCSBORF52920	1	CCSBORF3598	LW	2	115C>T	2228	NC_000016.10:11556615:G:A	CCSBVarC007943	ENSP00000483114.1:p.Pro39Ser	LITAF	ENSG00000189067	DAZAP2
LITAF	CCSBORF52920	1	CCSBORF3598	LW	2	146C>T	1999	NC_000016.10:11556584:G:A	CCSBVarC002193	ENSP00000483114.1:p.Thr49Met	LITAF	ENSG00000189067	DAZAP2
LITAF	CCSBORF52920	1	CCSBORF3598	LW	2	251C>T	1808	NC_000016.10:11553658:G:A	CCSBVarC007939	ENSP00000483114.1:p.Pro84Leu	LITAF	ENSG00000189067	DAZAP2
LITAF	CCSBORF52920	1	CCSBORF3598	LW	2	332C>G	3677	NC_000016.10:11553577:G:C	CCSBVarC002194	ENSP00000483114.1:p.Ala111Gly	LITAF	ENSG00000189067	DAZAP2
LITAF	CCSBORF52920	1	CCSBORF3598	LW	2	344C>A	4191	NC_000016.10:11553565:G:T	CCSBVarC006148	ENSP00000483114.1:p.Thr115Asn	LITAF	ENSG00000189067	DAZAP2
LITAF	CCSBORF52920	1	CCSBORF3598	LW	2	346T>G	11	NC_000016.10:11553563:A:C	CCSBVarC007938	ENSP00000483114.1:p.Trp116Gly	LITAF	ENSG00000189067	DAZAP2
LITAF	CCSBORF52920	1	CCSBORF3598	LW	2	352T>C	4872	NC_000016.10:11553557:A:G	CCSBVarC007937	ENSP00000483114.1:p.Ser118Pro	LITAF	ENSG00000189067	DAZAP2
LITAF	CCSBORF52920	1	CCSBORF3598	LW	2	364C>G	48	NC_000016.10:11553545:G:C	CCSBVarC006149	ENSP00000483114.1:p.Leu122Val	LITAF	ENSG00000189067	DAZAP2
LITAF	CCSBORF52920	1	CCSBORF3598	LW	2	386C>T	3738	NC_000016.10:11549736:G:A	CCSBVarC007936	ENSP00000483114.1:p.Ala129Val	LITAF	ENSG00000189067	DAZAP2
LITAF	CCSBORF52920	1	CCSBORF3598	LW	2	388G>A	1990	NC_000016.10:11549734:C:T	CCSBVarC007935	ENSP00000483114.1:p.Gly130Ser	LITAF	ENSG00000189067	DAZAP2
LITAF	CCSBORF52920	1	CCSBORF3598	LW	2	403C>T	2089	NC_000016.10:11549719:G:A	CCSBVarC002196	ENSP00000483114.1:p.Pro135Ser	LITAF	ENSG00000189067	DAZAP2
LITAF	CCSBORF52920	1	CCSBORF3598	LW	2	404C>G	2301	NC_000016.10:11549718:G:C	CCSBVarC007933	ENSP00000483114.1:p.Pro135Arg	LITAF	ENSG00000189067	DAZAP2
LITAF	CCSBORF52920	1	CCSBORF3598	LW	2	408C>A	2642	NC_000016.10:11549714:G:T	CCSBVarC007932	ENSP00000483114.1:p.Phe136Leu	LITAF	ENSG00000189067	DAZAP2
LITAF	CCSBORF52920	1	CCSBORF3598	LW	2	430G>A	15	NC_000016.10:11549692:C:T	CCSBVarC007931	ENSP00000483114.1:p.Val144Met	LITAF	ENSG00000189067	DAZAP2
LITAF	CCSBORF52920	1	CCSBORF3598	LW	2	479G>A	20	NC_000016.10:11549643:C:T	CCSBVarC007930	ENSP00000483114.1:p.Arg160His	LITAF	ENSG00000189067	DAZAP2
LITAF	CCSBORF52920	1	CCSBORF0	LW	2	REF	613	NULL	NULL	NULL	LITAF	ENSG00000189067	empty_AD
LITAF	CCSBORF52920	1	CCSBORF0	LW	2	115C>T	2154	NC_000016.10:11556615:G:A	CCSBVarC007943	ENSP00000483114.1:p.Pro39Ser	LITAF	ENSG00000189067	empty_AD
LITAF	CCSBORF52920	1	CCSBORF0	LW	2	146C>T	1806	NC_000016.10:11556584:G:A	CCSBVarC002193	ENSP00000483114.1:p.Thr49Met	LITAF	ENSG00000189067	empty_AD
LITAF	CCSBORF52920	1	CCSBORF0	LW	2	251C>T	1690	NC_000016.10:11553658:G:A	CCSBVarC007939	ENSP00000483114.1:p.Pro84Leu	LITAF	ENSG00000189067	empty_AD
LITAF	CCSBORF52920	1	CCSBORF0	LW	2	332C>G	3481	NC_000016.10:11553577:G:C	CCSBVarC002194	ENSP00000483114.1:p.Ala111Gly	LITAF	ENSG00000189067	empty_AD
LITAF	CCSBORF52920	1	CCSBORF0	LW	2	344C>A	4246	NC_000016.10:11553565:G:T	CCSBVarC006148	ENSP00000483114.1:p.Thr115Asn	LITAF	ENSG00000189067	empty_AD
LITAF	CCSBORF52920	1	CCSBORF0	LW	2	346T>G	21	NC_000016.10:11553563:A:C	CCSBVarC007938	ENSP00000483114.1:p.Trp116Gly	LITAF	ENSG00000189067	empty_AD
LITAF	CCSBORF52920	1	CCSBORF0	LW	2	352T>C	4097	NC_000016.10:11553557:A:G	CCSBVarC007937	ENSP00000483114.1:p.Ser118Pro	LITAF	ENSG00000189067	empty_AD
LITAF	CCSBORF52920	1	CCSBORF0	LW	2	364C>G	2	NC_000016.10:11553545:G:C	CCSBVarC006149	ENSP00000483114.1:p.Leu122Val	LITAF	ENSG00000189067	empty_AD
LITAF	CCSBORF52920	1	CCSBORF0	LW	2	386C>T	3382	NC_000016.10:11549736:G:A	CCSBVarC007936	ENSP00000483114.1:p.Ala129Val	LITAF	ENSG00000189067	empty_AD
LITAF	CCSBORF52920	1	CCSBORF0	LW	2	388G>A	2378	NC_000016.10:11549734:C:T	CCSBVarC007935	ENSP00000483114.1:p.Gly130Ser	LITAF	ENSG00000189067	empty_AD
LITAF	CCSBORF52920	1	CCSBORF0	LW	2	403C>T	2109	NC_000016.10:11549719:G:A	CCSBVarC002196	ENSP00000483114.1:p.Pro135Ser	LITAF	ENSG00000189067	empty_AD
LITAF	CCSBORF52920	1	CCSBORF0	LW	2	404C>G	2293	NC_000016.10:11549718:G:C	CCSBVarC007933	ENSP00000483114.1:p.Pro135Arg	LITAF	ENSG00000189067	empty_AD
LITAF	CCSBORF52920	1	CCSBORF0	LW	2	408C>A	2206	NC_000016.10:11549714:G:T	CCSBVarC007932	ENSP00000483114.1:p.Phe136Leu	LITAF	ENSG00000189067	empty_AD
LITAF	CCSBORF52920	1	CCSBORF0	LW	2	430G>A	16	NC_000016.10:11549692:C:T	CCSBVarC007931	ENSP00000483114.1:p.Val144Met	LITAF	ENSG00000189067	empty_AD
LITAF	CCSBORF52920	1	CCSBORF0	LW	2	479G>A	10	NC_000016.10:11549643:C:T	CCSBVarC007930	ENSP00000483114.1:p.Arg160His	LITAF	ENSG00000189067	empty_AD
LITAF	CCSBORF52920	1	CCSBORF14441	LW	3	REF	340	NULL	NULL	NULL	LITAF	ENSG00000189067	GGA3
LITAF	CCSBORF52920	1	CCSBORF14441	LW	3	115C>T	1911	NC_000016.10:11556615:G:A	CCSBVarC007943	ENSP00000483114.1:p.Pro39Ser	LITAF	ENSG00000189067	GGA3
LITAF	CCSBORF52920	1	CCSBORF14441	LW	3	146C>T	1361	NC_000016.10:11556584:G:A	CCSBVarC002193	ENSP00000483114.1:p.Thr49Met	LITAF	ENSG00000189067	GGA3
LITAF	CCSBORF52920	1	CCSBORF14441	LW	3	251C>T	1651	NC_000016.10:11553658:G:A	CCSBVarC007939	ENSP00000483114.1:p.Pro84Leu	LITAF	ENSG00000189067	GGA3
LITAF	CCSBORF52920	1	CCSBORF14441	LW	3	332C>G	3021	NC_000016.10:11553577:G:C	CCSBVarC002194	ENSP00000483114.1:p.Ala111Gly	LITAF	ENSG00000189067	GGA3
LITAF	CCSBORF52920	1	CCSBORF14441	LW	3	344C>A	3540	NC_000016.10:11553565:G:T	CCSBVarC006148	ENSP00000483114.1:p.Thr115Asn	LITAF	ENSG00000189067	GGA3
LITAF	CCSBORF52920	1	CCSBORF14441	LW	3	346T>G	15	NC_000016.10:11553563:A:C	CCSBVarC007938	ENSP00000483114.1:p.Trp116Gly	LITAF	ENSG00000189067	GGA3
LITAF	CCSBORF52920	1	CCSBORF14441	LW	3	352T>C	2974	NC_000016.10:11553557:A:G	CCSBVarC007937	ENSP00000483114.1:p.Ser118Pro	LITAF	ENSG00000189067	GGA3
LITAF	CCSBORF52920	1	CCSBORF14441	LW	3	364C>G	0	NC_000016.10:11553545:G:C	CCSBVarC006149	ENSP00000483114.1:p.Leu122Val	LITAF	ENSG00000189067	GGA3
LITAF	CCSBORF52920	1	CCSBORF14441	LW	3	386C>T	2247	NC_000016.10:11549736:G:A	CCSBVarC007936	ENSP00000483114.1:p.Ala129Val	LITAF	ENSG00000189067	GGA3
LITAF	CCSBORF52920	1	CCSBORF14441	LW	3	388G>A	1870	NC_000016.10:11549734:C:T	CCSBVarC007935	ENSP00000483114.1:p.Gly130Ser	LITAF	ENSG00000189067	GGA3
LITAF	CCSBORF52920	1	CCSBORF14441	LW	3	403C>T	1394	NC_000016.10:11549719:G:A	CCSBVarC002196	ENSP00000483114.1:p.Pro135Ser	LITAF	ENSG00000189067	GGA3
LITAF	CCSBORF52920	1	CCSBORF14441	LW	3	404C>G	1845	NC_000016.10:11549718:G:C	CCSBVarC007933	ENSP00000483114.1:p.Pro135Arg	LITAF	ENSG00000189067	GGA3
LITAF	CCSBORF52920	1	CCSBORF14441	LW	3	408C>A	1474	NC_000016.10:11549714:G:T	CCSBVarC007932	ENSP00000483114.1:p.Phe136Leu	LITAF	ENSG00000189067	GGA3
LITAF	CCSBORF52920	1	CCSBORF14441	LW	3	430G>A	19	NC_000016.10:11549692:C:T	CCSBVarC007931	ENSP00000483114.1:p.Val144Met	LITAF	ENSG00000189067	GGA3
LITAF	CCSBORF52920	1	CCSBORF14441	LW	3	479G>A	11	NC_000016.10:11549643:C:T	CCSBVarC007930	ENSP00000483114.1:p.Arg160His	LITAF	ENSG00000189067	GGA3
LITAF	CCSBORF52920	1	CCSBORF1863	LW	3	REF	426	NULL	NULL	NULL	LITAF	ENSG00000189067	STAM2
LITAF	CCSBORF52920	1	CCSBORF1863	LW	3	115C>T	1714	NC_000016.10:11556615:G:A	CCSBVarC007943	ENSP00000483114.1:p.Pro39Ser	LITAF	ENSG00000189067	STAM2
LITAF	CCSBORF52920	1	CCSBORF1863	LW	3	146C>T	1399	NC_000016.10:11556584:G:A	CCSBVarC002193	ENSP00000483114.1:p.Thr49Met	LITAF	ENSG00000189067	STAM2
LITAF	CCSBORF52920	1	CCSBORF1863	LW	3	251C>T	1384	NC_000016.10:11553658:G:A	CCSBVarC007939	ENSP00000483114.1:p.Pro84Leu	LITAF	ENSG00000189067	STAM2
LITAF	CCSBORF52920	1	CCSBORF1863	LW	3	332C>G	2646	NC_000016.10:11553577:G:C	CCSBVarC002194	ENSP00000483114.1:p.Ala111Gly	LITAF	ENSG00000189067	STAM2
LITAF	CCSBORF52920	1	CCSBORF1863	LW	3	344C>A	2090	NC_000016.10:11553565:G:T	CCSBVarC006148	ENSP00000483114.1:p.Thr115Asn	LITAF	ENSG00000189067	STAM2
LITAF	CCSBORF52920	1	CCSBORF1863	LW	3	346T>G	44	NC_000016.10:11553563:A:C	CCSBVarC007938	ENSP00000483114.1:p.Trp116Gly	LITAF	ENSG00000189067	STAM2
LITAF	CCSBORF52920	1	CCSBORF1863	LW	3	352T>C	2884	NC_000016.10:11553557:A:G	CCSBVarC007937	ENSP00000483114.1:p.Ser118Pro	LITAF	ENSG00000189067	STAM2
LITAF	CCSBORF52920	1	CCSBORF1863	LW	3	364C>G	93	NC_000016.10:11553545:G:C	CCSBVarC006149	ENSP00000483114.1:p.Leu122Val	LITAF	ENSG00000189067	STAM2
LITAF	CCSBORF52920	1	CCSBORF1863	LW	3	386C>T	1954	NC_000016.10:11549736:G:A	CCSBVarC007936	ENSP00000483114.1:p.Ala129Val	LITAF	ENSG00000189067	STAM2
LITAF	CCSBORF52920	1	CCSBORF1863	LW	3	388G>A	989	NC_000016.10:11549734:C:T	CCSBVarC007935	ENSP00000483114.1:p.Gly130Ser	LITAF	ENSG00000189067	STAM2
LITAF	CCSBORF52920	1	CCSBORF1863	LW	3	403C>T	1062	NC_000016.10:11549719:G:A	CCSBVarC002196	ENSP00000483114.1:p.Pro135Ser	LITAF	ENSG00000189067	STAM2
LITAF	CCSBORF52920	1	CCSBORF1863	LW	3	404C>G	1301	NC_000016.10:11549718:G:C	CCSBVarC007933	ENSP00000483114.1:p.Pro135Arg	LITAF	ENSG00000189067	STAM2
LITAF	CCSBORF52920	1	CCSBORF1863	LW	3	408C>A	1226	NC_000016.10:11549714:G:T	CCSBVarC007932	ENSP00000483114.1:p.Phe136Leu	LITAF	ENSG00000189067	STAM2
LITAF	CCSBORF52920	1	CCSBORF1863	LW	3	430G>A	10	NC_000016.10:11549692:C:T	CCSBVarC007931	ENSP00000483114.1:p.Val144Met	LITAF	ENSG00000189067	STAM2
LITAF	CCSBORF52920	1	CCSBORF1863	LW	3	479G>A	42	NC_000016.10:11549643:C:T	CCSBVarC007930	ENSP00000483114.1:p.Arg160His	LITAF	ENSG00000189067	STAM2
LITAF	CCSBORF52920	1	CCSBORF11567	LW	3	REF	2921	NULL	NULL	NULL	LITAF	ENSG00000189067	TAX1BP1
LITAF	CCSBORF52920	1	CCSBORF11567	LW	3	115C>T	2363	NC_000016.10:11556615:G:A	CCSBVarC007943	ENSP00000483114.1:p.Pro39Ser	LITAF	ENSG00000189067	TAX1BP1
LITAF	CCSBORF52920	1	CCSBORF11567	LW	3	146C>T	1623	NC_000016.10:11556584:G:A	CCSBVarC002193	ENSP00000483114.1:p.Thr49Met	LITAF	ENSG00000189067	TAX1BP1
LITAF	CCSBORF52920	1	CCSBORF11567	LW	3	251C>T	2207	NC_000016.10:11553658:G:A	CCSBVarC007939	ENSP00000483114.1:p.Pro84Leu	LITAF	ENSG00000189067	TAX1BP1
LITAF	CCSBORF52920	1	CCSBORF11567	LW	3	332C>G	3694	NC_000016.10:11553577:G:C	CCSBVarC002194	ENSP00000483114.1:p.Ala111Gly	LITAF	ENSG00000189067	TAX1BP1
LITAF	CCSBORF52920	1	CCSBORF11567	LW	3	344C>A	4208	NC_000016.10:11553565:G:T	CCSBVarC006148	ENSP00000483114.1:p.Thr115Asn	LITAF	ENSG00000189067	TAX1BP1
LITAF	CCSBORF52920	1	CCSBORF11567	LW	3	346T>G	1108	NC_000016.10:11553563:A:C	CCSBVarC007938	ENSP00000483114.1:p.Trp116Gly	LITAF	ENSG00000189067	TAX1BP1
LITAF	CCSBORF52920	1	CCSBORF11567	LW	3	352T>C	4234	NC_000016.10:11553557:A:G	CCSBVarC007937	ENSP00000483114.1:p.Ser118Pro	LITAF	ENSG00000189067	TAX1BP1
LITAF	CCSBORF52920	1	CCSBORF11567	LW	3	364C>G	1672	NC_000016.10:11553545:G:C	CCSBVarC006149	ENSP00000483114.1:p.Leu122Val	LITAF	ENSG00000189067	TAX1BP1
LITAF	CCSBORF52920	1	CCSBORF11567	LW	3	386C>T	2530	NC_000016.10:11549736:G:A	CCSBVarC007936	ENSP00000483114.1:p.Ala129Val	LITAF	ENSG00000189067	TAX1BP1
LITAF	CCSBORF52920	1	CCSBORF11567	LW	3	388G>A	1747	NC_000016.10:11549734:C:T	CCSBVarC007935	ENSP00000483114.1:p.Gly130Ser	LITAF	ENSG00000189067	TAX1BP1
LITAF	CCSBORF52920	1	CCSBORF11567	LW	3	403C>T	2198	NC_000016.10:11549719:G:A	CCSBVarC002196	ENSP00000483114.1:p.Pro135Ser	LITAF	ENSG00000189067	TAX1BP1
LITAF	CCSBORF52920	1	CCSBORF11567	LW	3	404C>G	2047	NC_000016.10:11549718:G:C	CCSBVarC007933	ENSP00000483114.1:p.Pro135Arg	LITAF	ENSG00000189067	TAX1BP1
LITAF	CCSBORF52920	1	CCSBORF11567	LW	3	408C>A	2535	NC_000016.10:11549714:G:T	CCSBVarC007932	ENSP00000483114.1:p.Phe136Leu	LITAF	ENSG00000189067	TAX1BP1
LITAF	CCSBORF52920	1	CCSBORF11567	LW	3	430G>A	301	NC_000016.10:11549692:C:T	CCSBVarC007931	ENSP00000483114.1:p.Val144Met	LITAF	ENSG00000189067	TAX1BP1
LITAF	CCSBORF52920	1	CCSBORF11567	LW	3	479G>A	683	NC_000016.10:11549643:C:T	CCSBVarC007930	ENSP00000483114.1:p.Arg160His	LITAF	ENSG00000189067	TAX1BP1
LITAF	CCSBORF52920	1	CCSBORF11132	LW	3	REF	577	NULL	NULL	NULL	LITAF	ENSG00000189067	EPN1
LITAF	CCSBORF52920	1	CCSBORF11132	LW	3	115C>T	2334	NC_000016.10:11556615:G:A	CCSBVarC007943	ENSP00000483114.1:p.Pro39Ser	LITAF	ENSG00000189067	EPN1
LITAF	CCSBORF52920	1	CCSBORF11132	LW	3	146C>T	1565	NC_000016.10:11556584:G:A	CCSBVarC002193	ENSP00000483114.1:p.Thr49Met	LITAF	ENSG00000189067	EPN1
LITAF	CCSBORF52920	1	CCSBORF11132	LW	3	251C>T	1599	NC_000016.10:11553658:G:A	CCSBVarC007939	ENSP00000483114.1:p.Pro84Leu	LITAF	ENSG00000189067	EPN1
LITAF	CCSBORF52920	1	CCSBORF11132	LW	3	332C>G	3689	NC_000016.10:11553577:G:C	CCSBVarC002194	ENSP00000483114.1:p.Ala111Gly	LITAF	ENSG00000189067	EPN1
LITAF	CCSBORF52920	1	CCSBORF11132	LW	3	344C>A	4152	NC_000016.10:11553565:G:T	CCSBVarC006148	ENSP00000483114.1:p.Thr115Asn	LITAF	ENSG00000189067	EPN1
LITAF	CCSBORF52920	1	CCSBORF11132	LW	3	346T>G	0	NC_000016.10:11553563:A:C	CCSBVarC007938	ENSP00000483114.1:p.Trp116Gly	LITAF	ENSG00000189067	EPN1
LITAF	CCSBORF52920	1	CCSBORF11132	LW	3	352T>C	4547	NC_000016.10:11553557:A:G	CCSBVarC007937	ENSP00000483114.1:p.Ser118Pro	LITAF	ENSG00000189067	EPN1
LITAF	CCSBORF52920	1	CCSBORF11132	LW	3	364C>G	10	NC_000016.10:11553545:G:C	CCSBVarC006149	ENSP00000483114.1:p.Leu122Val	LITAF	ENSG00000189067	EPN1
LITAF	CCSBORF52920	1	CCSBORF11132	LW	3	386C>T	2794	NC_000016.10:11549736:G:A	CCSBVarC007936	ENSP00000483114.1:p.Ala129Val	LITAF	ENSG00000189067	EPN1
LITAF	CCSBORF52920	1	CCSBORF11132	LW	3	388G>A	1786	NC_000016.10:11549734:C:T	CCSBVarC007935	ENSP00000483114.1:p.Gly130Ser	LITAF	ENSG00000189067	EPN1
LITAF	CCSBORF52920	1	CCSBORF11132	LW	3	403C>T	1638	NC_000016.10:11549719:G:A	CCSBVarC002196	ENSP00000483114.1:p.Pro135Ser	LITAF	ENSG00000189067	EPN1
LITAF	CCSBORF52920	1	CCSBORF11132	LW	3	404C>G	2380	NC_000016.10:11549718:G:C	CCSBVarC007933	ENSP00000483114.1:p.Pro135Arg	LITAF	ENSG00000189067	EPN1
LITAF	CCSBORF52920	1	CCSBORF11132	LW	3	408C>A	1963	NC_000016.10:11549714:G:T	CCSBVarC007932	ENSP00000483114.1:p.Phe136Leu	LITAF	ENSG00000189067	EPN1
LITAF	CCSBORF52920	1	CCSBORF11132	LW	3	430G>A	11	NC_000016.10:11549692:C:T	CCSBVarC007931	ENSP00000483114.1:p.Val144Met	LITAF	ENSG00000189067	EPN1
LITAF	CCSBORF52920	1	CCSBORF11132	LW	3	479G>A	6	NC_000016.10:11549643:C:T	CCSBVarC007930	ENSP00000483114.1:p.Arg160His	LITAF	ENSG00000189067	EPN1
LITAF	CCSBORF52920	1	CCSBORF71715	LW	3	REF	796	NULL	NULL	NULL	LITAF	ENSG00000189067	EPN2
LITAF	CCSBORF52920	1	CCSBORF71715	LW	3	115C>T	2826	NC_000016.10:11556615:G:A	CCSBVarC007943	ENSP00000483114.1:p.Pro39Ser	LITAF	ENSG00000189067	EPN2
LITAF	CCSBORF52920	1	CCSBORF71715	LW	3	146C>T	1934	NC_000016.10:11556584:G:A	CCSBVarC002193	ENSP00000483114.1:p.Thr49Met	LITAF	ENSG00000189067	EPN2
LITAF	CCSBORF52920	1	CCSBORF71715	LW	3	251C>T	2316	NC_000016.10:11553658:G:A	CCSBVarC007939	ENSP00000483114.1:p.Pro84Leu	LITAF	ENSG00000189067	EPN2
LITAF	CCSBORF52920	1	CCSBORF71715	LW	3	332C>G	4284	NC_000016.10:11553577:G:C	CCSBVarC002194	ENSP00000483114.1:p.Ala111Gly	LITAF	ENSG00000189067	EPN2
LITAF	CCSBORF52920	1	CCSBORF71715	LW	3	344C>A	4737	NC_000016.10:11553565:G:T	CCSBVarC006148	ENSP00000483114.1:p.Thr115Asn	LITAF	ENSG00000189067	EPN2
LITAF	CCSBORF52920	1	CCSBORF71715	LW	3	346T>G	7	NC_000016.10:11553563:A:C	CCSBVarC007938	ENSP00000483114.1:p.Trp116Gly	LITAF	ENSG00000189067	EPN2
LITAF	CCSBORF52920	1	CCSBORF71715	LW	3	352T>C	6206	NC_000016.10:11553557:A:G	CCSBVarC007937	ENSP00000483114.1:p.Ser118Pro	LITAF	ENSG00000189067	EPN2
LITAF	CCSBORF52920	1	CCSBORF71715	LW	3	364C>G	10	NC_000016.10:11553545:G:C	CCSBVarC006149	ENSP00000483114.1:p.Leu122Val	LITAF	ENSG00000189067	EPN2
LITAF	CCSBORF52920	1	CCSBORF71715	LW	3	386C>T	3096	NC_000016.10:11549736:G:A	CCSBVarC007936	ENSP00000483114.1:p.Ala129Val	LITAF	ENSG00000189067	EPN2
LITAF	CCSBORF52920	1	CCSBORF71715	LW	3	388G>A	1777	NC_000016.10:11549734:C:T	CCSBVarC007935	ENSP00000483114.1:p.Gly130Ser	LITAF	ENSG00000189067	EPN2
LITAF	CCSBORF52920	1	CCSBORF71715	LW	3	403C>T	1588	NC_000016.10:11549719:G:A	CCSBVarC002196	ENSP00000483114.1:p.Pro135Ser	LITAF	ENSG00000189067	EPN2
LITAF	CCSBORF52920	1	CCSBORF71715	LW	3	404C>G	2642	NC_000016.10:11549718:G:C	CCSBVarC007933	ENSP00000483114.1:p.Pro135Arg	LITAF	ENSG00000189067	EPN2
LITAF	CCSBORF52920	1	CCSBORF71715	LW	3	408C>A	2154	NC_000016.10:11549714:G:T	CCSBVarC007932	ENSP00000483114.1:p.Phe136Leu	LITAF	ENSG00000189067	EPN2
LITAF	CCSBORF52920	1	CCSBORF71715	LW	3	430G>A	18	NC_000016.10:11549692:C:T	CCSBVarC007931	ENSP00000483114.1:p.Val144Met	LITAF	ENSG00000189067	EPN2
LITAF	CCSBORF52920	1	CCSBORF71715	LW	3	479G>A	13	NC_000016.10:11549643:C:T	CCSBVarC007930	ENSP00000483114.1:p.Arg160His	LITAF	ENSG00000189067	EPN2
LITAF	CCSBORF52920	1	CCSBORF56215	LW	3	REF	712	NULL	NULL	NULL	LITAF	ENSG00000189067	HIP1
LITAF	CCSBORF52920	1	CCSBORF56215	LW	3	115C>T	2689	NC_000016.10:11556615:G:A	CCSBVarC007943	ENSP00000483114.1:p.Pro39Ser	LITAF	ENSG00000189067	HIP1
LITAF	CCSBORF52920	1	CCSBORF56215	LW	3	146C>T	1812	NC_000016.10:11556584:G:A	CCSBVarC002193	ENSP00000483114.1:p.Thr49Met	LITAF	ENSG00000189067	HIP1
LITAF	CCSBORF52920	1	CCSBORF56215	LW	3	251C>T	1618	NC_000016.10:11553658:G:A	CCSBVarC007939	ENSP00000483114.1:p.Pro84Leu	LITAF	ENSG00000189067	HIP1
LITAF	CCSBORF52920	1	CCSBORF56215	LW	3	332C>G	3883	NC_000016.10:11553577:G:C	CCSBVarC002194	ENSP00000483114.1:p.Ala111Gly	LITAF	ENSG00000189067	HIP1
LITAF	CCSBORF52920	1	CCSBORF56215	LW	3	344C>A	4673	NC_000016.10:11553565:G:T	CCSBVarC006148	ENSP00000483114.1:p.Thr115Asn	LITAF	ENSG00000189067	HIP1
LITAF	CCSBORF52920	1	CCSBORF56215	LW	3	346T>G	5	NC_000016.10:11553563:A:C	CCSBVarC007938	ENSP00000483114.1:p.Trp116Gly	LITAF	ENSG00000189067	HIP1
LITAF	CCSBORF52920	1	CCSBORF56215	LW	3	352T>C	4935	NC_000016.10:11553557:A:G	CCSBVarC007937	ENSP00000483114.1:p.Ser118Pro	LITAF	ENSG00000189067	HIP1
LITAF	CCSBORF52920	1	CCSBORF56215	LW	3	364C>G	20	NC_000016.10:11553545:G:C	CCSBVarC006149	ENSP00000483114.1:p.Leu122Val	LITAF	ENSG00000189067	HIP1
LITAF	CCSBORF52920	1	CCSBORF56215	LW	3	386C>T	2966	NC_000016.10:11549736:G:A	CCSBVarC007936	ENSP00000483114.1:p.Ala129Val	LITAF	ENSG00000189067	HIP1
LITAF	CCSBORF52920	1	CCSBORF56215	LW	3	388G>A	1476	NC_000016.10:11549734:C:T	CCSBVarC007935	ENSP00000483114.1:p.Gly130Ser	LITAF	ENSG00000189067	HIP1
LITAF	CCSBORF52920	1	CCSBORF56215	LW	3	403C>T	1969	NC_000016.10:11549719:G:A	CCSBVarC002196	ENSP00000483114.1:p.Pro135Ser	LITAF	ENSG00000189067	HIP1
LITAF	CCSBORF52920	1	CCSBORF56215	LW	3	404C>G	2520	NC_000016.10:11549718:G:C	CCSBVarC007933	ENSP00000483114.1:p.Pro135Arg	LITAF	ENSG00000189067	HIP1
LITAF	CCSBORF52920	1	CCSBORF56215	LW	3	408C>A	2349	NC_000016.10:11549714:G:T	CCSBVarC007932	ENSP00000483114.1:p.Phe136Leu	LITAF	ENSG00000189067	HIP1
LITAF	CCSBORF52920	1	CCSBORF56215	LW	3	430G>A	16	NC_000016.10:11549692:C:T	CCSBVarC007931	ENSP00000483114.1:p.Val144Met	LITAF	ENSG00000189067	HIP1
LITAF	CCSBORF52920	1	CCSBORF56215	LW	3	479G>A	3	NC_000016.10:11549643:C:T	CCSBVarC007930	ENSP00000483114.1:p.Arg160His	LITAF	ENSG00000189067	HIP1
LITAF	CCSBORF52920	1	CCSBORF2845	LW	3	REF	618	NULL	NULL	NULL	LITAF	ENSG00000189067	REEP6
LITAF	CCSBORF52920	1	CCSBORF2845	LW	3	115C>T	2647	NC_000016.10:11556615:G:A	CCSBVarC007943	ENSP00000483114.1:p.Pro39Ser	LITAF	ENSG00000189067	REEP6
LITAF	CCSBORF52920	1	CCSBORF2845	LW	3	146C>T	1700	NC_000016.10:11556584:G:A	CCSBVarC002193	ENSP00000483114.1:p.Thr49Met	LITAF	ENSG00000189067	REEP6
LITAF	CCSBORF52920	1	CCSBORF2845	LW	3	251C>T	2331	NC_000016.10:11553658:G:A	CCSBVarC007939	ENSP00000483114.1:p.Pro84Leu	LITAF	ENSG00000189067	REEP6
LITAF	CCSBORF52920	1	CCSBORF2845	LW	3	332C>G	3762	NC_000016.10:11553577:G:C	CCSBVarC002194	ENSP00000483114.1:p.Ala111Gly	LITAF	ENSG00000189067	REEP6
LITAF	CCSBORF52920	1	CCSBORF2845	LW	3	344C>A	4359	NC_000016.10:11553565:G:T	CCSBVarC006148	ENSP00000483114.1:p.Thr115Asn	LITAF	ENSG00000189067	REEP6
LITAF	CCSBORF52920	1	CCSBORF2845	LW	3	346T>G	1	NC_000016.10:11553563:A:C	CCSBVarC007938	ENSP00000483114.1:p.Trp116Gly	LITAF	ENSG00000189067	REEP6
LITAF	CCSBORF52920	1	CCSBORF2845	LW	3	352T>C	4763	NC_000016.10:11553557:A:G	CCSBVarC007937	ENSP00000483114.1:p.Ser118Pro	LITAF	ENSG00000189067	REEP6
LITAF	CCSBORF52920	1	CCSBORF2845	LW	3	364C>G	7	NC_000016.10:11553545:G:C	CCSBVarC006149	ENSP00000483114.1:p.Leu122Val	LITAF	ENSG00000189067	REEP6
LITAF	CCSBORF52920	1	CCSBORF2845	LW	3	386C>T	3147	NC_000016.10:11549736:G:A	CCSBVarC007936	ENSP00000483114.1:p.Ala129Val	LITAF	ENSG00000189067	REEP6
LITAF	CCSBORF52920	1	CCSBORF2845	LW	3	388G>A	1714	NC_000016.10:11549734:C:T	CCSBVarC007935	ENSP00000483114.1:p.Gly130Ser	LITAF	ENSG00000189067	REEP6
LITAF	CCSBORF52920	1	CCSBORF2845	LW	3	403C>T	1870	NC_000016.10:11549719:G:A	CCSBVarC002196	ENSP00000483114.1:p.Pro135Ser	LITAF	ENSG00000189067	REEP6
LITAF	CCSBORF52920	1	CCSBORF2845	LW	3	404C>G	2384	NC_000016.10:11549718:G:C	CCSBVarC007933	ENSP00000483114.1:p.Pro135Arg	LITAF	ENSG00000189067	REEP6
LITAF	CCSBORF52920	1	CCSBORF2845	LW	3	408C>A	2384	NC_000016.10:11549714:G:T	CCSBVarC007932	ENSP00000483114.1:p.Phe136Leu	LITAF	ENSG00000189067	REEP6
LITAF	CCSBORF52920	1	CCSBORF2845	LW	3	430G>A	16	NC_000016.10:11549692:C:T	CCSBVarC007931	ENSP00000483114.1:p.Val144Met	LITAF	ENSG00000189067	REEP6
LITAF	CCSBORF52920	1	CCSBORF2845	LW	3	479G>A	6	NC_000016.10:11549643:C:T	CCSBVarC007930	ENSP00000483114.1:p.Arg160His	LITAF	ENSG00000189067	REEP6
LITAF	CCSBORF52920	1	CCSBORF71001	LW	3	REF	1126	NULL	NULL	NULL	LITAF	ENSG00000189067	UBQLN2
LITAF	CCSBORF52920	1	CCSBORF71001	LW	3	115C>T	2263	NC_000016.10:11556615:G:A	CCSBVarC007943	ENSP00000483114.1:p.Pro39Ser	LITAF	ENSG00000189067	UBQLN2
LITAF	CCSBORF52920	1	CCSBORF71001	LW	3	146C>T	2160	NC_000016.10:11556584:G:A	CCSBVarC002193	ENSP00000483114.1:p.Thr49Met	LITAF	ENSG00000189067	UBQLN2
LITAF	CCSBORF52920	1	CCSBORF71001	LW	3	251C>T	1977	NC_000016.10:11553658:G:A	CCSBVarC007939	ENSP00000483114.1:p.Pro84Leu	LITAF	ENSG00000189067	UBQLN2
LITAF	CCSBORF52920	1	CCSBORF71001	LW	3	332C>G	4311	NC_000016.10:11553577:G:C	CCSBVarC002194	ENSP00000483114.1:p.Ala111Gly	LITAF	ENSG00000189067	UBQLN2
LITAF	CCSBORF52920	1	CCSBORF71001	LW	3	344C>A	4037	NC_000016.10:11553565:G:T	CCSBVarC006148	ENSP00000483114.1:p.Thr115Asn	LITAF	ENSG00000189067	UBQLN2
LITAF	CCSBORF52920	1	CCSBORF71001	LW	3	346T>G	49	NC_000016.10:11553563:A:C	CCSBVarC007938	ENSP00000483114.1:p.Trp116Gly	LITAF	ENSG00000189067	UBQLN2
LITAF	CCSBORF52920	1	CCSBORF71001	LW	3	352T>C	4264	NC_000016.10:11553557:A:G	CCSBVarC007937	ENSP00000483114.1:p.Ser118Pro	LITAF	ENSG00000189067	UBQLN2
LITAF	CCSBORF52920	1	CCSBORF71001	LW	3	364C>G	31	NC_000016.10:11553545:G:C	CCSBVarC006149	ENSP00000483114.1:p.Leu122Val	LITAF	ENSG00000189067	UBQLN2
LITAF	CCSBORF52920	1	CCSBORF71001	LW	3	386C>T	2934	NC_000016.10:11549736:G:A	CCSBVarC007936	ENSP00000483114.1:p.Ala129Val	LITAF	ENSG00000189067	UBQLN2
LITAF	CCSBORF52920	1	CCSBORF71001	LW	3	388G>A	1830	NC_000016.10:11549734:C:T	CCSBVarC007935	ENSP00000483114.1:p.Gly130Ser	LITAF	ENSG00000189067	UBQLN2
LITAF	CCSBORF52920	1	CCSBORF71001	LW	3	403C>T	1838	NC_000016.10:11549719:G:A	CCSBVarC002196	ENSP00000483114.1:p.Pro135Ser	LITAF	ENSG00000189067	UBQLN2
LITAF	CCSBORF52920	1	CCSBORF71001	LW	3	404C>G	2107	NC_000016.10:11549718:G:C	CCSBVarC007933	ENSP00000483114.1:p.Pro135Arg	LITAF	ENSG00000189067	UBQLN2
LITAF	CCSBORF52920	1	CCSBORF71001	LW	3	408C>A	2032	NC_000016.10:11549714:G:T	CCSBVarC007932	ENSP00000483114.1:p.Phe136Leu	LITAF	ENSG00000189067	UBQLN2
LITAF	CCSBORF52920	1	CCSBORF71001	LW	3	430G>A	28	NC_000016.10:11549692:C:T	CCSBVarC007931	ENSP00000483114.1:p.Val144Met	LITAF	ENSG00000189067	UBQLN2
LITAF	CCSBORF52920	1	CCSBORF71001	LW	3	479G>A	53	NC_000016.10:11549643:C:T	CCSBVarC007930	ENSP00000483114.1:p.Arg160His	LITAF	ENSG00000189067	UBQLN2
LITAF	CCSBORF52920	1	CCSBORF3598	LW	3	REF	755	NULL	NULL	NULL	LITAF	ENSG00000189067	DAZAP2
LITAF	CCSBORF52920	1	CCSBORF3598	LW	3	115C>T	2467	NC_000016.10:11556615:G:A	CCSBVarC007943	ENSP00000483114.1:p.Pro39Ser	LITAF	ENSG00000189067	DAZAP2
LITAF	CCSBORF52920	1	CCSBORF3598	LW	3	146C>T	2146	NC_000016.10:11556584:G:A	CCSBVarC002193	ENSP00000483114.1:p.Thr49Met	LITAF	ENSG00000189067	DAZAP2
LITAF	CCSBORF52920	1	CCSBORF3598	LW	3	251C>T	2190	NC_000016.10:11553658:G:A	CCSBVarC007939	ENSP00000483114.1:p.Pro84Leu	LITAF	ENSG00000189067	DAZAP2
LITAF	CCSBORF52920	1	CCSBORF3598	LW	3	332C>G	3035	NC_000016.10:11553577:G:C	CCSBVarC002194	ENSP00000483114.1:p.Ala111Gly	LITAF	ENSG00000189067	DAZAP2
LITAF	CCSBORF52920	1	CCSBORF3598	LW	3	344C>A	4424	NC_000016.10:11553565:G:T	CCSBVarC006148	ENSP00000483114.1:p.Thr115Asn	LITAF	ENSG00000189067	DAZAP2
LITAF	CCSBORF52920	1	CCSBORF3598	LW	3	346T>G	15	NC_000016.10:11553563:A:C	CCSBVarC007938	ENSP00000483114.1:p.Trp116Gly	LITAF	ENSG00000189067	DAZAP2
LITAF	CCSBORF52920	1	CCSBORF3598	LW	3	352T>C	4769	NC_000016.10:11553557:A:G	CCSBVarC007937	ENSP00000483114.1:p.Ser118Pro	LITAF	ENSG00000189067	DAZAP2
LITAF	CCSBORF52920	1	CCSBORF3598	LW	3	364C>G	10	NC_000016.10:11553545:G:C	CCSBVarC006149	ENSP00000483114.1:p.Leu122Val	LITAF	ENSG00000189067	DAZAP2
LITAF	CCSBORF52920	1	CCSBORF3598	LW	3	386C>T	3011	NC_000016.10:11549736:G:A	CCSBVarC007936	ENSP00000483114.1:p.Ala129Val	LITAF	ENSG00000189067	DAZAP2
LITAF	CCSBORF52920	1	CCSBORF3598	LW	3	388G>A	2255	NC_000016.10:11549734:C:T	CCSBVarC007935	ENSP00000483114.1:p.Gly130Ser	LITAF	ENSG00000189067	DAZAP2
LITAF	CCSBORF52920	1	CCSBORF3598	LW	3	403C>T	1495	NC_000016.10:11549719:G:A	CCSBVarC002196	ENSP00000483114.1:p.Pro135Ser	LITAF	ENSG00000189067	DAZAP2
LITAF	CCSBORF52920	1	CCSBORF3598	LW	3	404C>G	2408	NC_000016.10:11549718:G:C	CCSBVarC007933	ENSP00000483114.1:p.Pro135Arg	LITAF	ENSG00000189067	DAZAP2
LITAF	CCSBORF52920	1	CCSBORF3598	LW	3	408C>A	1660	NC_000016.10:11549714:G:T	CCSBVarC007932	ENSP00000483114.1:p.Phe136Leu	LITAF	ENSG00000189067	DAZAP2
LITAF	CCSBORF52920	1	CCSBORF3598	LW	3	430G>A	14	NC_000016.10:11549692:C:T	CCSBVarC007931	ENSP00000483114.1:p.Val144Met	LITAF	ENSG00000189067	DAZAP2
LITAF	CCSBORF52920	1	CCSBORF3598	LW	3	479G>A	22	NC_000016.10:11549643:C:T	CCSBVarC007930	ENSP00000483114.1:p.Arg160His	LITAF	ENSG00000189067	DAZAP2
LITAF	CCSBORF52920	1	CCSBORF0	LW	3	REF	277	NULL	NULL	NULL	LITAF	ENSG00000189067	empty_AD
LITAF	CCSBORF52920	1	CCSBORF0	LW	3	115C>T	2085	NC_000016.10:11556615:G:A	CCSBVarC007943	ENSP00000483114.1:p.Pro39Ser	LITAF	ENSG00000189067	empty_AD
LITAF	CCSBORF52920	1	CCSBORF0	LW	3	146C>T	1484	NC_000016.10:11556584:G:A	CCSBVarC002193	ENSP00000483114.1:p.Thr49Met	LITAF	ENSG00000189067	empty_AD
LITAF	CCSBORF52920	1	CCSBORF0	LW	3	251C>T	1238	NC_000016.10:11553658:G:A	CCSBVarC007939	ENSP00000483114.1:p.Pro84Leu	LITAF	ENSG00000189067	empty_AD
LITAF	CCSBORF52920	1	CCSBORF0	LW	3	332C>G	2778	NC_000016.10:11553577:G:C	CCSBVarC002194	ENSP00000483114.1:p.Ala111Gly	LITAF	ENSG00000189067	empty_AD
LITAF	CCSBORF52920	1	CCSBORF0	LW	3	344C>A	3102	NC_000016.10:11553565:G:T	CCSBVarC006148	ENSP00000483114.1:p.Thr115Asn	LITAF	ENSG00000189067	empty_AD
LITAF	CCSBORF52920	1	CCSBORF0	LW	3	346T>G	11	NC_000016.10:11553563:A:C	CCSBVarC007938	ENSP00000483114.1:p.Trp116Gly	LITAF	ENSG00000189067	empty_AD
LITAF	CCSBORF52920	1	CCSBORF0	LW	3	352T>C	2845	NC_000016.10:11553557:A:G	CCSBVarC007937	ENSP00000483114.1:p.Ser118Pro	LITAF	ENSG00000189067	empty_AD
LITAF	CCSBORF52920	1	CCSBORF0	LW	3	364C>G	21	NC_000016.10:11553545:G:C	CCSBVarC006149	ENSP00000483114.1:p.Leu122Val	LITAF	ENSG00000189067	empty_AD
LITAF	CCSBORF52920	1	CCSBORF0	LW	3	386C>T	2491	NC_000016.10:11549736:G:A	CCSBVarC007936	ENSP00000483114.1:p.Ala129Val	LITAF	ENSG00000189067	empty_AD
LITAF	CCSBORF52920	1	CCSBORF0	LW	3	388G>A	1940	NC_000016.10:11549734:C:T	CCSBVarC007935	ENSP00000483114.1:p.Gly130Ser	LITAF	ENSG00000189067	empty_AD
LITAF	CCSBORF52920	1	CCSBORF0	LW	3	403C>T	1428	NC_000016.10:11549719:G:A	CCSBVarC002196	ENSP00000483114.1:p.Pro135Ser	LITAF	ENSG00000189067	empty_AD
LITAF	CCSBORF52920	1	CCSBORF0	LW	3	404C>G	1767	NC_000016.10:11549718:G:C	CCSBVarC007933	ENSP00000483114.1:p.Pro135Arg	LITAF	ENSG00000189067	empty_AD
LITAF	CCSBORF52920	1	CCSBORF0	LW	3	408C>A	1384	NC_000016.10:11549714:G:T	CCSBVarC007932	ENSP00000483114.1:p.Phe136Leu	LITAF	ENSG00000189067	empty_AD
LITAF	CCSBORF52920	1	CCSBORF0	LW	3	430G>A	12	NC_000016.10:11549692:C:T	CCSBVarC007931	ENSP00000483114.1:p.Val144Met	LITAF	ENSG00000189067	empty_AD
LITAF	CCSBORF52920	1	CCSBORF0	LW	3	479G>A	32	NC_000016.10:11549643:C:T	CCSBVarC007930	ENSP00000483114.1:p.Arg160His	LITAF	ENSG00000189067	empty_AD
